,well,rate,mutant,temp
A192S,A4,0.00013,A192S,50.0
A192S,B4,8e-05,A192S,47.15
A192S,C4,0.00021,A192S,44.3
A192S,D4,0.00407,A192S,41.45
A192S,E4,0.114,A192S,38.6
A192S,F4,0.16,A192S,35.75
A192S,G4,0.162,A192S,32.9
A192S,H4,0.116,A192S,30.05
A192S,A5,-0.00013,A192S,50.0
A192S,B5,0.00013,A192S,47.15
A192S,C5,0.00018,A192S,44.3
A192S,D5,0.00355,A192S,41.45
A192S,E5,0.11,A192S,38.6
A192S,F5,0.136,A192S,35.75
A192S,G5,0.173,A192S,32.9
A192S,H5,0.135,A192S,30.05
A192S,A6,7e-05,A192S,50.0
A192S,B6,8e-05,A192S,47.15
A192S,C6,0.00023,A192S,44.3
A192S,D6,0.00314,A192S,41.45
A192S,E6,0.144,A192S,38.6
A192S,F6,0.132,A192S,35.75
A192S,G6,0.182,A192S,32.9
A192S,H6,0.15,A192S,30.05
A356A,A1,0.0001,A356A,50.0
A356A,B1,0.00019,A356A,47.15
A356A,C1,0.00068,A356A,44.3
A356A,D1,0.0577,A356A,41.45
A356A,E1,0.362,A356A,38.6
A356A,F1,0.437,A356A,35.75
A356A,G1,0.421,A356A,32.9
A356A,H1,0.435,A356A,30.05
A356A,A2,9e-05,A356A,50.0
A356A,B2,0.00015,A356A,47.15
A356A,C2,0.00062,A356A,44.3
A356A,D2,0.0582,A356A,41.45
A356A,E2,0.355,A356A,38.6
A356A,F2,0.388,A356A,35.75
A356A,G2,0.403,A356A,32.9
A356A,H2,0.419,A356A,30.05
A356A,A3,0.0001,A356A,50.0
A356A,B3,0.00016,A356A,47.15
A356A,C3,0.00069,A356A,44.3
A356A,D3,0.0694,A356A,41.45
A356A,E3,0.358,A356A,38.6
A356A,F3,0.367,A356A,35.75
A356A,G3,0.397,A356A,32.9
A356A,H3,0.408,A356A,30.05
A357A,A4,0.000212,A357A,50.0
A357A,B4,0.000207,A357A,47.15
A357A,C4,0.000447,A357A,44.3
A357A,D4,0.0113,A357A,41.45
A357A,E4,0.022,A357A,38.6
A357A,F4,0.0182,A357A,35.75
A357A,G4,0.0203,A357A,32.9
A357A,H4,0.0272,A357A,30.05
A357A,A5,0.000165,A357A,50.0
A357A,B5,0.000202,A357A,47.15
A357A,C5,0.000405,A357A,44.3
A357A,D5,0.00742,A357A,41.45
A357A,E5,0.0207,A357A,38.6
A357A,F5,0.0168,A357A,35.75
A357A,G5,0.019,A357A,32.9
A357A,H5,0.0254,A357A,30.05
A357A,A6,0.000208,A357A,50.0
A357A,B6,0.000209,A357A,47.15
A357A,C6,0.000393,A357A,44.3
A357A,D6,0.00655,A357A,41.45
A357A,E6,0.021,A357A,38.6
A357A,F6,0.0179,A357A,35.75
A357A,G6,0.02,A357A,32.9
A357A,H6,0.0243,A357A,30.05
A408A,A7,0.00011,A408A,50.0
A408A,B7,0.00017,A408A,47.15
A408A,C7,0.00059,A408A,44.3
A408A,D7,0.0515,A408A,41.45
A408A,E7,0.377,A408A,38.6
A408A,F7,0.428,A408A,35.75
A408A,G7,0.431,A408A,32.9
A408A,H7,0.394,A408A,30.05
A408A,A8,0.0001,A408A,50.0
A408A,B8,0.00019,A408A,47.15
A408A,C8,0.00063,A408A,44.3
A408A,D8,0.0626,A408A,41.45
A408A,E8,0.408,A408A,38.6
A408A,F8,0.4,A408A,35.75
A408A,G8,0.449,A408A,32.9
A408A,H8,0.442,A408A,30.05
A408A,A9,-0.00013,A408A,50.0
A408A,B9,0.00017,A408A,47.15
A408A,C9,0.00068,A408A,44.3
A408A,D9,0.0616,A408A,41.45
A408A,E9,0.379,A408A,38.6
A408A,F9,0.423,A408A,35.75
A408A,G9,0.445,A408A,32.9
A408A,H9,0.455,A408A,30.05
C167A,A1,2.74e-05,C167A,50.0
C167A,B1,6.69e-05,C167A,47.15
C167A,C1,0.00065,C167A,44.3
C167A,D1,0.0143,C167A,41.45
C167A,E1,0.104,C167A,38.6
C167A,F1,0.112,C167A,35.75
C167A,G1,0.0979,C167A,32.9
C167A,H1,0.106,C167A,30.05
C167A,A2,1.65e-05,C167A,50.0
C167A,B2,0.00013,C167A,47.15
C167A,C2,0.000672,C167A,44.3
C167A,D2,0.00423,C167A,41.45
C167A,E2,0.0809,C167A,38.6
C167A,F2,0.105,C167A,35.75
C167A,G2,0.109,C167A,32.9
C167A,H2,0.0324,C167A,30.05
C167A,A3,-2.76e-05,C167A,50.0
C167A,B3,3.24e-05,C167A,47.15
C167A,C3,0.000667,C167A,44.3
C167A,D3,0.00917,C167A,41.45
C167A,E3,0.0943,C167A,38.6
C167A,F3,0.106,C167A,35.75
C167A,G3,0.0821,C167A,32.9
C167A,H3,0.0607,C167A,30.05
C167Q,A4,3.39e-05,C167Q,50.0
C167Q,B4,-0.000105,C167Q,47.15
C167Q,C4,0.000145,C167Q,44.3
C167Q,D4,0.00094,C167Q,41.45
C167Q,E4,0.00454,C167Q,38.6
C167Q,F4,0.00633,C167Q,35.75
C167Q,G4,0.00692,C167Q,32.9
C167Q,H4,0.00719,C167Q,30.05
C167Q,A5,-6.06e-05,C167Q,50.0
C167Q,B5,-5.94e-05,C167Q,47.15
C167Q,C5,0.000147,C167Q,44.3
C167Q,D5,0.00083,C167Q,41.45
C167Q,E5,0.0041,C167Q,38.6
C167Q,F5,0.00616,C167Q,35.75
C167Q,G5,0.00669,C167Q,32.9
C167Q,H5,0.00689,C167Q,30.05
C167Q,A6,0.000144,C167Q,50.0
C167Q,B6,5.82e-05,C167Q,47.15
C167Q,C6,0.000125,C167Q,44.3
C167Q,D6,0.000707,C167Q,41.45
C167Q,E6,0.0043,C167Q,38.6
C167Q,F6,0.006,C167Q,35.75
C167Q,G6,0.00702,C167Q,32.9
C167Q,H6,0.00781,C167Q,30.05
D403A,A10,-0.00011,D403A,50.0
D403A,B10,-6e-05,D403A,47.15
D403A,C10,-8e-05,D403A,44.3
D403A,D10,-5e-05,D403A,41.45
D403A,E10,-7e-05,D403A,38.6
D403A,F10,-0.00011,D403A,35.75
D403A,G10,6e-05,D403A,32.9
D403A,H10,5e-05,D403A,30.05
D403A,A11,7e-05,D403A,50.0
D403A,B11,-9e-05,D403A,47.15
D403A,C11,-9e-05,D403A,44.3
D403A,D11,-9e-05,D403A,41.45
D403A,E11,-8e-05,D403A,38.6
D403A,F11,-5e-05,D403A,35.75
D403A,G11,-5e-05,D403A,32.9
D403A,H11,-7e-05,D403A,30.05
D403A,A12,9e-05,D403A,50.0
D403A,B12,-5e-05,D403A,47.15
D403A,C12,-6e-05,D403A,44.3
D403A,D12,-6e-05,D403A,41.45
D403A,E12,-6e-05,D403A,38.6
D403A,F12,-8e-05,D403A,35.75
D403A,G12,0.0001,D403A,32.9
D403A,H12,6e-05,D403A,30.05
E154D,A7,7e-05,E154D,50.0
E154D,B7,-8e-05,E154D,47.15
E154D,C7,0.00015,E154D,44.3
E154D,D7,0.00197,E154D,41.45
E154D,E7,0.017,E154D,38.6
E154D,F7,0.025,E154D,35.75
E154D,G7,0.0294,E154D,32.9
E154D,H7,0.0144,E154D,30.05
E154D,A8,-0.00013,E154D,50.0
E154D,B8,0.00011,E154D,47.15
E154D,C8,0.00027,E154D,44.3
E154D,D8,0.00229,E154D,41.45
E154D,E8,0.0171,E154D,38.6
E154D,F8,0.0233,E154D,35.75
E154D,G8,0.0293,E154D,32.9
E154D,H8,0.0239,E154D,30.05
E154D,A9,0.0001,E154D,50.0
E154D,B9,8e-05,E154D,47.15
E154D,C9,-0.00078,E154D,44.3
E154D,D9,0.0025,E154D,41.45
E154D,E9,0.0155,E154D,38.6
E154D,F9,0.0261,E154D,35.75
E154D,G9,0.0272,E154D,32.9
E154D,H9,0.026,E154D,30.05
E164A,A1,-4.67e-05,E164A,50.0
E164A,B1,-3.52e-05,E164A,47.15
E164A,C1,-3.45e-05,E164A,44.3
E164A,D1,0.000138,E164A,41.45
E164A,E1,8.73e-05,E164A,38.6
E164A,F1,4.12e-05,E164A,35.75
E164A,G1,4.61e-05,E164A,32.9
E164A,H1,3.15e-05,E164A,30.05
E164A,A2,5.21e-05,E164A,50.0
E164A,B2,-4.67e-05,E164A,47.15
E164A,C2,5.21e-05,E164A,44.3
E164A,D2,0.000158,E164A,41.45
E164A,E2,0.000122,E164A,38.6
E164A,F2,5.64e-05,E164A,35.75
E164A,G2,-0.000103,E164A,32.9
E164A,H2,2.73e-05,E164A,30.05
E164A,A3,-4.12e-05,E164A,50.0
E164A,B3,4.48e-05,E164A,47.15
E164A,C3,4.3e-05,E164A,44.3
E164A,D3,5.58e-05,E164A,41.45
E164A,E3,4.67e-05,E164A,38.6
E164A,F3,5.7e-05,E164A,35.75
E164A,G3,2.61e-05,E164A,32.9
E164A,H3,5.64e-05,E164A,30.05
E164G,A7,9e-05,E164G,50.0
E164G,B7,-7e-05,E164G,47.15
E164G,C7,-0.00041,E164G,44.3
E164G,D7,0.00017,E164G,41.45
E164G,E7,-0.00014,E164G,38.6
E164G,F7,-8e-05,E164G,35.75
E164G,G7,0.00014,E164G,32.9
E164G,H7,8e-05,E164G,30.05
E164G,A8,9e-05,E164G,50.0
E164G,B8,0.00018,E164G,47.15
E164G,C8,-0.00015,E164G,44.3
E164G,D8,0.00021,E164G,41.45
E164G,E8,-5e-05,E164G,38.6
E164G,F8,0.00012,E164G,35.75
E164G,G8,-7e-05,E164G,32.9
E164G,H8,0.00014,E164G,30.05
E164G,A9,-7e-05,E164G,50.0
E164G,B9,0.00014,E164G,47.15
E164G,C9,9e-05,E164G,44.3
E164G,D9,-0.00042,E164G,41.45
E164G,E9,-0.00017,E164G,38.6
E164G,F9,0.00012,E164G,35.75
E164G,G9,8e-05,E164G,32.9
E164G,H9,9e-05,E164G,30.05
E164R,A4,-0.00028,E164R,50.0
E164R,B4,-0.000115,E164R,47.15
E164R,C4,-0.000167,E164R,44.3
E164R,D4,-5.45e-05,E164R,41.45
E164R,E4,-0.000133,E164R,38.6
E164R,F4,-0.00012,E164R,35.75
E164R,G4,-7.58e-05,E164R,32.9
E164R,H4,-3.58e-05,E164R,30.05
E164R,A5,-7.52e-05,E164R,50.0
E164R,B5,-9.88e-05,E164R,47.15
E164R,C5,-9.27e-05,E164R,44.3
E164R,D5,0.00319,E164R,41.45
E164R,E5,-5.33e-05,E164R,38.6
E164R,F5,-0.000151,E164R,35.75
E164R,G5,-5.88e-05,E164R,32.9
E164R,H5,-6.24e-05,E164R,30.05
E164R,A6,9.76e-05,E164R,50.0
E164R,B6,-0.000179,E164R,47.15
E164R,C6,-0.000121,E164R,44.3
E164R,D6,-9.76e-05,E164R,41.45
E164R,E6,-5.7e-05,E164R,38.6
E164R,F6,-0.000152,E164R,35.75
E164R,G6,-9.03e-05,E164R,32.9
E164R,H6,-5.03e-05,E164R,30.05
E177A,A4,8e-05,E177A,50.0
E177A,B4,-8e-05,E177A,47.15
E177A,C4,0.00018,E177A,44.3
E177A,D4,0.00393,E177A,41.45
E177A,E4,0.0843,E177A,38.6
E177A,F4,0.0934,E177A,35.75
E177A,G4,0.176,E177A,32.9
E177A,H4,0.195,E177A,30.05
E177A,A5,-0.0001,E177A,50.0
E177A,B5,-8e-05,E177A,47.15
E177A,C5,0.00017,E177A,44.3
E177A,D5,0.00372,E177A,41.45
E177A,E5,0.0875,E177A,38.6
E177A,F5,0.149,E177A,35.75
E177A,G5,0.17,E177A,32.9
E177A,H5,0.198,E177A,30.05
E177A,A6,0.00078,E177A,50.0
E177A,B6,0.0001,E177A,47.15
E177A,C6,0.00024,E177A,44.3
E177A,D6,0.00293,E177A,41.45
E177A,E6,0.0885,E177A,38.6
E177A,F6,0.145,E177A,35.75
E177A,G6,0.168,E177A,32.9
E177A,H6,0.181,E177A,30.05
E177K,A7,9.27e-05,E177K,50.0
E177K,B7,0.000126,E177K,47.15
E177K,C7,-9.58e-05,E177K,44.3
E177K,D7,0.000249,E177K,41.45
E177K,E7,0.00144,E177K,38.6
E177K,F7,0.00412,E177K,35.75
E177K,G7,0.00526,E177K,32.9
E177K,H7,0.00474,E177K,30.05
E177K,A8,7.52e-05,E177K,50.0
E177K,B8,-0.000236,E177K,47.15
E177K,C8,9.88e-05,E177K,44.3
E177K,D8,0.000105,E177K,41.45
E177K,E8,0.00102,E177K,38.6
E177K,F8,0.00383,E177K,35.75
E177K,G8,0.00519,E177K,32.9
E177K,H8,0.00455,E177K,30.05
E177K,A9,9.39e-05,E177K,50.0
E177K,B9,-0.000198,E177K,47.15
E177K,C9,-0.000133,E177K,44.3
E177K,D9,0.00017,E177K,41.45
E177K,E9,0.00105,E177K,38.6
E177K,F9,0.00198,E177K,35.75
E177K,G9,0.00503,E177K,32.9
E177K,H9,0.00438,E177K,30.05
E177L,A4,6.42e-05,E177L,50.0
E177L,B4,8.85e-05,E177L,47.15
E177L,C4,0.000125,E177L,44.3
E177L,D4,0.00219,E177L,41.45
E177L,E4,0.00864,E177L,38.6
E177L,F4,0.00837,E177L,35.75
E177L,G4,0.00833,E177L,32.9
E177L,H4,0.00994,E177L,30.05
E177L,A5,4.61e-05,E177L,50.0
E177L,B5,5.58e-05,E177L,47.15
E177L,C5,0.000107,E177L,44.3
E177L,D5,0.00164,E177L,41.45
E177L,E5,0.0075,E177L,38.6
E177L,F5,0.00807,E177L,35.75
E177L,G5,0.00425,E177L,32.9
E177L,H5,0.00987,E177L,30.05
E177L,A6,7.52e-05,E177L,50.0
E177L,B6,5.39e-05,E177L,47.15
E177L,C6,9.45e-05,E177L,44.3
E177L,D6,0.000347,E177L,41.45
E177L,E6,0.00688,E177L,38.6
E177L,F6,0.00771,E177L,35.75
E177L,G6,0.0103,E177L,32.9
E177L,H6,0.00913,E177L,30.05
E222A,A1,-4.24e-05,E222A,50.0
E222A,B1,-0.000133,E222A,47.15
E222A,C1,0.000178,E222A,44.3
E222A,D1,0.000169,E222A,41.45
E222A,E1,0.00195,E222A,38.6
E222A,F1,0.00502,E222A,35.75
E222A,G1,0.00738,E222A,32.9
E222A,H1,0.00686,E222A,30.05
E222A,A2,-7.39e-05,E222A,50.0
E222A,B2,-0.000154,E222A,47.15
E222A,C2,0.000603,E222A,44.3
E222A,D2,0.000207,E222A,41.45
E222A,E2,0.00193,E222A,38.6
E222A,F2,0.00493,E222A,35.75
E222A,G2,0.00752,E222A,32.9
E222A,H2,0.00686,E222A,30.05
E222A,A3,4.12e-05,E222A,50.0
E222A,B3,-0.000217,E222A,47.15
E222A,C3,0.000347,E222A,44.3
E222A,D3,0.000154,E222A,41.45
E222A,E3,0.00156,E222A,38.6
E222A,F3,0.00447,E222A,35.75
E222A,G3,0.00706,E222A,32.9
E222A,H3,0.00692,E222A,30.05
E222H,A10,0.00013,E222H,50.0
E222H,B10,0.00059,E222H,47.15
E222H,C10,-0.00014,E222H,44.3
E222H,D10,0.00013,E222H,41.45
E222H,E10,0.00036,E222H,38.6
E222H,F10,0.00143,E222H,35.75
E222H,G10,0.00383,E222H,32.9
E222H,H10,0.00487,E222H,30.05
E222H,A11,-0.00022,E222H,50.0
E222H,B11,0.00019,E222H,47.15
E222H,C11,0.00011,E222H,44.3
E222H,D11,0.00013,E222H,41.45
E222H,E11,0.00044,E222H,38.6
E222H,F11,0.00199,E222H,35.75
E222H,G11,0.00334,E222H,32.9
E222H,H11,0.00467,E222H,30.05
E222H,A12,8e-05,E222H,50.0
E222H,B12,-0.00023,E222H,47.15
E222H,C12,-0.00021,E222H,44.3
E222H,D12,0.00041,E222H,41.45
E222H,E12,0.00039,E222H,38.6
E222H,F12,0.00143,E222H,35.75
E222H,G12,0.004,E222H,32.9
E222H,H12,0.00441,E222H,30.05
E222K,A7,4.3e-05,E222K,50.0
E222K,B7,-9.33e-05,E222K,47.15
E222K,C7,0.000641,E222K,44.3
E222K,D7,0.0251,E222K,41.45
E222K,E7,0.183,E222K,38.6
E222K,F7,0.142,E222K,35.75
E222K,G7,0.231,E222K,32.9
E222K,H7,0.208,E222K,30.05
E222K,A8,2.55e-05,E222K,50.0
E222K,B8,-0.000115,E222K,47.15
E222K,C8,0.000652,E222K,44.3
E222K,D8,0.000113,E222K,41.45
E222K,E8,0.0664,E222K,38.6
E222K,F8,0.168,E222K,35.75
E222K,G8,0.197,E222K,32.9
E222K,H8,0.182,E222K,30.05
E222K,A9,-8.91e-05,E222K,50.0
E222K,B9,7.58e-05,E222K,47.15
E222K,C9,0.000258,E222K,44.3
E222K,D9,0.049,E222K,41.45
E222K,E9,0.186,E222K,38.6
E222K,F9,0.197,E222K,35.75
E222K,G9,0.193,E222K,32.9
E222K,H9,0.165,E222K,30.05
E222Q,A10,-5.45e-05,E222Q,50.0
E222Q,B10,7.03e-05,E222Q,47.15
E222Q,C10,0.000364,E222Q,44.3
E222Q,D10,0.0226,E222Q,41.45
E222Q,E10,0.126,E222Q,38.6
E222Q,F10,0.175,E222Q,35.75
E222Q,G10,0.157,E222Q,32.9
E222Q,H10,0.12,E222Q,30.05
E222Q,A11,-9.39e-05,E222Q,50.0
E222Q,B11,6e-05,E222Q,47.15
E222Q,C11,0.000727,E222Q,44.3
E222Q,D11,0.0222,E222Q,41.45
E222Q,E11,0.126,E222Q,38.6
E222Q,F11,0.143,E222Q,35.75
E222Q,G11,0.115,E222Q,32.9
E222Q,H11,0.127,E222Q,30.05
E222Q,A12,-9.94e-05,E222Q,50.0
E222Q,B12,4.91e-05,E222Q,47.15
E222Q,C12,0.000566,E222Q,44.3
E222Q,D12,0.018,E222Q,41.45
E222Q,E12,0.12,E222Q,38.6
E222Q,F12,0.141,E222Q,35.75
E222Q,G12,0.136,E222Q,32.9
E222Q,H12,0.126,E222Q,30.05
E222R,A1,-2.67e-05,E222R,50.0
E222R,B1,3.39e-05,E222R,47.15
E222R,C1,-3.94e-05,E222R,44.3
E222R,D1,4.42e-05,E222R,41.45
E222R,E1,0.000192,E222R,38.6
E222R,F1,0.000297,E222R,35.75
E222R,G1,0.000302,E222R,32.9
E222R,H1,0.000282,E222R,30.05
E222R,A2,-4.97e-05,E222R,50.0
E222R,B2,1.94e-05,E222R,47.15
E222R,C2,-2.67e-05,E222R,44.3
E222R,D2,4.12e-05,E222R,41.45
E222R,E2,0.000174,E222R,38.6
E222R,F2,0.000281,E222R,35.75
E222R,G2,0.000279,E222R,32.9
E222R,H2,0.000264,E222R,30.05
E222R,A3,2.79e-05,E222R,50.0
E222R,B3,1.52e-05,E222R,47.15
E222R,C3,-3.7e-05,E222R,44.3
E222R,D3,4.85e-05,E222R,41.45
E222R,E3,0.000162,E222R,38.6
E222R,F3,0.000281,E222R,35.75
E222R,G3,0.000288,E222R,32.9
E222R,H3,0.000291,E222R,30.05
E222Y,A4,3.64e-05,E222Y,50.0
E222Y,B4,3.27e-05,E222Y,47.15
E222Y,C4,3.27e-05,E222Y,44.3
E222Y,D4,-0.000104,E222Y,41.45
E222Y,E4,4.06e-05,E222Y,38.6
E222Y,F4,0.00013,E222Y,35.75
E222Y,G4,0.000184,E222Y,32.9
E222Y,H4,0.000167,E222Y,30.05
E222Y,A5,-4.24e-05,E222Y,50.0
E222Y,B5,2.18e-05,E222Y,47.15
E222Y,C5,-3.15e-05,E222Y,44.3
E222Y,D5,-4.06e-05,E222Y,41.45
E222Y,E5,4.79e-05,E222Y,38.6
E222Y,F5,0.000133,E222Y,35.75
E222Y,G5,0.000164,E222Y,32.9
E222Y,H5,0.000145,E222Y,30.05
E222Y,A6,-3.15e-05,E222Y,50.0
E222Y,B6,2.36e-05,E222Y,47.15
E222Y,C6,-3.21e-05,E222Y,44.3
E222Y,D6,2.24e-05,E222Y,41.45
E222Y,E6,4.55e-05,E222Y,38.6
E222Y,F6,0.000131,E222Y,35.75
E222Y,G6,0.00017,E222Y,32.9
E222Y,H6,0.000165,E222Y,30.05
E353A,A4,-2.05e-05,E353A,50.0
E353A,B4,-3.34e-05,E353A,47.15
E353A,C4,1.62e-05,E353A,44.3
E353A,D4,1.58e-05,E353A,41.45
E353A,E4,-5.18e-05,E353A,38.6
E353A,F4,-9.2e-05,E353A,35.75
E353A,G4,3.64e-05,E353A,32.9
E353A,H4,-1.41e-05,E353A,30.05
E353A,A5,3.27e-05,E353A,50.0
E353A,B5,-1.84e-05,E353A,47.15
E353A,C5,2.28e-05,E353A,44.3
E353A,D5,-1.74e-05,E353A,41.45
E353A,E5,-7.63e-05,E353A,38.6
E353A,F5,-6.02e-05,E353A,35.75
E353A,G5,-8.34e-05,E353A,32.9
E353A,H5,-7.59e-06,E353A,30.05
E353A,A6,-2.74e-05,E353A,50.0
E353A,B6,-4.08e-05,E353A,47.15
E353A,C6,-2.31e-05,E353A,44.3
E353A,D6,-1.13e-05,E353A,41.45
E353A,E6,-8.61e-05,E353A,38.6
E353A,F6,5.43e-05,E353A,35.75
E353A,G6,-7.4e-05,E353A,32.9
E353A,H6,-1.12e-05,E353A,30.05
E406A,A1,0.000174,E406A,50.0
E406A,B1,9.82e-05,E406A,47.15
E406A,C1,0.000601,E406A,44.3
E406A,D1,0.0296,E406A,41.45
E406A,E1,0.329,E406A,38.6
E406A,F1,0.361,E406A,35.75
E406A,G1,0.348,E406A,32.9
E406A,H1,0.358,E406A,30.05
E406A,A2,4.97e-05,E406A,50.0
E406A,B2,4.67e-05,E406A,47.15
E406A,C2,-0.000405,E406A,44.3
E406A,D2,0.0279,E406A,41.45
E406A,E2,0.346,E406A,38.6
E406A,F2,2.79e-05,E406A,35.75
E406A,G2,0.34,E406A,32.9
E406A,H2,0.288,E406A,30.05
E406A,A3,7.33e-05,E406A,50.0
E406A,B3,-0.000435,E406A,47.15
E406A,C3,0.000427,E406A,44.3
E406A,D3,0.0384,E406A,41.45
E406A,E3,0.369,E406A,38.6
E406A,F3,0.362,E406A,35.75
E406A,G3,0.354,E406A,32.9
E406A,H3,0.388,E406A,30.05
E406D,A7,5.76e-05,E406D,50.0
E406D,B7,-0.000181,E406D,47.15
E406D,C7,-0.000116,E406D,44.3
E406D,D7,0.000214,E406D,41.45
E406D,E7,0.000708,E406D,38.6
E406D,F7,0.000727,E406D,35.75
E406D,G7,0.000693,E406D,32.9
E406D,H7,0.000709,E406D,30.05
E406D,A8,-0.000144,E406D,50.0
E406D,B8,-8.3e-05,E406D,47.15
E406D,C8,6.85e-05,E406D,44.3
E406D,D8,0.000225,E406D,41.45
E406D,E8,0.000657,E406D,38.6
E406D,F8,0.000757,E406D,35.75
E406D,G8,0.000705,E406D,32.9
E406D,H8,0.000714,E406D,30.05
E406D,A9,-3.82e-05,E406D,50.0
E406D,B9,-0.000175,E406D,47.15
E406D,C9,8.55e-05,E406D,44.3
E406D,D9,0.000215,E406D,41.45
E406D,E9,0.000632,E406D,38.6
E406D,F9,0.000681,E406D,35.75
E406D,G9,0.000702,E406D,32.9
E406D,H9,0.000712,E406D,30.05
E426S,A4,8e-05,E426S,50.0
E426S,B4,0.00016,E426S,47.15
E426S,C4,0.00041,E426S,44.3
E426S,D4,0.0257,E426S,41.45
E426S,E4,0.36,E426S,38.6
E426S,F4,0.407,E426S,35.75
E426S,G4,0.448,E426S,32.9
E426S,H4,0.458,E426S,30.05
E426S,A5,0.0001,E426S,50.0
E426S,B5,0.00013,E426S,47.15
E426S,C5,0.00023,E426S,44.3
E426S,D5,0.0222,E426S,41.45
E426S,E5,0.358,E426S,38.6
E426S,F5,0.44,E426S,35.75
E426S,G5,0.468,E426S,32.9
E426S,H5,0.448,E426S,30.05
E426S,A6,9e-05,E426S,50.0
E426S,B6,0.00013,E426S,47.15
E426S,C6,0.00035,E426S,44.3
E426S,D6,0.0163,E426S,41.45
E426S,E6,0.378,E426S,38.6
E426S,F6,0.442,E426S,35.75
E426S,G6,0.452,E426S,32.9
E426S,H6,0.45,E426S,30.05
F415A,A7,-2.91e-05,F415A,50.0
F415A,B7,-8.42e-05,F415A,47.15
F415A,C7,5.39e-05,F415A,44.3
F415A,D7,0.000197,F415A,41.45
F415A,E7,0.000443,F415A,38.6
F415A,F7,0.000508,F415A,35.75
F415A,G7,0.000474,F415A,32.9
F415A,H7,0.000508,F415A,30.05
F415A,A8,0.00132,F415A,50.0
F415A,B8,-1.94e-05,F415A,47.15
F415A,C8,8.48e-05,F415A,44.3
F415A,D8,0.000213,F415A,41.45
F415A,E8,0.000403,F415A,38.6
F415A,F8,0.000494,F415A,35.75
F415A,G8,0.000432,F415A,32.9
F415A,H8,0.000562,F415A,30.05
F415A,A9,-5.58e-05,F415A,50.0
F415A,B9,-3.21e-05,F415A,47.15
F415A,C9,6.12e-05,F415A,44.3
F415A,D9,0.000255,F415A,41.45
F415A,E9,0.000424,F415A,38.6
F415A,F9,0.000508,F415A,35.75
F415A,G9,0.000502,F415A,32.9
F415A,H9,0.000536,F415A,30.05
F415N,A10,6.74e-05,F415N,50.0
F415N,B10,-0.000135,F415N,47.15
F415N,C10,-4.17e-05,F415N,44.3
F415N,D10,-6.45e-05,F415N,41.45
F415N,E10,0.000107,F415N,38.6
F415N,F10,-3.62e-05,F415N,35.75
F415N,G10,-1.75e-05,F415N,32.9
F415N,H10,-3.71e-05,F415N,30.05
F415N,A11,-1.92e-05,F415N,50.0
F415N,B11,-4.38e-05,F415N,47.15
F415N,C11,-4.26e-05,F415N,44.3
F415N,D11,-0.000103,F415N,41.45
F415N,E11,-6.02e-05,F415N,38.6
F415N,F11,1.84e-05,F415N,35.75
F415N,G11,-3.53e-05,F415N,32.9
F415N,H11,-2.99e-05,F415N,30.05
F415N,A12,-4.2e-05,F415N,50.0
F415N,B12,-0.000101,F415N,47.15
F415N,C12,-9.31e-05,F415N,44.3
F415N,D12,-6.66e-05,F415N,41.45
F415N,E12,-0.000226,F415N,38.6
F415N,F12,-3.29e-05,F415N,35.75
F415N,G12,4.41e-05,F415N,32.9
F415N,H12,-6.06e-05,F415N,30.05
F72H,A4,3.79e-05,F72H,50.0
F72H,B4,0.000109,F72H,47.15
F72H,C4,0.000617,F72H,44.3
F72H,D4,0.00349,F72H,41.45
F72H,E4,0.0144,F72H,38.6
F72H,F4,0.0138,F72H,35.75
F72H,G4,0.0181,F72H,32.9
F72H,H4,0.0157,F72H,30.05
F72H,A5,3.73e-05,F72H,50.0
F72H,B5,0.000102,F72H,47.15
F72H,C5,0.000553,F72H,44.3
F72H,D5,0.00363,F72H,41.45
F72H,E5,0.00938,F72H,38.6
F72H,F5,0.014,F72H,35.75
F72H,G5,0.0155,F72H,32.9
F72H,H5,0.0134,F72H,30.05
F72H,A6,2.7e-05,F72H,50.0
F72H,B6,7.92e-05,F72H,47.15
F72H,C6,0.000368,F72H,44.3
F72H,D6,0.00324,F72H,41.45
F72H,E6,0.00845,F72H,38.6
F72H,F6,0.0116,F72H,35.75
F72H,G6,0.018,F72H,32.9
F72H,H6,0.0122,F72H,30.05
G355A,A10,3.03e-05,G355A,50.0
G355A,B10,-4.24e-05,G355A,47.15
G355A,C10,-0.000114,G355A,44.3
G355A,D10,-1.52e-05,G355A,41.45
G355A,E10,9.88e-05,G355A,38.6
G355A,F10,-4.85e-05,G355A,35.75
G355A,G10,-8.67e-05,G355A,32.9
G355A,H10,-8.24e-05,G355A,30.05
G355A,A11,-8.48e-05,G355A,50.0
G355A,B11,-5.15e-05,G355A,47.15
G355A,C11,5.15e-05,G355A,44.3
G355A,D11,-5.03e-05,G355A,41.45
G355A,E11,6.36e-05,G355A,38.6
G355A,F11,-7.76e-05,G355A,35.75
G355A,G11,-7.58e-05,G355A,32.9
G355A,H11,-5.33e-05,G355A,30.05
G355A,A12,6.24e-05,G355A,50.0
G355A,B12,-7.21e-05,G355A,47.15
G355A,C12,-0.000135,G355A,44.3
G355A,D12,-9.27e-05,G355A,41.45
G355A,E12,9.82e-05,G355A,38.6
G355A,F12,-6.06e-05,G355A,35.75
G355A,G12,-5.94e-05,G355A,32.9
G355A,H12,5.33e-05,G355A,30.05
H101R,A4,0.00016,H101R,50.0
H101R,B4,0.00037,H101R,47.15
H101R,C4,0.00109,H101R,44.3
H101R,D4,0.148,H101R,41.45
H101R,E4,0.454,H101R,38.6
H101R,F4,0.505,H101R,35.75
H101R,G4,0.57,H101R,32.9
H101R,H4,0.556,H101R,30.05
H101R,A5,0.00016,H101R,50.0
H101R,B5,0.00023,H101R,47.15
H101R,C5,0.001,H101R,44.3
H101R,D5,0.116,H101R,41.45
H101R,E5,0.47,H101R,38.6
H101R,F5,0.506,H101R,35.75
H101R,G5,0.538,H101R,32.9
H101R,H5,0.553,H101R,30.05
H101R,A6,0.00021,H101R,50.0
H101R,B6,0.00026,H101R,47.15
H101R,C6,0.00091,H101R,44.3
H101R,D6,0.0906,H101R,41.45
H101R,E6,0.451,H101R,38.6
H101R,F6,0.518,H101R,35.75
H101R,G6,0.527,H101R,32.9
H101R,H6,0.52,H101R,30.05
H119A,A1,2.61e-05,H119A,50.0
H119A,B1,2.73e-05,H119A,47.15
H119A,C1,2.24e-05,H119A,44.3
H119A,D1,8.18e-05,H119A,41.45
H119A,E1,0.000325,H119A,38.6
H119A,F1,0.00036,H119A,35.75
H119A,G1,0.000392,H119A,32.9
H119A,H1,0.00039,H119A,30.05
H119A,A2,2.24e-05,H119A,50.0
H119A,B2,4.91e-05,H119A,47.15
H119A,C2,2.48e-05,H119A,44.3
H119A,D2,8.18e-05,H119A,41.45
H119A,E2,0.000355,H119A,38.6
H119A,F2,0.000366,H119A,35.75
H119A,G2,0.000402,H119A,32.9
H119A,H2,0.000415,H119A,30.05
H119A,A3,-6e-05,H119A,50.0
H119A,B3,2.79e-05,H119A,47.15
H119A,C3,2.42e-05,H119A,44.3
H119A,D3,8.42e-05,H119A,41.45
H119A,E3,0.0004,H119A,38.6
H119A,F3,0.000423,H119A,35.75
H119A,G3,0.000385,H119A,32.9
H119A,H3,0.000407,H119A,30.05
H119E,A1,0.000107,H119E,50.0
H119E,B1,4.97e-05,H119E,47.15
H119E,C1,0.000132,H119E,44.3
H119E,D1,3.03e-05,H119E,41.45
H119E,E1,8.79e-05,H119E,38.6
H119E,F1,-3.09e-05,H119E,35.75
H119E,G1,3.39e-05,H119E,32.9
H119E,H1,2.36e-05,H119E,30.05
H119E,A2,4.73e-05,H119E,50.0
H119E,B2,-5.27e-05,H119E,47.15
H119E,C2,-0.00011,H119E,44.3
H119E,D2,7.64e-05,H119E,41.45
H119E,E2,-8.85e-05,H119E,38.6
H119E,F2,4.67e-05,H119E,35.75
H119E,G2,-3.52e-05,H119E,32.9
H119E,H2,2.61e-05,H119E,30.05
H119E,A3,2.97e-05,H119E,50.0
H119E,B3,2.06e-05,H119E,47.15
H119E,C3,-5.7e-05,H119E,44.3
H119E,D3,-8.24e-05,H119E,41.45
H119E,E3,0.000265,H119E,38.6
H119E,F3,-5.09e-05,H119E,35.75
H119E,G3,4.85e-05,H119E,32.9
H119E,H3,3.03e-05,H119E,30.05
H119N,A7,-0.00026,H119N,50.0
H119N,B7,-0.0003,H119N,47.15
H119N,C7,0.00022,H119N,44.3
H119N,D7,-0.00038,H119N,41.45
H119N,E7,0.00034,H119N,38.6
H119N,F7,0.00016,H119N,35.75
H119N,G7,-0.00024,H119N,32.9
H119N,H7,0.00015,H119N,30.05
H119N,A8,-0.0002,H119N,50.0
H119N,B8,0.00031,H119N,47.15
H119N,C8,-0.00037,H119N,44.3
H119N,D8,-0.00018,H119N,41.45
H119N,E8,-0.00029,H119N,38.6
H119N,F8,-0.00023,H119N,35.75
H119N,G8,-0.00041,H119N,32.9
H119N,H8,-0.00011,H119N,30.05
H119N,A9,0.00018,H119N,50.0
H119N,B9,-0.00038,H119N,47.15
H119N,C9,0.0003,H119N,44.3
H119N,D9,-0.00044,H119N,41.45
H119N,E9,0.00015,H119N,38.6
H119N,F9,-0.00019,H119N,35.75
H119N,G9,-0.00023,H119N,32.9
H119N,H9,0.00029,H119N,30.05
H178A,A1,1.72e-05,H178A,50.0
H178A,B1,2.71e-05,H178A,47.15
H178A,C1,1.6e-05,H178A,44.3
H178A,D1,1.62e-05,H178A,41.45
H178A,E1,0.00128,H178A,38.6
H178A,F1,0.00934,H178A,35.75
H178A,G1,0.025,H178A,32.9
H178A,H1,0.0375,H178A,30.05
H178A,A2,-1.81e-05,H178A,50.0
H178A,B2,1.19e-05,H178A,47.15
H178A,C2,6.83e-05,H178A,44.3
H178A,D2,1.86e-05,H178A,41.45
H178A,E2,0.00128,H178A,38.6
H178A,F2,0.00885,H178A,35.75
H178A,G2,0.0252,H178A,32.9
H178A,H2,0.0296,H178A,30.05
H178A,A3,2.49e-05,H178A,50.0
H178A,B3,1.41e-05,H178A,47.15
H178A,C3,2.08e-05,H178A,44.3
H178A,D3,1.68e-05,H178A,41.45
H178A,E3,0.00101,H178A,38.6
H178A,F3,0.0086,H178A,35.75
H178A,G3,0.0223,H178A,32.9
H178A,H3,0.0351,H178A,30.05
H178R,A7,6.67e-05,H178R,50.0
H178R,B7,3.58e-05,H178R,47.15
H178R,C7,-5.09e-05,H178R,44.3
H178R,D7,9.45e-05,H178R,41.45
H178R,E7,3.03e-05,H178R,38.6
H178R,F7,4.42e-05,H178R,35.75
H178R,G7,-3.52e-05,H178R,32.9
H178R,H7,-6.85e-05,H178R,30.05
H178R,A8,-2.97e-05,H178R,50.0
H178R,B8,3.76e-05,H178R,47.15
H178R,C8,-5.45e-05,H178R,44.3
H178R,D8,-5.33e-05,H178R,41.45
H178R,E8,-3.52e-05,H178R,38.6
H178R,F8,-4.67e-05,H178R,35.75
H178R,G8,3.45e-05,H178R,32.9
H178R,H8,-7.64e-05,H178R,30.05
H178R,A9,8.06e-05,H178R,50.0
H178R,B9,-7.88e-05,H178R,47.15
H178R,C9,4.91e-05,H178R,44.3
H178R,D9,-3.94e-05,H178R,41.45
H178R,E9,-4.48e-05,H178R,38.6
H178R,F9,2.67e-05,H178R,35.75
H178R,G9,-4.42e-05,H178R,32.9
H178R,H9,-3.94e-05,H178R,30.05
H315E,A4,4.49e-05,H315E,50.0
H315E,B4,9.28e-05,H315E,47.15
H315E,C4,0.000599,H315E,44.3
H315E,D4,0.013,H315E,41.45
H315E,E4,0.0432,H315E,38.6
H315E,F4,0.0179,H315E,35.75
H315E,G4,0.0292,H315E,32.9
H315E,H4,0.0163,H315E,30.05
H315E,A5,4.8e-05,H315E,50.0
H315E,B5,0.00011,H315E,47.15
H315E,C5,0.000247,H315E,44.3
H315E,D5,0.00424,H315E,41.45
H315E,E5,0.0127,H315E,38.6
H315E,F5,0.0278,H315E,35.75
H315E,G5,0.0287,H315E,32.9
H315E,H5,0.0197,H315E,30.05
H315E,A6,7.05e-05,H315E,50.0
H315E,B6,7.82e-05,H315E,47.15
H315E,C6,0.00012,H315E,44.3
H315E,D6,0.00266,H315E,41.45
H315E,E6,0.0089,H315E,38.6
H315E,F6,0.00844,H315E,35.75
H315E,G6,0.03,H315E,32.9
H315E,H6,0.0151,H315E,30.05
H315N,A1,-2.79e-05,H315N,50.0
H315N,B1,-3.58e-05,H315N,47.15
H315N,C1,4.24e-05,H315N,44.3
H315N,D1,-2.36e-05,H315N,41.45
H315N,E1,0.000111,H315N,38.6
H315N,F1,-2.67e-05,H315N,35.75
H315N,G1,-6.91e-05,H315N,32.9
H315N,H1,-2e-05,H315N,30.05
H315N,A2,3.21e-05,H315N,50.0
H315N,B2,-0.000112,H315N,47.15
H315N,C2,-4.12e-05,H315N,44.3
H315N,D2,-3.76e-05,H315N,41.45
H315N,E2,-2.42e-05,H315N,38.6
H315N,F2,-3.15e-05,H315N,35.75
H315N,G2,-6e-05,H315N,32.9
H315N,H2,1.52e-05,H315N,30.05
H315N,A3,5.64e-05,H315N,50.0
H315N,B3,-2.79e-05,H315N,47.15
H315N,C3,-5.27e-05,H315N,44.3
H315N,D3,-2.97e-05,H315N,41.45
H315N,E3,-5.94e-05,H315N,38.6
H315N,F3,-3.94e-05,H315N,35.75
H315N,G3,-0.000115,H315N,32.9
H315N,H3,-2.42e-05,H315N,30.05
H373R,A4,0.00013,H373R,50.0
H373R,B4,8e-05,H373R,47.15
H373R,C4,0.00021,H373R,44.3
H373R,D4,0.00407,H373R,41.45
H373R,E4,0.114,H373R,38.6
H373R,F4,0.16,H373R,35.75
H373R,G4,0.162,H373R,32.9
H373R,H4,0.116,H373R,30.05
H373R,A5,-0.00013,H373R,50.0
H373R,B5,0.00013,H373R,47.15
H373R,C5,0.00018,H373R,44.3
H373R,D5,0.00355,H373R,41.45
H373R,E5,0.11,H373R,38.6
H373R,F5,0.136,H373R,35.75
H373R,G5,0.173,H373R,32.9
H373R,H5,0.135,H373R,30.05
H373R,A6,7e-05,H373R,50.0
H373R,B6,8e-05,H373R,47.15
H373R,C6,0.00023,H373R,44.3
H373R,D6,0.00314,H373R,41.45
H373R,E6,0.144,H373R,38.6
H373R,F6,0.132,H373R,35.75
H373R,G6,0.182,H373R,32.9
H373R,H6,0.15,H373R,30.05
H379R,A10,9e-05,H379R,50.0
H379R,B10,-0.0001,H379R,47.15
H379R,C10,-0.00016,H379R,44.3
H379R,D10,9e-05,H379R,41.45
H379R,E10,6e-05,H379R,38.6
H379R,F10,-8e-05,H379R,35.75
H379R,G10,-0.00021,H379R,32.9
H379R,H10,-9e-05,H379R,30.05
H379R,A11,-0.00011,H379R,50.0
H379R,B11,-0.00011,H379R,47.15
H379R,C11,8e-05,H379R,44.3
H379R,D11,8e-05,H379R,41.45
H379R,E11,-0.00019,H379R,38.6
H379R,F11,-8e-05,H379R,35.75
H379R,G11,-0.00303,H379R,32.9
H379R,H11,-0.00014,H379R,30.05
H379R,A12,-8e-05,H379R,50.0
H379R,B12,0.00013,H379R,47.15
H379R,C12,-0.0001,H379R,44.3
H379R,D12,-8e-05,H379R,41.45
H379R,E12,-0.00015,H379R,38.6
H379R,F12,9e-05,H379R,35.75
H379R,G12,-0.00011,H379R,32.9
H379R,H12,-8e-05,H379R,30.05
H379T,A7,0.0001,H379T,50.0
H379T,B7,0.00026,H379T,47.15
H379T,C7,-0.0001,H379T,44.3
H379T,D7,0.00012,H379T,41.45
H379T,E7,0.00024,H379T,38.6
H379T,F7,0.00014,H379T,35.75
H379T,G7,0.00013,H379T,32.9
H379T,H7,0.0002,H379T,30.05
H379T,A8,0.00027,H379T,50.0
H379T,B8,0.00019,H379T,47.15
H379T,C8,0.00014,H379T,44.3
H379T,D8,0.00023,H379T,41.45
H379T,E8,0.00011,H379T,38.6
H379T,F8,0.00014,H379T,35.75
H379T,G8,0.00015,H379T,32.9
H379T,H8,0.00017,H379T,30.05
H379T,A9,-0.00015,H379T,50.0
H379T,B9,0.00043,H379T,47.15
H379T,C9,0.00012,H379T,44.3
H379T,D9,0.0001,H379T,41.45
H379T,E9,0.00026,H379T,38.6
H379T,F9,0.00014,H379T,35.75
H379T,G9,0.00094,H379T,32.9
H379T,H9,0.00011,H379T,30.05
I244E,A7,2.67e-05,I244E,50.0
I244E,B7,2.61e-05,I244E,47.15
I244E,C7,7.45e-05,I244E,44.3
I244E,D7,0.00231,I244E,41.45
I244E,E7,0.0186,I244E,38.6
I244E,F7,0.0469,I244E,35.75
I244E,G7,0.0532,I244E,32.9
I244E,H7,0.0522,I244E,30.05
I244E,A8,-0.000101,I244E,50.0
I244E,B8,3.21e-05,I244E,47.15
I244E,C8,0.0001,I244E,44.3
I244E,D8,0.00227,I244E,41.45
I244E,E8,0.0179,I244E,38.6
I244E,F8,0.0467,I244E,35.75
I244E,G8,0.0461,I244E,32.9
I244E,H8,0.0498,I244E,30.05
I244E,A9,-4.73e-05,I244E,50.0
I244E,B9,4.67e-05,I244E,47.15
I244E,C9,0.000231,I244E,44.3
I244E,D9,0.00254,I244E,41.45
I244E,E9,0.0156,I244E,38.6
I244E,F9,0.0448,I244E,35.75
I244E,G9,0.0523,I244E,32.9
I244E,H9,0.0477,I244E,30.05
I244N,A4,2.91e-05,I244N,50.0
I244N,B4,-4.67e-05,I244N,47.15
I244N,C4,4.18e-05,I244N,44.3
I244N,D4,-7.94e-05,I244N,41.45
I244N,E4,0.000106,I244N,38.6
I244N,F4,0.000133,I244N,35.75
I244N,G4,0.000223,I244N,32.9
I244N,H4,0.000282,I244N,30.05
I244N,A5,3.76e-05,I244N,50.0
I244N,B5,-3.33e-05,I244N,47.15
I244N,C5,-2.18e-05,I244N,44.3
I244N,D5,4.48e-05,I244N,41.45
I244N,E5,7.64e-05,I244N,38.6
I244N,F5,0.00023,I244N,35.75
I244N,G5,0.000168,I244N,32.9
I244N,H5,0.000284,I244N,30.05
I244N,A6,-3.76e-05,I244N,50.0
I244N,B6,2.73e-05,I244N,47.15
I244N,C6,2.42e-05,I244N,44.3
I244N,D6,1.7e-05,I244N,41.45
I244N,E6,6.85e-05,I244N,38.6
I244N,F6,0.00025,I244N,35.75
I244N,G6,0.000176,I244N,32.9
I244N,H6,0.000224,I244N,30.05
I300N,A7,3.7e-05,I300N,50.0
I300N,B7,9.39e-05,I300N,47.15
I300N,C7,0.000464,I300N,44.3
I300N,D7,0.00131,I300N,41.45
I300N,E7,0.0063,I300N,38.6
I300N,F7,0.0072,I300N,35.75
I300N,G7,0.00852,I300N,32.9
I300N,H7,0.00491,I300N,30.05
I300N,A8,9.03e-05,I300N,50.0
I300N,B8,7.52e-05,I300N,47.15
I300N,C8,0.00061,I300N,44.3
I300N,D8,0.00129,I300N,41.45
I300N,E8,0.0073,I300N,38.6
I300N,F8,0.00677,I300N,35.75
I300N,G8,0.00963,I300N,32.9
I300N,H8,0.00641,I300N,30.05
I300N,A9,-4.97e-05,I300N,50.0
I300N,B9,6.85e-05,I300N,47.15
I300N,C9,0.000268,I300N,44.3
I300N,D9,0.00166,I300N,41.45
I300N,E9,0.00373,I300N,38.6
I300N,F9,0.0069,I300N,35.75
I300N,G9,0.00841,I300N,32.9
I300N,H9,0.0104,I300N,30.05
I91E,A10,-0.000178,I91E,50.0
I91E,B10,0.000198,I91E,47.15
I91E,C10,0.000359,I91E,44.3
I91E,D10,0.00848,I91E,41.45
I91E,E10,0.0219,I91E,38.6
I91E,F10,0.0248,I91E,35.75
I91E,G10,0.0297,I91E,32.9
I91E,H10,0.0187,I91E,30.05
I91E,A11,-0.00017,I91E,50.0
I91E,B11,0.000377,I91E,47.15
I91E,C11,0.000365,I91E,44.3
I91E,D11,0.00791,I91E,41.45
I91E,E11,0.0201,I91E,38.6
I91E,F11,0.0243,I91E,35.75
I91E,G11,0.0318,I91E,32.9
I91E,H11,0.0263,I91E,30.05
I91E,A12,0.000118,I91E,50.0
I91E,B12,7.52e-05,I91E,47.15
I91E,C12,0.000477,I91E,44.3
I91E,D12,0.0082,I91E,41.45
I91E,E12,0.0196,I91E,38.6
I91E,F12,0.0257,I91E,35.75
I91E,G12,0.0283,I91E,32.9
I91E,H12,0.0253,I91E,30.05
K341A,A4,0.000112,K341A,50.0
K341A,B4,0.000221,K341A,47.15
K341A,C4,0.00061,K341A,44.3
K341A,D4,0.0299,K341A,41.45
K341A,E4,0.313,K341A,38.6
K341A,F4,0.323,K341A,35.75
K341A,G4,0.343,K341A,32.9
K341A,H4,0.338,K341A,30.05
K341A,A5,9.39e-05,K341A,50.0
K341A,B5,0.000187,K341A,47.15
K341A,C5,0.000535,K341A,44.3
K341A,D5,0.0273,K341A,41.45
K341A,E5,0.315,K341A,38.6
K341A,F5,0.323,K341A,35.75
K341A,G5,0.335,K341A,32.9
K341A,H5,0.337,K341A,30.05
K341A,A6,0.000112,K341A,50.0
K341A,B6,0.000227,K341A,47.15
K341A,C6,0.000512,K341A,44.3
K341A,D6,0.0206,K341A,41.45
K341A,E6,0.313,K341A,38.6
K341A,F6,0.337,K341A,35.75
K341A,G6,0.33,K341A,32.9
K341A,H6,0.342,K341A,30.05
L171A,A10,6.02e-05,L171A,50.0
L171A,B10,-6.53e-05,L171A,47.15
L171A,C10,3.59e-05,L171A,44.3
L171A,D10,0.0051,L171A,41.45
L171A,E10,0.0841,L171A,38.6
L171A,F10,0.063,L171A,35.75
L171A,G10,0.153,L171A,32.9
L171A,H10,0.0824,L171A,30.05
L171A,A11,3.56e-05,L171A,50.0
L171A,B11,-4.53e-05,L171A,47.15
L171A,C11,0.000126,L171A,44.3
L171A,D11,0.00416,L171A,41.45
L171A,E11,0.102,L171A,38.6
L171A,F11,0.14,L171A,35.75
L171A,G11,0.133,L171A,32.9
L171A,H11,0.12,L171A,30.05
L171A,A12,4.63e-05,L171A,50.0
L171A,B12,6.68e-05,L171A,47.15
L171A,C12,6.03e-05,L171A,44.3
L171A,D12,0.00372,L171A,41.45
L171A,E12,0.108,L171A,38.6
L171A,F12,0.136,L171A,35.75
L171A,G12,0.157,L171A,32.9
L171A,H12,0.0894,L171A,30.05
L171R,A7,7e-05,L171R,50.0
L171R,B7,-8e-05,L171R,47.15
L171R,C7,0.00015,L171R,44.3
L171R,D7,0.00197,L171R,41.45
L171R,E7,0.017,L171R,38.6
L171R,F7,0.025,L171R,35.75
L171R,G7,0.0294,L171R,32.9
L171R,H7,0.0144,L171R,30.05
L171R,A8,-0.00013,L171R,50.0
L171R,B8,0.00011,L171R,47.15
L171R,C8,0.00027,L171R,44.3
L171R,D8,0.00229,L171R,41.45
L171R,E8,0.0171,L171R,38.6
L171R,F8,0.0233,L171R,35.75
L171R,G8,0.0293,L171R,32.9
L171R,H8,0.0239,L171R,30.05
L171R,A9,0.0001,L171R,50.0
L171R,B9,8e-05,L171R,47.15
L171R,C9,-0.00078,L171R,44.3
L171R,D9,0.0025,L171R,41.45
L171R,E9,0.0155,L171R,38.6
L171R,F9,0.0261,L171R,35.75
L171R,G9,0.0272,L171R,32.9
L171R,H9,0.026,L171R,30.05
L362M,A7,0.000657,L362M,50.0
L362M,B7,0.00021,L362M,47.15
L362M,C7,0.00114,L362M,44.3
L362M,D7,0.074,L362M,41.45
L362M,E7,0.262,L362M,38.6
L362M,F7,0.311,L362M,35.75
L362M,G7,0.35,L362M,32.9
L362M,H7,0.354,L362M,30.05
L362M,A8,0.000201,L362M,50.0
L362M,B8,0.000228,L362M,47.15
L362M,C8,0.000985,L362M,44.3
L362M,D8,0.109,L362M,41.45
L362M,E8,0.291,L362M,38.6
L362M,F8,0.3,L362M,35.75
L362M,G8,0.345,L362M,32.9
L362M,H8,0.347,L362M,30.05
L362M,A9,0.00012,L362M,50.0
L362M,B9,0.000238,L362M,47.15
L362M,C9,0.00118,L362M,44.3
L362M,D9,0.104,L362M,41.45
L362M,E9,0.275,L362M,38.6
L362M,F9,0.285,L362M,35.75
L362M,G9,0.336,L362M,32.9
L362M,H9,0.368,L362M,30.05
M221A,A4,-4.55e-05,M221A,50.0
M221A,B4,-6.24e-05,M221A,47.15
M221A,C4,-7.52e-05,M221A,44.3
M221A,D4,-8.85e-05,M221A,41.45
M221A,E4,6.85e-05,M221A,38.6
M221A,F4,4.79e-05,M221A,35.75
M221A,G4,7.64e-05,M221A,32.9
M221A,H4,7.52e-05,M221A,30.05
M221A,A5,0.00164,M221A,50.0
M221A,B5,-6.36e-05,M221A,47.15
M221A,C5,-0.000134,M221A,44.3
M221A,D5,-7.27e-05,M221A,41.45
M221A,E5,4.73e-05,M221A,38.6
M221A,F5,-0.000102,M221A,35.75
M221A,G5,5.39e-05,M221A,32.9
M221A,H5,5.15e-05,M221A,30.05
M221A,A6,-5.58e-05,M221A,50.0
M221A,B6,7.82e-05,M221A,47.15
M221A,C6,0.00015,M221A,44.3
M221A,D6,-0.000107,M221A,41.45
M221A,E6,6.06e-05,M221A,38.6
M221A,F6,8.42e-05,M221A,35.75
M221A,G6,8e-05,M221A,32.9
M221A,H6,8.24e-05,M221A,30.05
M261D,A10,0.00021,M261D,50.0
M261D,B10,-0.00042,M261D,47.15
M261D,C10,0.00014,M261D,44.3
M261D,D10,0.00019,M261D,41.45
M261D,E10,-0.00033,M261D,38.6
M261D,F10,0.00013,M261D,35.75
M261D,G10,-0.00067,M261D,32.9
M261D,H10,0.00044,M261D,30.05
M261D,A11,0.00024,M261D,50.0
M261D,B11,-0.00034,M261D,47.15
M261D,C11,0.00016,M261D,44.3
M261D,D11,0.00035,M261D,41.45
M261D,E11,0.00023,M261D,38.6
M261D,F11,0.00016,M261D,35.75
M261D,G11,0.00028,M261D,32.9
M261D,H11,0.00054,M261D,30.05
M261D,A12,0.00024,M261D,50.0
M261D,B12,-0.0001,M261D,47.15
M261D,C12,-0.00017,M261D,44.3
M261D,D12,-0.00018,M261D,41.45
M261D,E12,-0.00035,M261D,38.6
M261D,F12,0.00011,M261D,35.75
M261D,G12,0.00026,M261D,32.9
M261D,H12,0.0004,M261D,30.05
M323A,A4,2.07e-05,M323A,50.0
M323A,B4,2.14e-05,M323A,47.15
M323A,C4,4.89e-05,M323A,44.3
M323A,D4,1.71e-05,M323A,41.45
M323A,E4,0.000373,M323A,38.6
M323A,F4,0.00128,M323A,35.75
M323A,G4,0.00163,M323A,32.9
M323A,H4,0.00168,M323A,30.05
M323A,A5,1.44e-05,M323A,50.0
M323A,B5,2.59e-05,M323A,47.15
M323A,C5,-3.08e-05,M323A,44.3
M323A,D5,2.74e-05,M323A,41.45
M323A,E5,0.000378,M323A,38.6
M323A,F5,0.00136,M323A,35.75
M323A,G5,0.00162,M323A,32.9
M323A,H5,0.00182,M323A,30.05
M323A,A6,4.74e-05,M323A,50.0
M323A,B6,2.79e-05,M323A,47.15
M323A,C6,6.02e-05,M323A,44.3
M323A,D6,3.41e-05,M323A,41.45
M323A,E6,0.000409,M323A,38.6
M323A,F6,0.00128,M323A,35.75
M323A,G6,0.00158,M323A,32.9
M323A,H6,0.00159,M323A,30.05
M323K,A1,2.98e-05,M323K,50.0
M323K,B1,2.24e-05,M323K,47.15
M323K,C1,-2.66e-05,M323K,44.3
M323K,D1,2.66e-05,M323K,41.45
M323K,E1,3.53e-05,M323K,38.6
M323K,F1,1.68e-05,M323K,35.75
M323K,G1,2.96e-05,M323K,32.9
M323K,H1,2.47e-05,M323K,30.05
M323K,A2,2.17e-05,M323K,50.0
M323K,B2,-4.02e-05,M323K,47.15
M323K,C2,-4.08e-05,M323K,44.3
M323K,D2,4.91e-05,M323K,41.45
M323K,E2,1.7e-05,M323K,38.6
M323K,F2,-4.71e-05,M323K,35.75
M323K,G2,2.75e-05,M323K,32.9
M323K,H2,3.68e-05,M323K,30.05
M323K,A3,1.12e-05,M323K,50.0
M323K,B3,4.14e-05,M323K,47.15
M323K,C3,-5.92e-05,M323K,44.3
M323K,D3,4.29e-05,M323K,41.45
M323K,E3,-2.15e-05,M323K,38.6
M323K,F3,1.32e-05,M323K,35.75
M323K,G3,3.95e-05,M323K,32.9
M323K,H3,4.36e-05,M323K,30.05
M358T,A10,8.79e-05,M358T,50.0
M358T,B10,0.00013,M358T,47.15
M358T,C10,0.000239,M358T,44.3
M358T,D10,0.014,M358T,41.45
M358T,E10,0.207,M358T,38.6
M358T,F10,0.225,M358T,35.75
M358T,G10,0.251,M358T,32.9
M358T,H10,0.273,M358T,30.05
M358T,A11,0.000213,M358T,50.0
M358T,B11,8.06e-05,M358T,47.15
M358T,C11,0.000271,M358T,44.3
M358T,D11,0.0112,M358T,41.45
M358T,E11,0.215,M358T,38.6
M358T,F11,0.247,M358T,35.75
M358T,G11,0.252,M358T,32.9
M358T,H11,0.258,M358T,30.05
M358T,A12,0.000135,M358T,50.0
M358T,B12,0.000315,M358T,47.15
M358T,C12,0.000236,M358T,44.3
M358T,D12,0.0104,M358T,41.45
M358T,E12,0.225,M358T,38.6
M358T,F12,0.223,M358T,35.75
M358T,G12,0.232,M358T,32.9
M358T,H12,0.266,M358T,30.05
N163A,A4,2.48e-05,N163A,50.0
N163A,B4,-3.03e-05,N163A,47.15
N163A,C4,3.58e-05,N163A,44.3
N163A,D4,0.000172,N163A,41.45
N163A,E4,0.000241,N163A,38.6
N163A,F4,0.000295,N163A,35.75
N163A,G4,0.000278,N163A,32.9
N163A,H4,0.000261,N163A,30.05
N163A,A5,-2.97e-05,N163A,50.0
N163A,B5,2.85e-05,N163A,47.15
N163A,C5,3.27e-05,N163A,44.3
N163A,D5,0.00015,N163A,41.45
N163A,E5,0.000242,N163A,38.6
N163A,F5,0.000271,N163A,35.75
N163A,G5,0.000296,N163A,32.9
N163A,H5,0.000319,N163A,30.05
N163A,A6,4.48e-05,N163A,50.0
N163A,B6,2.91e-05,N163A,47.15
N163A,C6,4.06e-05,N163A,44.3
N163A,D6,0.000142,N163A,41.45
N163A,E6,0.000228,N163A,38.6
N163A,F6,0.000252,N163A,35.75
N163A,G6,0.00027,N163A,32.9
N163A,H6,0.000255,N163A,30.05
N163C,A10,2.91e-05,N163C,50.0
N163C,B10,2.79e-05,N163C,47.15
N163C,C10,5.09e-05,N163C,44.3
N163C,D10,0.000112,N163C,41.45
N163C,E10,0.00015,N163C,38.6
N163C,F10,0.000312,N163C,35.75
N163C,G10,0.000445,N163C,32.9
N163C,H10,0.000381,N163C,30.05
N163C,A11,3.15e-05,N163C,50.0
N163C,B11,2.73e-05,N163C,47.15
N163C,C11,5.09e-05,N163C,44.3
N163C,D11,0.00011,N163C,41.45
N163C,E11,0.000159,N163C,38.6
N163C,F11,0.000302,N163C,35.75
N163C,G11,0.000399,N163C,32.9
N163C,H11,0.000406,N163C,30.05
N163C,A12,4.12e-05,N163C,50.0
N163C,B12,3.88e-05,N163C,47.15
N163C,C12,4.79e-05,N163C,44.3
N163C,D12,0.000138,N163C,41.45
N163C,E12,0.000145,N163C,38.6
N163C,F12,0.00031,N163C,35.75
N163C,G12,0.000458,N163C,32.9
N163C,H12,0.000367,N163C,30.05
N163D,A1,8e-05,N163D,50.0
N163D,B1,5.82e-05,N163D,47.15
N163D,C1,4.55e-05,N163D,44.3
N163D,D1,0.000321,N163D,41.45
N163D,E1,0.00398,N163D,38.6
N163D,F1,0.00492,N163D,35.75
N163D,G1,0.00479,N163D,32.9
N163D,H1,0.00454,N163D,30.05
N163D,A2,-4.06e-05,N163D,50.0
N163D,B2,4.67e-05,N163D,47.15
N163D,C2,4e-05,N163D,44.3
N163D,D2,0.000325,N163D,41.45
N163D,E2,0.0039,N163D,38.6
N163D,F2,0.00478,N163D,35.75
N163D,G2,0.00507,N163D,32.9
N163D,H2,0.00525,N163D,30.05
N163D,A3,-0.000106,N163D,50.0
N163D,B3,8.48e-05,N163D,47.15
N163D,C3,2.73e-05,N163D,44.3
N163D,D3,0.000388,N163D,41.45
N163D,E3,0.00368,N163D,38.6
N163D,F3,0.00469,N163D,35.75
N163D,G3,0.00504,N163D,32.9
N163D,H3,0.00522,N163D,30.05
N163D,A1,8e-05,N163D,50.0
N163D,B1,8e-05,N163D,47.15
N163D,C1,0.00011,N163D,44.3
N163D,D1,0.00029,N163D,41.45
N163D,E1,0.00248,N163D,38.6
N163D,F1,0.00301,N163D,35.75
N163D,G1,0.00315,N163D,32.9
N163D,H1,0.00436,N163D,30.05
N163D,A2,0.0001,N163D,50.0
N163D,B2,0.0001,N163D,47.15
N163D,C2,8e-05,N163D,44.3
N163D,D2,0.00062,N163D,41.45
N163D,E2,0.00227,N163D,38.6
N163D,F2,0.00304,N163D,35.75
N163D,G2,0.00335,N163D,32.9
N163D,H2,0.0049,N163D,30.05
N163D,A3,8e-05,N163D,50.0
N163D,B3,9e-05,N163D,47.15
N163D,C3,0.0001,N163D,44.3
N163D,D3,0.00033,N163D,41.45
N163D,E3,0.00239,N163D,38.6
N163D,F3,0.00306,N163D,35.75
N163D,G3,0.00404,N163D,32.9
N163D,H3,0.00427,N163D,30.05
N220A,A4,0.000133,N220A,50.0
N220A,B4,9.58e-05,N220A,47.15
N220A,C4,0.000133,N220A,44.3
N220A,D4,0.00466,N220A,41.45
N220A,E4,0.0575,N220A,38.6
N220A,F4,0.0722,N220A,35.75
N220A,G4,0.085,N220A,32.9
N220A,H4,0.091,N220A,30.05
N220A,A5,4.12e-05,N220A,50.0
N220A,B5,-9.33e-05,N220A,47.15
N220A,C5,0.000125,N220A,44.3
N220A,D5,0.00443,N220A,41.45
N220A,E5,0.0567,N220A,38.6
N220A,F5,0.0773,N220A,35.75
N220A,G5,0.0929,N220A,32.9
N220A,H5,0.0857,N220A,30.05
N220A,A6,-0.000236,N220A,50.0
N220A,B6,-0.000208,N220A,47.15
N220A,C6,0.000153,N220A,44.3
N220A,D6,0.00327,N220A,41.45
N220A,E6,0.0498,N220A,38.6
N220A,F6,0.0739,N220A,35.75
N220A,G6,0.0744,N220A,32.9
N220A,H6,0.077,N220A,30.05
N220R,A1,4.12e-05,N220R,50.0
N220R,B1,5.21e-05,N220R,47.15
N220R,C1,5.33e-05,N220R,44.3
N220R,D1,0.00093,N220R,41.45
N220R,E1,0.00393,N220R,38.6
N220R,F1,0.00528,N220R,35.75
N220R,G1,0.00488,N220R,32.9
N220R,H1,0.00314,N220R,30.05
N220R,A2,9.7e-05,N220R,50.0
N220R,B2,-7.82e-05,N220R,47.15
N220R,C2,6.3e-05,N220R,44.3
N220R,D2,0.000939,N220R,41.45
N220R,E2,0.00342,N220R,38.6
N220R,F2,0.0054,N220R,35.75
N220R,G2,0.00434,N220R,32.9
N220R,H2,0.00523,N220R,30.05
N220R,A3,5.15e-05,N220R,50.0
N220R,B3,5.45e-05,N220R,47.15
N220R,C3,3.76e-05,N220R,44.3
N220R,D3,0.00119,N220R,41.45
N220R,E3,0.00326,N220R,38.6
N220R,F3,0.00437,N220R,35.75
N220R,G3,0.00472,N220R,32.9
N220R,H3,0.00441,N220R,30.05
N220Y,H4,0.178,N220Y,30.05
N220Y,G4,0.168,N220Y,32.9
N220Y,F4,0.157,N220Y,35.75
N220Y,E4,0.148,N220Y,38.6
N220Y,D4,0.0905,N220Y,41.45
N220Y,C4,0.0613,N220Y,44.3
N220Y,B4,0.0372,N220Y,47.15
N220Y,A4,1.58e-05,N220Y,50.0
N220Y,H5,0.174,N220Y,30.05
N220Y,G5,0.172,N220Y,32.9
N220Y,F5,0.157,N220Y,35.75
N220Y,E5,0.14,N220Y,38.6
N220Y,D5,0.0833,N220Y,41.45
N220Y,C5,0.0485,N220Y,44.3
N220Y,B5,0.0183,N220Y,47.15
N220Y,A5,-2.67e-05,N220Y,50.0
N220Y,H6,0.174,N220Y,30.05
N220Y,G6,0.17,N220Y,32.9
N220Y,F6,0.152,N220Y,35.75
N220Y,E6,0.139,N220Y,38.6
N220Y,D6,0.0787,N220Y,41.45
N220Y,C6,0.0458,N220Y,44.3
N220Y,B6,0.0179,N220Y,47.15
N220Y,A6,2.48e-05,N220Y,50.0
N220G,A7,5.92e-05,N220G,50.0
N220G,B7,6.57e-05,N220G,47.15
N220G,C7,0.000636,N220G,44.3
N220G,D7,0.024,N220G,41.45
N220G,E7,0.037,N220G,38.6
N220G,F7,0.0355,N220G,35.75
N220G,G7,0.0377,N220G,32.9
N220G,H7,0.0322,N220G,30.05
N220G,A8,9.02e-05,N220G,50.0
N220G,B8,0.000133,N220G,47.15
N220G,C8,0.000763,N220G,44.3
N220G,D8,0.028,N220G,41.45
N220G,E8,0.0389,N220G,38.6
N220G,F8,0.0362,N220G,35.75
N220G,G8,0.0365,N220G,32.9
N220G,H8,0.0341,N220G,30.05
N220G,A9,6.71e-05,N220G,50.0
N220G,B9,7.7e-05,N220G,47.15
N220G,C9,0.000734,N220G,44.3
N220G,D9,0.0264,N220G,41.45
N220G,E9,0.0399,N220G,38.6
N220G,F9,0.0386,N220G,35.75
N220G,G9,0.0355,N220G,32.9
N220G,H9,0.032,N220G,30.05
N220H,A1,-0.000113,N220H,50.0
N220H,B1,5.82e-05,N220H,47.15
N220H,C1,-8.12e-05,N220H,44.3
N220H,D1,0.000123,N220H,41.45
N220H,E1,0.000635,N220H,38.6
N220H,F1,0.000881,N220H,35.75
N220H,G1,0.0007,N220H,32.9
N220H,H1,0.000587,N220H,30.05
N220H,A2,6.91e-05,N220H,50.0
N220H,B2,5.27e-05,N220H,47.15
N220H,C2,-0.000101,N220H,44.3
N220H,D2,0.000136,N220H,41.45
N220H,E2,0.000572,N220H,38.6
N220H,F2,0.000786,N220H,35.75
N220H,G2,0.000762,N220H,32.9
N220H,H2,0.000612,N220H,30.05
N220H,A3,9.03e-05,N220H,50.0
N220H,B3,0.000105,N220H,47.15
N220H,C3,7.39e-05,N220H,44.3
N220H,D3,0.000131,N220H,41.45
N220H,E3,0.000608,N220H,38.6
N220H,F3,0.000763,N220H,35.75
N220H,G3,0.000855,N220H,32.9
N220H,H3,0.000447,N220H,30.05
N293A,A7,4.59e-06,N293A,50.0
N293A,B7,4.89e-06,N293A,47.15
N293A,C7,3.08e-06,N293A,44.3
N293A,D7,-3.91e-06,N293A,41.45
N293A,E7,-3.16e-06,N293A,38.6
N293A,F7,3.98e-06,N293A,35.75
N293A,G7,-4.36e-06,N293A,32.9
N293A,H7,4.74e-06,N293A,30.05
N293A,A8,5.34e-06,N293A,50.0
N293A,B8,-3.76e-06,N293A,47.15
N293A,C8,5.49e-06,N293A,44.3
N293A,D8,4.44e-06,N293A,41.45
N293A,E8,-4.51e-06,N293A,38.6
N293A,F8,-3.08e-06,N293A,35.75
N293A,G8,4.66e-06,N293A,32.9
N293A,H8,4.81e-06,N293A,30.05
N293A,A9,-5.19e-06,N293A,50.0
N293A,B9,-5.34e-06,N293A,47.15
N293A,C9,-3.91e-06,N293A,44.3
N293A,D9,4.66e-06,N293A,41.45
N293A,E9,4.44e-06,N293A,38.6
N293A,F9,4.66e-06,N293A,35.75
N293A,G9,4.74e-06,N293A,32.9
N293A,H9,5.94e-06,N293A,30.05
N293C,A4,-7.45e-05,N293C,50.0
N293C,B4,3.39e-05,N293C,47.15
N293C,C4,4.24e-05,N293C,44.3
N293C,D4,0.000739,N293C,41.45
N293C,E4,0.00681,N293C,38.6
N293C,F4,0.00754,N293C,35.75
N293C,G4,0.00902,N293C,32.9
N293C,H4,0.0107,N293C,30.05
N293C,A5,4.42e-05,N293C,50.0
N293C,B5,-0.000115,N293C,47.15
N293C,C5,-4.3e-05,N293C,44.3
N293C,D5,0.000673,N293C,41.45
N293C,E5,0.00712,N293C,38.6
N293C,F5,0.00891,N293C,35.75
N293C,G5,0.0105,N293C,32.9
N293C,H5,0.0109,N293C,30.05
N293C,A6,6.06e-05,N293C,50.0
N293C,B6,4.48e-05,N293C,47.15
N293C,C6,-4.36e-05,N293C,44.3
N293C,D6,0.000466,N293C,41.45
N293C,E6,0.00684,N293C,38.6
N293C,F6,0.00948,N293C,35.75
N293C,G6,0.00707,N293C,32.9
N293C,H6,0.00687,N293C,30.05
N293D,A10,-1.76e-05,N293D,50.0
N293D,B10,3.82e-05,N293D,47.15
N293D,C10,-7.45e-05,N293D,44.3
N293D,D10,2.24e-05,N293D,41.45
N293D,E10,-5.7e-05,N293D,38.6
N293D,F10,-3.76e-05,N293D,35.75
N293D,G10,-5.03e-05,N293D,32.9
N293D,H10,7.58e-05,N293D,30.05
N293D,A11,4.73e-05,N293D,50.0
N293D,B11,2.85e-05,N293D,47.15
N293D,C11,-0.000125,N293D,44.3
N293D,D11,-5.58e-05,N293D,41.45
N293D,E11,2.79e-05,N293D,38.6
N293D,F11,4.85e-05,N293D,35.75
N293D,G11,3.82e-05,N293D,32.9
N293D,H11,-4.61e-05,N293D,30.05
N293D,A12,4.85e-05,N293D,50.0
N293D,B12,5.52e-05,N293D,47.15
N293D,C12,-7.88e-05,N293D,44.3
N293D,D12,6.24e-05,N293D,41.45
N293D,E12,-6.42e-05,N293D,38.6
N293D,F12,-2.36e-05,N293D,35.75
N293D,G12,-3.27e-05,N293D,32.9
N293D,H12,-3.94e-05,N293D,30.05
N293Q,H1 ,0.000539,N293Q,30.05
N293Q,G1,0.0001,N293Q,32.9
N293Q,F1,5.76e-05,N293Q,35.75
N293Q,E1,3.45e-05,N293Q,38.6
N293Q,D1,2.24e-05,N293Q,41.45
N293Q,C1,2.85e-05,N293Q,44.3
N293Q,B1,1.7e-05,N293Q,47.15
N293Q,A1,2.3e-05,N293Q,50.0
N293Q,H2,-0.000708,N293Q,30.05
N293Q,G2,0.000103,N293Q,32.9
N293Q,F2,8.06e-05,N293Q,35.75
N293Q,E2,3.27e-05,N293Q,38.6
N293Q,D2,1.82e-05,N293Q,41.45
N293Q,C2,3.45e-05,N293Q,44.3
N293Q,B2,2.79e-05,N293Q,47.15
N293Q,A2,2.12e-05,N293Q,50.0
N293Q,H3,0.000461,N293Q,30.05
N293Q,G3,4.48e-05,N293Q,32.9
N293Q,F3,4.91e-05,N293Q,35.75
N293Q,E3,0.000253,N293Q,38.6
N293Q,D3,3.58e-05,N293Q,41.45
N293Q,C3,0.000982,N293Q,44.3
N293Q,B3,3.15e-05,N293Q,47.15
N293Q,A3,1.76e-05,N293Q,50.0
N354A,A7,3.03e-05,N354A,50.0
N354A,B7,2e-05,N354A,47.15
N354A,C7,3.03e-05,N354A,44.3
N354A,D7,8.12e-05,N354A,41.45
N354A,E7,0.000184,N354A,38.6
N354A,F7,0.000168,N354A,35.75
N354A,G7,0.00018,N354A,32.9
N354A,H7,0.000178,N354A,30.05
N354A,A8,-2.61e-05,N354A,50.0
N354A,B8,2.55e-05,N354A,47.15
N354A,C8,2.55e-05,N354A,44.3
N354A,D8,8.06e-05,N354A,41.45
N354A,E8,0.000145,N354A,38.6
N354A,F8,0.00021,N354A,35.75
N354A,G8,0.000169,N354A,32.9
N354A,H8,0.000182,N354A,30.05
N354A,A9,-3.21e-05,N354A,50.0
N354A,B9,4.42e-05,N354A,47.15
N354A,C9,-3.03e-05,N354A,44.3
N354A,D9,7.39e-05,N354A,41.45
N354A,E9,0.000147,N354A,38.6
N354A,F9,0.00017,N354A,35.75
N354A,G9,0.000173,N354A,32.9
N354A,H9,0.000194,N354A,30.05
N404A,A10,4.67e-05,N404A,50.0
N404A,B10,2.24e-05,N404A,47.15
N404A,C10,4.91e-05,N404A,44.3
N404A,D10,0.000458,N404A,41.45
N404A,E10,0.000639,N404A,38.6
N404A,F10,0.000667,N404A,35.75
N404A,G10,0.000663,N404A,32.9
N404A,H10,0.000672,N404A,30.05
N404A,A11,4.24e-05,N404A,50.0
N404A,B11,2.48e-05,N404A,47.15
N404A,C11,3.45e-05,N404A,44.3
N404A,D11,0.000439,N404A,41.45
N404A,E11,0.000625,N404A,38.6
N404A,F11,0.000672,N404A,35.75
N404A,G11,0.000671,N404A,32.9
N404A,H11,0.000677,N404A,30.05
N404A,A12,4.18e-05,N404A,50.0
N404A,B12,-7.76e-05,N404A,47.15
N404A,C12,-4.91e-05,N404A,44.3
N404A,D12,0.000448,N404A,41.45
N404A,E12,0.000633,N404A,38.6
N404A,F12,0.000666,N404A,35.75
N404A,G12,0.000668,N404A,32.9
N404A,H12,0.000692,N404A,30.05
N404C,A4,6.55e-05,N404C,50.0
N404C,B4,0.000302,N404C,47.15
N404C,C4,0.00377,N404C,44.3
N404C,D4,0.0345,N404C,41.45
N404C,E4,0.033,N404C,38.6
N404C,F4,0.0331,N404C,35.75
N404C,G4,0.0372,N404C,32.9
N404C,H4,0.0329,N404C,30.05
N404C,A5,6.24e-05,N404C,50.0
N404C,B5,0.000291,N404C,47.15
N404C,C5,0.00355,N404C,44.3
N404C,D5,0.0314,N404C,41.45
N404C,E5,0.0349,N404C,38.6
N404C,F5,0.0386,N404C,35.75
N404C,G5,0.0367,N404C,32.9
N404C,H5,0.0324,N404C,30.05
N404C,A6,6.79e-05,N404C,50.0
N404C,B6,0.000293,N404C,47.15
N404C,C6,0.00301,N404C,44.3
N404C,D6,0.0313,N404C,41.45
N404C,E6,0.0346,N404C,38.6
N404C,F6,0.03,N404C,35.75
N404C,G6,0.0394,N404C,32.9
N404C,H6,0.033,N404C,30.05
P329N,A10,-7.88e-05,P329N,50.0
P329N,B10,-8.3e-05,P329N,47.15
P329N,C10,-7.76e-05,P329N,44.3
P329N,D10,-9.76e-05,P329N,41.45
P329N,E10,6.73e-05,P329N,38.6
P329N,F10,4.48e-05,P329N,35.75
P329N,G10,3.15e-05,P329N,32.9
P329N,H10,0.000379,P329N,30.05
P329N,A11,-8.36e-05,P329N,50.0
P329N,B11,-9.09e-05,P329N,47.15
P329N,C11,-0.000108,P329N,44.3
P329N,D11,-0.000101,P329N,41.45
P329N,E11,-6.55e-05,P329N,38.6
P329N,F11,-3.39e-05,P329N,35.75
P329N,G11,3.94e-05,P329N,32.9
P329N,H11,-5.45e-05,P329N,30.05
P329N,A12,-8.91e-05,P329N,50.0
P329N,B12,-9.52e-05,P329N,47.15
P329N,C12,-7.88e-05,P329N,44.3
P329N,D12,-5.09e-05,P329N,41.45
P329N,E12,6.67e-05,P329N,38.6
P329N,F12,1.39e-05,P329N,35.75
P329N,G12,3.52e-05,P329N,32.9
P329N,H12,3.39e-05,P329N,30.05
Q19A,A10,4.74e-06,Q19A,50.0
Q19A,B10,-3.98e-06,Q19A,47.15
Q19A,C10,4.96e-06,Q19A,44.3
Q19A,D10,-4.14e-06,Q19A,41.45
Q19A,E10,3.61e-06,Q19A,38.6
Q19A,F10,5.94e-06,Q19A,35.75
Q19A,G10,4.59e-06,Q19A,32.9
Q19A,H10,-7.82e-06,Q19A,30.05
Q19A,A11,-7.82e-06,Q19A,50.0
Q19A,B11,-3.76e-06,Q19A,47.15
Q19A,C11,-5.04e-06,Q19A,44.3
Q19A,D11,3.23e-06,Q19A,41.45
Q19A,E11,-4.66e-06,Q19A,38.6
Q19A,F11,3.76e-06,Q19A,35.75
Q19A,G11,4.89e-06,Q19A,32.9
Q19A,H11,5.71e-06,Q19A,30.05
Q19A,A12,5.19e-06,Q19A,50.0
Q19A,B12,-4.59e-06,Q19A,47.15
Q19A,C12,-8.05e-06,Q19A,44.3
Q19A,D12,4.36e-06,Q19A,41.45
Q19A,E12,3.53e-06,Q19A,38.6
Q19A,F12,-7.67e-06,Q19A,35.75
Q19A,G12,4.51e-06,Q19A,32.9
Q19A,H12,4.44e-06,Q19A,30.05
Q19C,A4,-6.18e-05,Q19C,50.0
Q19C,B4,8.36e-05,Q19C,47.15
Q19C,C4,-4.91e-05,Q19C,44.3
Q19C,D4,-5.15e-05,Q19C,41.45
Q19C,E4,6.73e-05,Q19C,38.6
Q19C,F4,9.09e-05,Q19C,35.75
Q19C,G4,7.45e-05,Q19C,32.9
Q19C,H4,8e-05,Q19C,30.05
Q19C,A5,6.42e-05,Q19C,50.0
Q19C,B5,6.12e-05,Q19C,47.15
Q19C,C5,9.09e-05,Q19C,44.3
Q19C,D5,8.97e-05,Q19C,41.45
Q19C,E5,7.76e-05,Q19C,38.6
Q19C,F5,6.97e-05,Q19C,35.75
Q19C,G5,4.48e-05,Q19C,32.9
Q19C,H5,4.67e-05,Q19C,30.05
Q19C,A6,9.21e-05,Q19C,50.0
Q19C,B6,5.88e-05,Q19C,47.15
Q19C,C6,5.52e-05,Q19C,44.3
Q19C,D6,0.000102,Q19C,41.45
Q19C,E6,-0.000195,Q19C,38.6
Q19C,F6,8.18e-05,Q19C,35.75
Q19C,G6,7.21e-05,Q19C,32.9
Q19C,H6,4.42e-05,Q19C,30.05
Q19S,A4,-0.00013,Q19S,50.0
Q19S,B4,0.00022,Q19S,47.15
Q19S,C4,0.00038,Q19S,44.3
Q19S,D4,0.00201,Q19S,41.45
Q19S,E4,0.00771,Q19S,38.6
Q19S,F4,0.0161,Q19S,35.75
Q19S,G4,0.0269,Q19S,32.9
Q19S,H4,0.0222,Q19S,30.05
Q19S,A5,8e-05,Q19S,50.0
Q19S,B5,-0.00023,Q19S,47.15
Q19S,C5,0.00045,Q19S,44.3
Q19S,D5,0.0019,Q19S,41.45
Q19S,E5,0.00569,Q19S,38.6
Q19S,F5,0.0152,Q19S,35.75
Q19S,G5,0.0243,Q19S,32.9
Q19S,H5,0.0231,Q19S,30.05
Q19S,A6,0.0001,Q19S,50.0
Q19S,B6,0.0002,Q19S,47.15
Q19S,C6,-0.00024,Q19S,44.3
Q19S,D6,0.00154,Q19S,41.45
Q19S,E6,0.00801,Q19S,38.6
Q19S,F6,0.0142,Q19S,35.75
Q19S,G6,0.0242,Q19S,32.9
Q19S,H6,0.0226,Q19S,30.05
Q313R,A7,-5.09e-05,Q313R,50.0
Q313R,B7,9.88e-05,Q313R,47.15
Q313R,C7,0.00019,Q313R,44.3
Q313R,D7,0.0138,Q313R,41.45
Q313R,E7,0.0155,Q313R,38.6
Q313R,F7,0.02,Q313R,35.75
Q313R,G7,0.02,Q313R,32.9
Q313R,H7,0.0173,Q313R,30.05
Q313R,A8,4.79e-05,Q313R,50.0
Q313R,B8,5.58e-05,Q313R,47.15
Q313R,C8,0.000222,Q313R,44.3
Q313R,D8,0.016,Q313R,41.45
Q313R,E8,0.0163,Q313R,38.6
Q313R,F8,0.0182,Q313R,35.75
Q313R,G8,0.0172,Q313R,32.9
Q313R,H8,0.0187,Q313R,30.05
Q313R,A9,5.21e-05,Q313R,50.0
Q313R,B9,6.79e-05,Q313R,47.15
Q313R,C9,0.000262,Q313R,44.3
Q313R,D9,0.0135,Q313R,41.45
Q313R,E9,0.0132,Q313R,38.6
Q313R,F9,0.0151,Q313R,35.75
Q313R,G9,0.0168,Q313R,32.9
Q313R,H9,0.0176,Q313R,30.05
Q313R,A10,7.45e-05,Q313R,50.0
Q313R,B10,4.18e-05,Q313R,47.15
Q313R,C10,4.36e-05,Q313R,44.3
Q313R,D10,0.00232,Q313R,41.45
Q313R,E10,0.00552,Q313R,38.6
Q313R,F10,0.00523,Q313R,35.75
Q313R,G10,0.0068,Q313R,32.9
Q313R,H10,0.00574,Q313R,30.05
Q313R,A11,-7.94e-05,Q313R,50.0
Q313R,B11,-4.61e-05,Q313R,47.15
Q313R,C11,0.000115,Q313R,44.3
Q313R,D11,0.00188,Q313R,41.45
Q313R,E11,0.00613,Q313R,38.6
Q313R,F11,0.00508,Q313R,35.75
Q313R,G11,0.00594,Q313R,32.9
Q313R,H11,0.00597,Q313R,30.05
Q313R,A12,6.61e-05,Q313R,50.0
Q313R,B12,5.09e-05,Q313R,47.15
Q313R,C12,0.00013,Q313R,44.3
Q313R,D12,0.00152,Q313R,41.45
Q313R,E12,0.00533,Q313R,38.6
Q313R,F12,0.0048,Q313R,35.75
Q313R,G12,0.00547,Q313R,32.9
Q313R,H12,0.00537,Q313R,30.05
R240A,A1,2.91e-05,R240A,50.0
R240A,B1,4.44e-05,R240A,47.15
R240A,C1,0.000476,R240A,44.3
R240A,D1,0.0114,R240A,41.45
R240A,E1,0.069,R240A,38.6
R240A,F1,0.0814,R240A,35.75
R240A,G1,0.0788,R240A,32.9
R240A,H1,0.0812,R240A,30.05
R240A,A2,3.25e-05,R240A,50.0
R240A,B2,7.28e-05,R240A,47.15
R240A,C2,0.000487,R240A,44.3
R240A,D2,0.0124,R240A,41.45
R240A,E2,0.0636,R240A,38.6
R240A,F2,0.0717,R240A,35.75
R240A,G2,0.0714,R240A,32.9
R240A,H2,0.0798,R240A,30.05
R240A,A3,3.56e-05,R240A,50.0
R240A,B3,3.95e-05,R240A,47.15
R240A,C3,0.000539,R240A,44.3
R240A,D3,0.0141,R240A,41.45
R240A,E3,0.0634,R240A,38.6
R240A,F3,0.0718,R240A,35.75
R240A,G3,0.074,R240A,32.9
R240A,H3,0.0758,R240A,30.05
R240D,A7,-7.45e-05,R240D,50.0
R240D,B7,-0.000155,R240D,47.15
R240D,C7,-9.94e-05,R240D,44.3
R240D,D7,-9.03e-05,R240D,41.45
R240D,E7,-0.000159,R240D,38.6
R240D,F7,-0.000149,R240D,35.75
R240D,G7,3.39e-05,R240D,32.9
R240D,H7,-3.76e-05,R240D,30.05
R240D,A8,8.85e-05,R240D,50.0
R240D,B8,-0.000136,R240D,47.15
R240D,C8,-0.000136,R240D,44.3
R240D,D8,-0.000153,R240D,41.45
R240D,E8,-8.3e-05,R240D,38.6
R240D,F8,-0.000131,R240D,35.75
R240D,G8,3.76e-05,R240D,32.9
R240D,H8,-6.3e-05,R240D,30.05
R240D,A9,-4.18e-05,R240D,50.0
R240D,B9,-7.7e-05,R240D,47.15
R240D,C9,-0.000156,R240D,44.3
R240D,D9,-0.000159,R240D,41.45
R240D,E9,-0.00011,R240D,38.6
R240D,F9,-7.7e-05,R240D,35.75
R240D,G9,-0.000135,R240D,32.9
R240D,H9,-2.97e-05,R240D,30.05
R240E,A7,7.58e-05,R240E,50.0
R240E,B7,4.24e-05,R240E,47.15
R240E,C7,0.000192,R240E,44.3
R240E,D7,-5.27e-05,R240E,41.45
R240E,E7,3.82e-05,R240E,38.6
R240E,F7,5.58e-05,R240E,35.75
R240E,G7,-8.67e-05,R240E,32.9
R240E,H7,4.48e-05,R240E,30.05
R240E,A8,-4.24e-05,R240E,50.0
R240E,B8,6.24e-05,R240E,47.15
R240E,C8,-4.91e-05,R240E,44.3
R240E,D8,-6.73e-05,R240E,41.45
R240E,E8,3.58e-05,R240E,38.6
R240E,F8,5.03e-05,R240E,35.75
R240E,G8,4.55e-05,R240E,32.9
R240E,H8,3.58e-05,R240E,30.05
R240E,A9,0.000386,R240E,50.0
R240E,B9,5.27e-05,R240E,47.15
R240E,C9,5.39e-05,R240E,44.3
R240E,D9,-3.94e-05,R240E,41.45
R240E,E9,-6.18e-05,R240E,38.6
R240E,F9,4.12e-05,R240E,35.75
R240E,G9,6.48e-05,R240E,32.9
R240E,H9,3.52e-05,R240E,30.05
R240K,A10,6.06e-05,R240K,50.0
R240K,B10,8.97e-05,R240K,47.15
R240K,C10,0.00026,R240K,44.3
R240K,D10,0.00892,R240K,41.45
R240K,E10,0.252,R240K,38.6
R240K,F10,0.264,R240K,35.75
R240K,G10,0.315,R240K,32.9
R240K,H10,0.334,R240K,30.05
R240K,A11,7.09e-05,R240K,50.0
R240K,B11,0.000108,R240K,47.15
R240K,C11,0.000236,R240K,44.3
R240K,D11,0.00761,R240K,41.45
R240K,E11,0.254,R240K,38.6
R240K,F11,0.303,R240K,35.75
R240K,G11,0.335,R240K,32.9
R240K,H11,0.334,R240K,30.05
R240K,A12,5.58e-05,R240K,50.0
R240K,B12,9.58e-05,R240K,47.15
R240K,C12,0.000258,R240K,44.3
R240K,D12,0.00712,R240K,41.45
R240K,E12,0.26,R240K,38.6
R240K,F12,0.294,R240K,35.75
R240K,G12,0.301,R240K,32.9
R240K,H12,0.343,R240K,30.05
R76A,A7,-0.00013,R76A,50.0
R76A,B7,-0.00023,R76A,47.15
R76A,C7,0.000123,R76A,44.3
R76A,D7,9.76e-05,R76A,41.45
R76A,E7,0.000244,R76A,38.6
R76A,F7,0.000202,R76A,35.75
R76A,G7,0.000242,R76A,32.9
R76A,H7,0.000163,R76A,30.05
R76A,A8,0.000111,R76A,50.0
R76A,B8,-0.000164,R76A,47.15
R76A,C8,0.000148,R76A,44.3
R76A,D8,0.000146,R76A,41.45
R76A,E8,0.00015,R76A,38.6
R76A,F8,0.000183,R76A,35.75
R76A,G8,0.000164,R76A,32.9
R76A,H8,0.000148,R76A,30.05
R76A,A9,8.06e-05,R76A,50.0
R76A,B9,-0.000222,R76A,47.15
R76A,C9,0.000176,R76A,44.3
R76A,D9,0.000178,R76A,41.45
R76A,E9,0.000155,R76A,38.6
R76A,F9,0.000136,R76A,35.75
R76A,G9,0.000162,R76A,32.9
R76A,H9,0.000182,R76A,30.05
S14A,A1,5.64e-05,S14A,50.0
S14A,B1,5.82e-05,S14A,47.15
S14A,C1,0.00017,S14A,44.3
S14A,D1,0.00977,S14A,41.45
S14A,E1,0.129,S14A,38.6
S14A,F1,0.111,S14A,35.75
S14A,G1,0.145,S14A,32.9
S14A,H1,0.12,S14A,30.05
S14A,A2,4.06e-05,S14A,50.0
S14A,B2,4.73e-05,S14A,47.15
S14A,C2,0.000164,S14A,44.3
S14A,D2,0.0163,S14A,41.45
S14A,E2,0.149,S14A,38.6
S14A,F2,0.155,S14A,35.75
S14A,G2,0.131,S14A,32.9
S14A,H2,0.129,S14A,30.05
S14A,A3,4.24e-05,S14A,50.0
S14A,B3,6.18e-05,S14A,47.15
S14A,C3,0.000206,S14A,44.3
S14A,D3,0.0178,S14A,41.45
S14A,E3,0.143,S14A,38.6
S14A,F3,0.143,S14A,35.75
S14A,G3,0.14,S14A,32.9
S14A,H3,0.127,S14A,30.05
S16A,A10,-5.21e-05,S16A,50.0
S16A,B10,-6.18e-05,S16A,47.15
S16A,C10,0.000115,S16A,44.3
S16A,D10,0.00325,S16A,41.45
S16A,E10,0.0171,S16A,38.6
S16A,F10,0.0222,S16A,35.75
S16A,G10,0.0251,S16A,32.9
S16A,H10,0.0195,S16A,30.05
S16A,A11,9.39e-05,S16A,50.0
S16A,B11,-5.64e-05,S16A,47.15
S16A,C11,8.24e-05,S16A,44.3
S16A,D11,0.00289,S16A,41.45
S16A,E11,0.0184,S16A,38.6
S16A,F11,0.0222,S16A,35.75
S16A,G11,0.0257,S16A,32.9
S16A,H11,0.0207,S16A,30.05
S16A,A12,4.91e-05,S16A,50.0
S16A,B12,7.88e-05,S16A,47.15
S16A,C12,0.000134,S16A,44.3
S16A,D12,0.0028,S16A,41.45
S16A,E12,0.0192,S16A,38.6
S16A,F12,0.0203,S16A,35.75
S16A,G12,0.024,S16A,32.9
S16A,H12,0.0209,S16A,30.05
S16N,A4,-6.48e-05,S16N,50.0
S16N,B4,7.52e-05,S16N,47.15
S16N,C4,-3.39e-05,S16N,44.3
S16N,D4,-8.48e-05,S16N,41.45
S16N,E4,-2.91e-05,S16N,38.6
S16N,F4,-4.61e-05,S16N,35.75
S16N,G4,-3.52e-05,S16N,32.9
S16N,H4,-8.12e-05,S16N,30.05
S16N,A5,-5.64e-05,S16N,50.0
S16N,B5,4.36e-05,S16N,47.15
S16N,C5,-7.15e-05,S16N,44.3
S16N,D5,3.64e-05,S16N,41.45
S16N,E5,-5.21e-05,S16N,38.6
S16N,F5,-3.45e-05,S16N,35.75
S16N,G5,3.64e-05,S16N,32.9
S16N,H5,-7.45e-05,S16N,30.05
S16N,A6,-5.09e-05,S16N,50.0
S16N,B6,-0.000411,S16N,47.15
S16N,C6,-9.39e-05,S16N,44.3
S16N,D6,-6.18e-05,S16N,41.45
S16N,E6,4e-05,S16N,38.6
S16N,F6,2.61e-05,S16N,35.75
S16N,G6,-3.94e-05,S16N,32.9
S16N,H6,4.18e-05,S16N,30.05
S17A,A4,6.06e-05,S17A,50.0
S17A,B4,0.000224,S17A,47.15
S17A,C4,0.00295,S17A,44.3
S17A,D4,0.115,S17A,41.45
S17A,E4,0.185,S17A,38.6
S17A,F4,0.184,S17A,35.75
S17A,G4,0.19,S17A,32.9
S17A,H4,0.168,S17A,30.05
S17A,A5,6.67e-05,S17A,50.0
S17A,B5,0.000205,S17A,47.15
S17A,C5,0.00267,S17A,44.3
S17A,D5,0.108,S17A,41.45
S17A,E5,0.192,S17A,38.6
S17A,F5,0.165,S17A,35.75
S17A,G5,0.168,S17A,32.9
S17A,H5,0.176,S17A,30.05
S17A,A6,5.94e-05,S17A,50.0
S17A,B6,0.000195,S17A,47.15
S17A,C6,0.00245,S17A,44.3
S17A,D6,0.104,S17A,41.45
S17A,E6,0.171,S17A,38.6
S17A,F6,0.19,S17A,35.75
S17A,G6,0.168,S17A,32.9
S17A,H6,0.152,S17A,30.05
S17E,A10,9.76e-05,S17E,50.0
S17E,B10,-0.000188,S17E,47.15
S17E,C10,-6.3e-05,S17E,44.3
S17E,D10,0.000472,S17E,41.45
S17E,E10,0.00214,S17E,38.6
S17E,F10,0.00264,S17E,35.75
S17E,G10,0.00288,S17E,32.9
S17E,H10,0.00281,S17E,30.05
S17E,A11,5.76e-05,S17E,50.0
S17E,B11,-6.55e-05,S17E,47.15
S17E,C11,0.000104,S17E,44.3
S17E,D11,0.000458,S17E,41.45
S17E,E11,0.00211,S17E,38.6
S17E,F11,0.00264,S17E,35.75
S17E,G11,0.00282,S17E,32.9
S17E,H11,0.00301,S17E,30.05
S17E,A12,-4.36e-05,S17E,50.0
S17E,B12,-0.000141,S17E,47.15
S17E,C12,-8.79e-05,S17E,44.3
S17E,D12,0.00036,S17E,41.45
S17E,E12,0.00221,S17E,38.6
S17E,F12,0.00262,S17E,35.75
S17E,G12,0.00305,S17E,32.9
S17E,H12,0.00308,S17E,30.05
S16A,A1,6.18e-05,S16A,50.0
S16A,B1,5.09e-05,S16A,47.15
S16A,C1,5.7e-05,S16A,44.3
S16A,D1,0.000445,S16A,41.45
S16A,E1,0.00202,S16A,38.6
S16A,F1,0.00251,S16A,35.75
S16A,G1,0.00244,S16A,32.9
S16A,H1,0.00287,S16A,30.05
S16A,A2,0.000102,S16A,50.0
S16A,B2,-0.000172,S16A,47.15
S16A,C2,7.03e-05,S16A,44.3
S16A,D2,0.000647,S16A,41.45
S16A,E2,0.0024,S16A,38.6
S16A,F2,0.0024,S16A,35.75
S16A,G2,0.00228,S16A,32.9
S16A,H2,0.00282,S16A,30.05
S16A,A3,7.76e-05,S16A,50.0
S16A,B3,6e-05,S16A,47.15
S16A,C3,6.42e-05,S16A,44.3
S16A,D3,0.000687,S16A,41.45
S16A,E3,0.00226,S16A,38.6
S16A,F3,0.00262,S16A,35.75
S16A,G3,0.00237,S16A,32.9
S16A,H3,0.00279,S16A,30.05
S298E,A1,6.42e-05,S298E,50.0
S298E,B1,8.3e-05,S298E,47.15
S298E,C1,0.00037,S298E,44.3
S298E,D1,0.0227,S298E,41.45
S298E,E1,0.139,S298E,38.6
S298E,F1,0.175,S298E,35.75
S298E,G1,0.179,S298E,32.9
S298E,H1,0.143,S298E,30.05
S298E,A2,5.52e-05,S298E,50.0
S298E,B2,7.21e-05,S298E,47.15
S298E,C2,0.000371,S298E,44.3
S298E,D2,0.023,S298E,41.45
S298E,E2,0.14,S298E,38.6
S298E,F2,0.17,S298E,35.75
S298E,G2,0.18,S298E,32.9
S298E,H2,0.187,S298E,30.05
S298E,A3,-2.36e-05,S298E,50.0
S298E,B3,7.7e-05,S298E,47.15
S298E,C3,0.000361,S298E,44.3
S298E,D3,0.026,S298E,41.45
S298E,E3,0.133,S298E,38.6
S298E,F3,0.158,S298E,35.75
S298E,G3,0.182,S298E,32.9
S298E,H3,0.184,S298E,30.05
S331A,A1,0.00012,S331A,50.0
S331A,B1,0.00013,S331A,47.15
S331A,C1,0.00046,S331A,44.3
S331A,D1,0.00949,S331A,41.45
S331A,E1,0.0323,S331A,38.6
S331A,F1,0.0296,S331A,35.75
S331A,G1,0.0507,S331A,32.9
S331A,H1,0.042,S331A,30.05
S331A,A2,9e-05,S331A,50.0
S331A,B2,0.00017,S331A,47.15
S331A,C2,0.00049,S331A,44.3
S331A,D2,0.00994,S331A,41.45
S331A,E2,0.0258,S331A,38.6
S331A,F2,0.0414,S331A,35.75
S331A,G2,0.0462,S331A,32.9
S331A,H2,0.0396,S331A,30.05
S331A,A3,9e-05,S331A,50.0
S331A,B3,0.00021,S331A,47.15
S331A,C3,0.00078,S331A,44.3
S331A,D3,0.0131,S331A,41.45
S331A,E3,0.0384,S331A,38.6
S331A,F3,0.0427,S331A,35.75
S331A,G3,0.0488,S331A,32.9
S331A,H3,0.0385,S331A,30.05
S400A,A4,3.62e-05,S400A,50.0
S400A,B4,2.27e-05,S400A,47.15
S400A,C4,8.76e-05,S400A,44.3
S400A,D4,0.00192,S400A,41.45
S400A,E4,0.00504,S400A,38.6
S400A,F4,0.00577,S400A,35.75
S400A,G4,0.00585,S400A,32.9
S400A,H4,0.00567,S400A,30.05
S400A,A5,2.74e-05,S400A,50.0
S400A,B5,2.87e-05,S400A,47.15
S400A,C5,5.98e-05,S400A,44.3
S400A,D5,0.00131,S400A,41.45
S400A,E5,0.00452,S400A,38.6
S400A,F5,0.0045,S400A,35.75
S400A,G5,0.00555,S400A,32.9
S400A,H5,0.00594,S400A,30.05
S400A,A6,2.84e-05,S400A,50.0
S400A,B6,2.1e-05,S400A,47.15
S400A,C6,6.49e-05,S400A,44.3
S400A,D6,0.000973,S400A,41.45
S400A,E6,0.00426,S400A,38.6
S400A,F6,0.00341,S400A,35.75
S400A,G6,0.00515,S400A,32.9
S400A,H6,0.00529,S400A,30.05
T15A,A4,0.0001,T15A,50.0
T15A,B4,0.00013,T15A,47.15
T15A,C4,0.00034,T15A,44.3
T15A,D4,0.0265,T15A,41.45
T15A,E4,0.0977,T15A,38.6
T15A,F4,0.134,T15A,35.75
T15A,G4,0.149,T15A,32.9
T15A,H4,0.159,T15A,30.05
T15A,A5,0.0001,T15A,50.0
T15A,B5,0.00032,T15A,47.15
T15A,C5,0.00029,T15A,44.3
T15A,D5,0.0262,T15A,41.45
T15A,E5,0.103,T15A,38.6
T15A,F5,0.114,T15A,35.75
T15A,G5,0.122,T15A,32.9
T15A,H5,0.142,T15A,30.05
T15A,A6,0.0001,T15A,50.0
T15A,B6,-9e-05,T15A,47.15
T15A,C6,0.00029,T15A,44.3
T15A,D6,0.0209,T15A,41.45
T15A,E6,0.1,T15A,38.6
T15A,F6,0.113,T15A,35.75
T15A,G6,0.126,T15A,32.9
T15A,H6,0.14,T15A,30.05
T175R,A1,8.48e-05,T175R,50.0
T175R,B1,4e-05,T175R,47.15
T175R,C1,4.85e-05,T175R,44.3
T175R,D1,0.000159,T175R,41.45
T175R,E1,0.000676,T175R,38.6
T175R,F1,0.00115,T175R,35.75
T175R,G1,0.00136,T175R,32.9
T175R,H1,0.0015,T175R,30.05
T175R,A2,7.52e-05,T175R,50.0
T175R,B2,-3.52e-05,T175R,47.15
T175R,C2,4.3e-05,T175R,44.3
T175R,D2,0.000172,T175R,41.45
T175R,E2,0.000683,T175R,38.6
T175R,F2,0.00112,T175R,35.75
T175R,G2,0.00137,T175R,32.9
T175R,H2,0.00146,T175R,30.05
T175R,A3,2.97e-05,T175R,50.0
T175R,B3,2.24e-05,T175R,47.15
T175R,C3,3.27e-05,T175R,44.3
T175R,D3,0.000166,T175R,41.45
T175R,E3,0.000601,T175R,38.6
T175R,F3,0.00103,T175R,35.75
T175R,G3,0.0013,T175R,32.9
T175R,H3,0.00134,T175R,30.05
T218A,A7,0.00014,T218A,50.0
T218A,B7,0.00032,T218A,47.15
T218A,C7,0.00219,T218A,44.3
T218A,D7,0.0417,T218A,41.45
T218A,E7,0.249,T218A,38.6
T218A,F7,0.286,T218A,35.75
T218A,G7,0.289,T218A,32.9
T218A,H7,0.288,T218A,30.05
T218A,A8,0.00014,T218A,50.0
T218A,B8,0.00034,T218A,47.15
T218A,C8,0.00365,T218A,44.3
T218A,D8,0.0555,T218A,41.45
T218A,E8,0.245,T218A,38.6
T218A,F8,0.265,T218A,35.75
T218A,G8,0.274,T218A,32.9
T218A,H8,0.296,T218A,30.05
T218A,A9,0.00014,T218A,50.0
T218A,B9,0.0007,T218A,47.15
T218A,C9,0.00232,T218A,44.3
T218A,D9,0.0515,T218A,41.45
T218A,E9,0.258,T218A,38.6
T218A,F9,0.268,T218A,35.75
T218A,G9,0.281,T218A,32.9
T218A,H9,0.297,T218A,30.05
T296A,A7,1.78e-05,T296A,50.0
T296A,B7,-2.29e-05,T296A,47.15
T296A,C7,1.74e-05,T296A,44.3
T296A,D7,1.61e-05,T296A,41.45
T296A,E7,2.52e-05,T296A,38.6
T296A,F7,2.04e-05,T296A,35.75
T296A,G7,1.64e-05,T296A,32.9
T296A,H7,3.26e-05,T296A,30.05
T296A,A8,3.01e-05,T296A,50.0
T296A,B8,-4.35e-05,T296A,47.15
T296A,C8,1.58e-05,T296A,44.3
T296A,D8,2.02e-05,T296A,41.45
T296A,E8,1.38e-05,T296A,38.6
T296A,F8,-1.65e-05,T296A,35.75
T296A,G8,1.61e-05,T296A,32.9
T296A,H8,2.62e-05,T296A,30.05
T296A,A9,2.73e-05,T296A,50.0
T296A,B9,-5.83e-05,T296A,47.15
T296A,C9,8.57e-06,T296A,44.3
T296A,D9,2.63e-05,T296A,41.45
T296A,E9,1.35e-05,T296A,38.6
T296A,F9,1.91e-05,T296A,35.75
T296A,G9,1.99e-05,T296A,32.9
T296A,H9,2.35e-05,T296A,30.05
T352A,A10,-0.0001,T352A,50.0
T352A,B10,8e-05,T352A,47.15
T352A,C10,0.00017,T352A,44.3
T352A,D10,0.00314,T352A,41.45
T352A,E10,6e-05,T352A,38.6
T352A,F10,0.0604,T352A,35.75
T352A,G10,0.0694,T352A,32.9
T352A,H10,0.072,T352A,30.05
T352A,A11,0.00016,T352A,50.0
T352A,B11,9e-05,T352A,47.15
T352A,C11,0.00013,T352A,44.3
T352A,D11,0.00217,T352A,41.45
T352A,E11,0.0438,T352A,38.6
T352A,F11,0.061,T352A,35.75
T352A,G11,0.0668,T352A,32.9
T352A,H11,0.0709,T352A,30.05
T352A,A12,9e-05,T352A,50.0
T352A,B12,9e-05,T352A,47.15
T352A,C12,0.00013,T352A,44.3
T352A,D12,0.00275,T352A,41.45
T352A,E12,0.0448,T352A,38.6
T352A,F12,0.0607,T352A,35.75
T352A,G12,0.0653,T352A,32.9
T352A,H12,0.0651,T352A,30.05
V52G,A7,0.0001,V52G,50.0
V52G,B7,0.00015,V52G,47.15
V52G,C7,0.00026,V52G,44.3
V52G,D7,0.0174,V52G,41.45
V52G,E7,0.312,V52G,38.6
V52G,F7,0.378,V52G,35.75
V52G,G7,0.425,V52G,32.9
V52G,H7,0.441,V52G,30.05
V52G,A8,0.0001,V52G,50.0
V52G,B8,0.00015,V52G,47.15
V52G,C8,0.00017,V52G,44.3
V52G,D8,0.0248,V52G,41.45
V52G,E8,0.308,V52G,38.6
V52G,F8,0.387,V52G,35.75
V52G,G8,0.42,V52G,32.9
V52G,H8,0.454,V52G,30.05
V52G,A9,0.00011,V52G,50.0
V52G,B9,0.00015,V52G,47.15
V52G,C9,0.00036,V52G,44.3
V52G,D9,0.0248,V52G,41.45
V52G,E9,0.309,V52G,38.6
V52G,F9,0.381,V52G,35.75
V52G,G9,0.428,V52G,32.9
V52G,H9,0.422,V52G,30.05
W120A,A10,-3.07e-05,W120A,50.0
W120A,B10,-6.82e-05,W120A,47.15
W120A,C10,1.38e-05,W120A,44.3
W120A,D10,1.92e-05,W120A,41.45
W120A,E10,-2.35e-05,W120A,38.6
W120A,F10,3.38e-05,W120A,35.75
W120A,G10,2.09e-05,W120A,32.9
W120A,H10,2.62e-05,W120A,30.05
W120A,A11,2.2e-05,W120A,50.0
W120A,B11,-4.4e-05,W120A,47.15
W120A,C11,-3.4e-05,W120A,44.3
W120A,D11,2.07e-05,W120A,41.45
W120A,E11,1.8e-05,W120A,38.6
W120A,F11,1.68e-05,W120A,35.75
W120A,G11,2.51e-05,W120A,32.9
W120A,H11,-5.9e-05,W120A,30.05
W120A,A12,3.4e-05,W120A,50.0
W120A,B12,-6.43e-05,W120A,47.15
W120A,C12,1.37e-05,W120A,44.3
W120A,D12,1.88e-05,W120A,41.45
W120A,E12,1.87e-05,W120A,38.6
W120A,F12,2.92e-05,W120A,35.75
W120A,G12,2.56e-05,W120A,32.9
W120A,H12,2.13e-05,W120A,30.05
W120F,A4,0.000108,W120F,50.0
W120F,B4,0.000115,W120F,47.15
W120F,C4,0.000448,W120F,44.3
W120F,D4,0.00194,W120F,41.45
W120F,E4,0.00282,W120F,38.6
W120F,F4,0.00278,W120F,35.75
W120F,G4,0.00248,W120F,32.9
W120F,H4,0.00254,W120F,30.05
W120F,A5,4.85e-05,W120F,50.0
W120F,B5,0.000208,W120F,47.15
W120F,C5,0.000438,W120F,44.3
W120F,D5,0.00152,W120F,41.45
W120F,E5,0.00204,W120F,38.6
W120F,F5,0.00215,W120F,35.75
W120F,G5,0.00197,W120F,32.9
W120F,H5,0.00244,W120F,30.05
W120F,A6,7.45e-05,W120F,50.0
W120F,B6,8.48e-05,W120F,47.15
W120F,C6,0.000472,W120F,44.3
W120F,D6,0.00125,W120F,41.45
W120F,E6,0.00204,W120F,38.6
W120F,F6,0.00267,W120F,35.75
W120F,G6,0.00255,W120F,32.9
W120F,H6,0.00246,W120F,30.05
W120H,A4,4.48e-05,W120H,50.0
W120H,B4,3.52e-05,W120H,47.15
W120H,C4,5.52e-05,W120H,44.3
W120H,D4,0.00063,W120H,41.45
W120H,E4,0.00149,W120H,38.6
W120H,F4,0.00175,W120H,35.75
W120H,G4,0.00193,W120H,32.9
W120H,H4,0.00169,W120H,30.05
W120H,A5,-3.09e-05,W120H,50.0
W120H,B5,-2.91e-05,W120H,47.15
W120H,C5,4.67e-05,W120H,44.3
W120H,D5,0.000597,W120H,41.45
W120H,E5,0.00145,W120H,38.6
W120H,F5,0.00173,W120H,35.75
W120H,G5,0.00186,W120H,32.9
W120H,H5,0.00196,W120H,30.05
W120H,A6,-4.79e-05,W120H,50.0
W120H,B6,3.15e-05,W120H,47.15
W120H,C6,3.94e-05,W120H,44.3
W120H,D6,0.000528,W120H,41.45
W120H,E6,0.00152,W120H,38.6
W120H,F6,0.00175,W120H,35.75
W120H,G6,0.00191,W120H,32.9
W120H,H6,0.00205,W120H,30.05
W325A,A4,4.79e-05,W325A,50.0
W325A,B4,-7.76e-05,W325A,47.15
W325A,C4,-6.55e-05,W325A,44.3
W325A,D4,9.94e-05,W325A,41.45
W325A,E4,0.000222,W325A,38.6
W325A,F4,0.000285,W325A,35.75
W325A,G4,0.000288,W325A,32.9
W325A,H4,0.000308,W325A,30.05
W325A,A5,-9.94e-05,W325A,50.0
W325A,B5,-4.18e-05,W325A,47.15
W325A,C5,6.24e-05,W325A,44.3
W325A,D5,0.000138,W325A,41.45
W325A,E5,0.000278,W325A,38.6
W325A,F5,0.000358,W325A,35.75
W325A,G5,0.000308,W325A,32.9
W325A,H5,0.000342,W325A,30.05
W325A,A6,-6.18e-05,W325A,50.0
W325A,B6,6.97e-05,W325A,47.15
W325A,C6,7.27e-05,W325A,44.3
W325A,D6,8.85e-05,W325A,41.45
W325A,E6,0.000246,W325A,38.6
W325A,F6,0.000334,W325A,35.75
W325A,G6,0.000326,W325A,32.9
W325A,H6,0.000275,W325A,30.05
W325G,A10,-5.09e-05,W325G,50.0
W325G,B10,-0.000121,W325G,47.15
W325G,C10,-0.000108,W325G,44.3
W325G,D10,-8.55e-05,W325G,41.45
W325G,E10,-0.000139,W325G,38.6
W325G,F10,-6.48e-05,W325G,35.75
W325G,G10,-0.0001,W325G,32.9
W325G,H10,-7.88e-05,W325G,30.05
W325G,A11,0.00017,W325G,50.0
W325G,B11,-0.000131,W325G,47.15
W325G,C11,-0.000151,W325G,44.3
W325G,D11,-0.000126,W325G,41.45
W325G,E11,-7.39e-05,W325G,38.6
W325G,F11,-0.000186,W325G,35.75
W325G,G11,-6.79e-05,W325G,32.9
W325G,H11,-9.94e-05,W325G,30.05
W325G,A12,-0.000104,W325G,50.0
W325G,B12,-0.000114,W325G,47.15
W325G,C12,-0.000115,W325G,44.3
W325G,D12,-0.000109,W325G,41.45
W325G,E12,-8.06e-05,W325G,38.6
W325G,F12,-3.09e-05,W325G,35.75
W325G,G12,-0.000124,W325G,32.9
W325G,H12,3.7e-05,W325G,30.05
W325L,A10,-3.58e-05,W325L,50.0
W325L,B10,-5.52e-05,W325L,47.15
W325L,C10,9.88e-05,W325L,44.3
W325L,D10,0.000685,W325L,41.45
W325L,E10,0.000715,W325L,38.6
W325L,F10,0.000803,W325L,35.75
W325L,G10,0.000806,W325L,32.9
W325L,H10,0.00082,W325L,30.05
W325L,A11,-4.91e-05,W325L,50.0
W325L,B11,-4.97e-05,W325L,47.15
W325L,C11,6.67e-05,W325L,44.3
W325L,D11,0.000758,W325L,41.45
W325L,E11,0.000671,W325L,38.6
W325L,F11,0.000841,W325L,35.75
W325L,G11,0.000645,W325L,32.9
W325L,H11,0.000829,W325L,30.05
W325L,A12,-4.48e-05,W325L,50.0
W325L,B12,4.79e-05,W325L,47.15
W325L,C12,6.97e-05,W325L,44.3
W325L,D12,0.000676,W325L,41.45
W325L,E12,0.00085,W325L,38.6
W325L,F12,0.000776,W325L,35.75
W325L,G12,0.000675,W325L,32.9
W325L,H12,0.000773,W325L,30.05
W325R,A7,3.45e-05,W325R,50.0
W325R,B7,-2.36e-05,W325R,47.15
W325R,C7,-2.97e-05,W325R,44.3
W325R,D7,0.000125,W325R,41.45
W325R,E7,0.000408,W325R,38.6
W325R,F7,0.000579,W325R,35.75
W325R,G7,0.000572,W325R,32.9
W325R,H7,0.000633,W325R,30.05
W325R,A8,7.58e-05,W325R,50.0
W325R,B8,3.33e-05,W325R,47.15
W325R,C8,2.24e-05,W325R,44.3
W325R,D8,0.000149,W325R,41.45
W325R,E8,0.000485,W325R,38.6
W325R,F8,0.000577,W325R,35.75
W325R,G8,0.000588,W325R,32.9
W325R,H8,0.000604,W325R,30.05
W325R,A9,2.79e-05,W325R,50.0
W325R,B9,2.42e-05,W325R,47.15
W325R,C9,2.55e-05,W325R,44.3
W325R,D9,0.000152,W325R,41.45
W325R,E9,0.000521,W325R,38.6
W325R,F9,0.000559,W325R,35.75
W325R,G9,0.000579,W325R,32.9
W325R,H9,0.000596,W325R,30.05
W325C,A10,-4e-05,W325C,50.0
W325C,B10,7e-05,W325C,47.15
W325C,C10,-0.00018,W325C,44.3
W325C,D10,0.0017,W325C,41.45
W325C,E10,0.0116,W325C,38.6
W325C,F10,0.0144,W325C,35.75
W325C,G10,0.0154,W325C,32.9
W325C,H10,0.0182,W325C,30.05
W325C,A11,-0.00013,W325C,50.0
W325C,B11,7e-05,W325C,47.15
W325C,C11,-5e-05,W325C,44.3
W325C,D11,0.00128,W325C,41.45
W325C,E11,0.0117,W325C,38.6
W325C,F11,0.016,W325C,35.75
W325C,G11,0.0165,W325C,32.9
W325C,H11,0.016,W325C,30.05
W325C,A12,6e-05,W325C,50.0
W325C,B12,-9e-05,W325C,47.15
W325C,C12,0.0001,W325C,44.3
W325C,D12,0.00129,W325C,41.45
W325C,E12,0.0127,W325C,38.6
W325C,F12,0.0178,W325C,35.75
W325C,G12,0.0158,W325C,32.9
W325C,H12,0.0153,W325C,30.05
W325H,A10,4.02e-05,W325H,50.0
W325H,B10,4.97e-05,W325H,47.15
W325H,C10,5.02e-05,W325H,44.3
W325H,D10,9.39e-05,W325H,41.45
W325H,E10,6.23e-05,W325H,38.6
W325H,F10,5.12e-05,W325H,35.75
W325H,G10,3.89e-05,W325H,32.9
W325H,H10,5.84e-05,W325H,30.05
W325H,A11,3.31e-05,W325H,50.0
W325H,B11,-2.88e-05,W325H,47.15
W325H,C11,4.29e-05,W325H,44.3
W325H,D11,-3.73e-05,W325H,41.45
W325H,E11,5.68e-05,W325H,38.6
W325H,F11,6.06e-05,W325H,35.75
W325H,G11,7.09e-05,W325H,32.9
W325H,H11,7.89e-05,W325H,30.05
W325H,A12,-7.2e-05,W325H,50.0
W325H,B12,-5.92e-05,W325H,47.15
W325H,C12,0.000125,W325H,44.3
W325H,D12,-6.36e-05,W325H,41.45
W325H,E12,0.000107,W325H,38.6
W325H,F12,5.62e-05,W325H,35.75
W325H,G12,5.08e-05,W325H,32.9
W325H,H12,5.14e-05,W325H,30.05
W325L,A1,0.0002,W325L,50.0
W325L,B1,0.00046,W325L,47.15
W325L,C1,0.00012,W325L,44.3
W325L,D1,0.00168,W325L,41.45
W325L,E1,0.00362,W325L,38.6
W325L,F1,0.00498,W325L,35.75
W325L,G1,0.00555,W325L,32.9
W325L,H1,0.00349,W325L,30.05
W325L,A2,0.00023,W325L,50.0
W325L,B2,0.00046,W325L,47.15
W325L,C2,0.00022,W325L,44.3
W325L,D2,0.0014,W325L,41.45
W325L,E2,0.00389,W325L,38.6
W325L,F2,0.00523,W325L,35.75
W325L,G2,0.0072,W325L,32.9
W325L,H2,0.00514,W325L,30.05
W325L,A3,-0.00021,W325L,50.0
W325L,B3,0.00017,W325L,47.15
W325L,C3,0.00047,W325L,44.3
W325L,D3,0.00219,W325L,41.45
W325L,E3,0.00436,W325L,38.6
W325L,F3,0.00479,W325L,35.75
W325L,G3,0.00706,W325L,32.9
W325L,H3,0.00553,W325L,30.05
W34A,A7,-5.09e-05,W34A,50.0
W34A,B7,4.24e-05,W34A,47.15
W34A,C7,7.64e-05,W34A,44.3
W34A,D7,-9.03e-05,W34A,41.45
W34A,E7,-3.39e-05,W34A,38.6
W34A,F7,7.94e-05,W34A,35.75
W34A,G7,-8.79e-05,W34A,32.9
W34A,H7,3.33e-05,W34A,30.05
W34A,A8,-6.06e-05,W34A,50.0
W34A,B8,7.15e-05,W34A,47.15
W34A,C8,-4.42e-05,W34A,44.3
W34A,D8,-6.48e-05,W34A,41.45
W34A,E8,-3.58e-05,W34A,38.6
W34A,F8,-2.91e-05,W34A,35.75
W34A,G8,-2.24e-05,W34A,32.9
W34A,H8,-8.73e-05,W34A,30.05
W34A,A9,4.24e-05,W34A,50.0
W34A,B9,7.09e-05,W34A,47.15
W34A,C9,-4.73e-05,W34A,44.3
W34A,D9,-3.94e-05,W34A,41.45
W34A,E9,-4.97e-05,W34A,38.6
W34A,F9,-5.45e-05,W34A,35.75
W34A,G9,-7.03e-05,W34A,32.9
W34A,H9,3.45e-05,W34A,30.05
W399A,A10,-6.55e-05,W399A,50.0
W399A,B10,-2.3e-05,W399A,47.15
W399A,C10,-7.09e-05,W399A,44.3
W399A,D10,2.24e-05,W399A,41.45
W399A,E10,2.42e-05,W399A,38.6
W399A,F10,-4.06e-05,W399A,35.75
W399A,G10,-4.73e-05,W399A,32.9
W399A,H10,-2.18e-05,W399A,30.05
W399A,A11,-4.36e-05,W399A,50.0
W399A,B11,-7.03e-05,W399A,47.15
W399A,C11,5.52e-05,W399A,44.3
W399A,D11,-2.06e-05,W399A,41.45
W399A,E11,-3.45e-05,W399A,38.6
W399A,F11,1.64e-05,W399A,35.75
W399A,G11,-5.39e-05,W399A,32.9
W399A,H11,-1.94e-05,W399A,30.05
W399A,A12,-8.36e-05,W399A,50.0
W399A,B12,-4.61e-05,W399A,47.15
W399A,C12,-0.000101,W399A,44.3
W399A,D12,-4.18e-05,W399A,41.45
W399A,E12,-4.67e-05,W399A,38.6
W399A,F12,-2.36e-05,W399A,35.75
W399A,G12,-4.97e-05,W399A,32.9
W399A,H12,-2.91e-05,W399A,30.05
W399C,A7,0.000221,W399C,50.0
W399C,B7,0.000187,W399C,47.15
W399C,C7,0.000216,W399C,44.3
W399C,D7,0.000254,W399C,41.45
W399C,E7,0.000228,W399C,38.6
W399C,F7,0.000275,W399C,35.75
W399C,G7,0.000232,W399C,32.9
W399C,H7,0.000179,W399C,30.05
W399C,A8,0.000247,W399C,50.0
W399C,B8,0.000171,W399C,47.15
W399C,C8,0.000202,W399C,44.3
W399C,D8,0.000172,W399C,41.45
W399C,E8,0.000202,W399C,38.6
W399C,F8,0.000211,W399C,35.75
W399C,G8,0.000206,W399C,32.9
W399C,H8,0.000209,W399C,30.05
W399C,A9,0.000233,W399C,50.0
W399C,B9,0.000205,W399C,47.15
W399C,C9,0.000178,W399C,44.3
W399C,D9,-0.000204,W399C,41.45
W399C,E9,0.000203,W399C,38.6
W399C,F9,0.000258,W399C,35.75
W399C,G9,0.000221,W399C,32.9
W399C,H9,0.00018,W399C,30.05
W399G,A4,0.0001,W399G,50.0
W399G,B4,-0.000119,W399G,47.15
W399G,C4,-0.000101,W399G,44.3
W399G,D4,-4.79e-05,W399G,41.45
W399G,E4,7.45e-05,W399G,38.6
W399G,F4,7.21e-05,W399G,35.75
W399G,G4,9.27e-05,W399G,32.9
W399G,H4,9.33e-05,W399G,30.05
W399G,A5,6.61e-05,W399G,50.0
W399G,B5,6.36e-05,W399G,47.15
W399G,C5,8.18e-05,W399G,44.3
W399G,D5,6.85e-05,W399G,41.45
W399G,E5,6.97e-05,W399G,38.6
W399G,F5,0.000196,W399G,35.75
W399G,G5,0.000113,W399G,32.9
W399G,H5,-0.00018,W399G,30.05
W399G,A6,8.12e-05,W399G,50.0
W399G,B6,6.48e-05,W399G,47.15
W399G,C6,-0.000142,W399G,44.3
W399G,D6,0.000165,W399G,41.45
W399G,E6,8.73e-05,W399G,38.6
W399G,F6,-0.000384,W399G,35.75
W399G,G6,8.73e-05,W399G,32.9
W399G,H6,0.000287,W399G,30.05
W399R,H10,0.000328,W399R,30.05
W399R,G10,4.61e-05,W399R,32.9
W399R,F10,5.58e-05,W399R,35.75
W399R,E10,3.7e-05,W399R,38.6
W399R,D10,2.36e-05,W399R,41.45
W399R,C10,2.79e-05,W399R,44.3
W399R,B10,-2.79e-05,W399R,47.15
W399R,A10,2.3e-05,W399R,50.0
W399R,H11,-0.000561,W399R,30.05
W399R,G11,4.48e-05,W399R,32.9
W399R,F11,4.36e-05,W399R,35.75
W399R,E11,2.79e-05,W399R,38.6
W399R,D11,2.18e-05,W399R,41.45
W399R,C11,3.58e-05,W399R,44.3
W399R,B11,-0.000179,W399R,47.15
W399R,A11,1.39e-05,W399R,50.0
W399R,H12,-0.00135,W399R,30.05
W399R,G12,3.52e-05,W399R,32.9
W399R,F12,-0.000183,W399R,35.75
W399R,E12,0.000316,W399R,38.6
W399R,D12,2.24e-05,W399R,41.45
W399R,C12,3.82e-05,W399R,44.3
W399R,B12,-0.000108,W399R,47.15
W399R,A12,0.00113,W399R,50.0
W399S,A10,0.000163,W399S,50.0
W399S,B10,0.000213,W399S,47.15
W399S,C10,0.000164,W399S,44.3
W399S,D10,0.000199,W399S,41.45
W399S,E10,0.000178,W399S,38.6
W399S,F10,0.000203,W399S,35.75
W399S,G10,0.000158,W399S,32.9
W399S,H10,0.00021,W399S,30.05
W399S,A11,0.00027,W399S,50.0
W399S,B11,0.000245,W399S,47.15
W399S,C11,0.0002,W399S,44.3
W399S,D11,0.000182,W399S,41.45
W399S,E11,0.000187,W399S,38.6
W399S,F11,0.000166,W399S,35.75
W399S,G11,0.00019,W399S,32.9
W399S,H11,0.000255,W399S,30.05
W399S,A12,0.00024,W399S,50.0
W399S,B12,0.000195,W399S,47.15
W399S,C12,0.000249,W399S,44.3
W399S,D12,0.000159,W399S,41.45
W399S,E12,0.000239,W399S,38.6
W399S,F12,0.00024,W399S,35.75
W399S,G12,0.00017,W399S,32.9
W399S,H12,0.000158,W399S,30.05
W399S,A10,2.67e-05,W399S,50.0
W399S,B10,0.000132,W399S,47.15
W399S,C10,2.06e-05,W399S,44.3
W399S,D10,3.09e-05,W399S,41.45
W399S,E10,-3.15e-05,W399S,38.6
W399S,F10,2.3e-05,W399S,35.75
W399S,G10,-7.39e-05,W399S,32.9
W399S,H10,-2.91e-05,W399S,30.05
W399S,A11,3.33e-05,W399S,50.0
W399S,B11,-4.12e-05,W399S,47.15
W399S,C11,4.73e-05,W399S,44.3
W399S,D11,2.36e-05,W399S,41.45
W399S,E11,6.24e-05,W399S,38.6
W399S,F11,3.94e-05,W399S,35.75
W399S,G11,-3.15e-05,W399S,32.9
W399S,H11,-2.79e-05,W399S,30.05
W399S,A12,3.15e-05,W399S,50.0
W399S,B12,-6.42e-05,W399S,47.15
W399S,C12,5.09e-05,W399S,44.3
W399S,D12,8.91e-05,W399S,41.45
W399S,E12,-2.67e-05,W399S,38.6
W399S,F12,2.55e-05,W399S,35.75
W399S,G12,2.91e-05,W399S,32.9
W399S,H12,3.7e-05,W399S,30.05
W399C,A1,1.29e-05,W399C,50.0
W399C,B1,2.28e-05,W399C,47.15
W399C,C1,2.05e-05,W399C,44.3
W399C,D1,3.17e-05,W399C,41.45
W399C,E1,4.12e-05,W399C,38.6
W399C,F1,3.47e-05,W399C,35.75
W399C,G1,4.27e-05,W399C,32.9
W399C,H1,3.34e-05,W399C,30.05
W399C,A2,2.23e-05,W399C,50.0
W399C,B2,-7.98e-05,W399C,47.15
W399C,C2,3.08e-05,W399C,44.3
W399C,D2,-3.79e-05,W399C,41.45
W399C,E2,-4.79e-05,W399C,38.6
W399C,F2,-3.06e-05,W399C,35.75
W399C,G2,2.37e-05,W399C,32.9
W399C,H2,3.71e-05,W399C,30.05
W399C,A3,-2.45e-05,W399C,50.0
W399C,B3,-7.38e-05,W399C,47.15
W399C,C3,-4.05e-05,W399C,44.3
W399C,D3,3.27e-05,W399C,41.45
W399C,E3,6.65e-05,W399C,38.6
W399C,F3,-5.29e-05,W399C,35.75
W399C,G3,4.44e-05,W399C,32.9
W399C,H3,3.62e-05,W399C,30.05
W407A,A1,0.00018,W407A,50.0
W407A,B1,0.00047,W407A,47.15
W407A,C1,8e-05,W407A,44.3
W407A,D1,-5e-05,W407A,41.45
W407A,E1,0.00031,W407A,38.6
W407A,F1,0.00011,W407A,35.75
W407A,G1,0.00012,W407A,32.9
W407A,H1,9e-05,W407A,30.05
W407A,A2,0.00013,W407A,50.0
W407A,B2,-0.0001,W407A,47.15
W407A,C2,5e-05,W407A,44.3
W407A,D2,-0.00013,W407A,41.45
W407A,E2,0.00015,W407A,38.6
W407A,F2,-8e-05,W407A,35.75
W407A,G2,-9e-05,W407A,32.9
W407A,H2,8e-05,W407A,30.05
W407A,A3,-0.00013,W407A,50.0
W407A,B3,0.00015,W407A,47.15
W407A,C3,-8e-05,W407A,44.3
W407A,D3,-0.00017,W407A,41.45
W407A,E3,9e-05,W407A,38.6
W407A,F3,0.00013,W407A,35.75
W407A,G3,0.00013,W407A,32.9
W407A,H3,7e-05,W407A,30.05
W407G,A4,-7.82e-05,W407G,50.0
W407G,B4,-6.18e-05,W407G,47.15
W407G,C4,-0.000247,W407G,44.3
W407G,D4,0.000101,W407G,41.45
W407G,E4,0.000182,W407G,38.6
W407G,F4,0.000209,W407G,35.75
W407G,G4,0.000181,W407G,32.9
W407G,H4,0.000318,W407G,30.05
W407G,A5,7.94e-05,W407G,50.0
W407G,B5,5.21e-05,W407G,47.15
W407G,C5,0.000295,W407G,44.3
W407G,D5,5.88e-05,W407G,41.45
W407G,E5,0.000104,W407G,38.6
W407G,F5,0.000192,W407G,35.75
W407G,G5,0.000238,W407G,32.9
W407G,H5,0.000596,W407G,30.05
W407G,A6,4.55e-05,W407G,50.0
W407G,B6,4.79e-05,W407G,47.15
W407G,C6,9.39e-05,W407G,44.3
W407G,D6,-5.94e-05,W407G,41.45
W407G,E6,0.000153,W407G,38.6
W407G,F6,0.000177,W407G,35.75
W407G,G6,0.000313,W407G,32.9
W407G,H6,0.000228,W407G,30.05
W407Q,A4,-4.73e-05,W407Q,50.0
W407Q,B4,-9.94e-05,W407Q,47.15
W407Q,C4,-5.64e-05,W407Q,44.3
W407Q,D4,-6.42e-05,W407Q,41.45
W407Q,E4,-5.64e-05,W407Q,38.6
W407Q,F4,4.24e-05,W407Q,35.75
W407Q,G4,-6.48e-05,W407Q,32.9
W407Q,H4,-2.12e-05,W407Q,30.05
W407Q,A5,-2.91e-05,W407Q,50.0
W407Q,B5,-7.82e-05,W407Q,47.15
W407Q,C5,-0.000133,W407Q,44.3
W407Q,D5,-5.94e-05,W407Q,41.45
W407Q,E5,-3.52e-05,W407Q,38.6
W407Q,F5,-3.64e-05,W407Q,35.75
W407Q,G5,5.15e-05,W407Q,32.9
W407Q,H5,8.79e-05,W407Q,30.05
W407Q,A6,-8.97e-05,W407Q,50.0
W407Q,B6,-7.52e-05,W407Q,47.15
W407Q,C6,-0.000102,W407Q,44.3
W407Q,D6,-7.15e-05,W407Q,41.45
W407Q,E6,0.00018,W407Q,38.6
W407Q,F6,-4.61e-05,W407Q,35.75
W407Q,G6,-4.79e-05,W407Q,32.9
W407Q,H6,1.88e-05,W407Q,30.05
W407R,A1,0.000152,W407R,50.0
W407R,B1,6.91e-05,W407R,47.15
W407R,C1,-7.7e-05,W407R,44.3
W407R,D1,-8.79e-05,W407R,41.45
W407R,E1,5.33e-05,W407R,38.6
W407R,F1,-0.000157,W407R,35.75
W407R,G1,9.52e-05,W407R,32.9
W407R,H1,7.64e-05,W407R,30.05
W407R,A2,-0.000114,W407R,50.0
W407R,B2,0.000169,W407R,47.15
W407R,C2,-5.76e-05,W407R,44.3
W407R,D2,-5.45e-05,W407R,41.45
W407R,E2,9.21e-05,W407R,38.6
W407R,F2,-0.000136,W407R,35.75
W407R,G2,4.61e-05,W407R,32.9
W407R,H2,4.73e-05,W407R,30.05
W407R,A3,-9.58e-05,W407R,50.0
W407R,B3,3.39e-05,W407R,47.15
W407R,C3,9.33e-05,W407R,44.3
W407R,D3,-0.000135,W407R,41.45
W407R,E3,-9.45e-05,W407R,38.6
W407R,F3,-0.000179,W407R,35.75
W407R,G3,8.73e-05,W407R,32.9
W407R,H3,7.94e-05,W407R,30.05
W407R,A7,-5.7e-05,W407R,50.0
W407R,B7,-8.06e-05,W407R,47.15
W407R,C7,-8.06e-05,W407R,44.3
W407R,D7,-0.000102,W407R,41.45
W407R,E7,-3.94e-05,W407R,38.6
W407R,F7,-2.73e-05,W407R,35.75
W407R,G7,2.36e-05,W407R,32.9
W407R,H7,1.88e-05,W407R,30.05
W407R,A8,-7.7e-05,W407R,50.0
W407R,B8,-3.82e-05,W407R,47.15
W407R,C8,-7.39e-05,W407R,44.3
W407R,D8,-5.7e-05,W407R,41.45
W407R,E8,-3.27e-05,W407R,38.6
W407R,F8,-4.67e-05,W407R,35.75
W407R,G8,-3.52e-05,W407R,32.9
W407R,H8,4.61e-05,W407R,30.05
W407R,A9,-0.000115,W407R,50.0
W407R,B9,-9.15e-05,W407R,47.15
W407R,C9,-6.06e-05,W407R,44.3
W407R,D9,-9.52e-05,W407R,41.45
W407R,E9,-3.27e-05,W407R,38.6
W407R,F9,-3.15e-05,W407R,35.75
W407R,G9,8.06e-05,W407R,32.9
W407R,H9,-3.76e-05,W407R,30.05
W409Y,H7,0.0666,W409Y,30.05
W409Y,G7,0.0542,W409Y,32.9
W409Y,F7,0.0408,W409Y,35.75
W409Y,E7,0.0249,W409Y,38.6
W409Y,D7,0.00864,W409Y,41.45
W409Y,C7,0.0026,W409Y,44.3
W409Y,B7,0.000949,W409Y,47.15
W409Y,A7,0.000221,W409Y,50.0
W409Y,H8,0.0694,W409Y,30.05
W409Y,G8,0.0522,W409Y,32.9
W409Y,F8,0.0419,W409Y,35.75
W409Y,E8,0.0268,W409Y,38.6
W409Y,D8,0.00777,W409Y,41.45
W409Y,C8,0.00299,W409Y,44.3
W409Y,B8,0.00121,W409Y,47.15
W409Y,A8,2.55e-05,W409Y,50.0
W409Y,H9,0.07,W409Y,30.05
W409Y,G9,0.0549,W409Y,32.9
W409Y,F9,0.0395,W409Y,35.75
W409Y,E9,0.021,W409Y,38.6
W409Y,D9,0.00602,W409Y,41.45
W409Y,C9,0.00238,W409Y,44.3
W409Y,B9,0.00104,W409Y,47.15
W409Y,A9,2.42e-05,W409Y,50.0
Y166P,A10,9e-05,Y166P,50.0
Y166P,B10,-0.0001,Y166P,47.15
Y166P,C10,-0.00016,Y166P,44.3
Y166P,D10,9e-05,Y166P,41.45
Y166P,E10,6e-05,Y166P,38.6
Y166P,F10,-8e-05,Y166P,35.75
Y166P,G10,-0.00021,Y166P,32.9
Y166P,H10,-9e-05,Y166P,30.05
Y166P,A11,-0.00011,Y166P,50.0
Y166P,B11,-0.00011,Y166P,47.15
Y166P,C11,8e-05,Y166P,44.3
Y166P,D11,8e-05,Y166P,41.45
Y166P,E11,-0.00019,Y166P,38.6
Y166P,F11,-8e-05,Y166P,35.75
Y166P,G11,-0.00303,Y166P,32.9
Y166P,H11,-0.00014,Y166P,30.05
Y166P,A12,-8e-05,Y166P,50.0
Y166P,B12,0.00013,Y166P,47.15
Y166P,C12,-0.0001,Y166P,44.3
Y166P,D12,-8e-05,Y166P,41.45
Y166P,E12,-0.00015,Y166P,38.6
Y166P,F12,9e-05,Y166P,35.75
Y166P,G12,-0.00011,Y166P,32.9
Y166P,H12,-8e-05,Y166P,30.05
Y18A,A4,0.00045,Y18A,50.0
Y18A,B4,0.00013,Y18A,47.15
Y18A,C4,0.00014,Y18A,44.3
Y18A,D4,0.00179,Y18A,41.45
Y18A,E4,0.00604,Y18A,38.6
Y18A,F4,0.00869,Y18A,35.75
Y18A,G4,0.00983,Y18A,32.9
Y18A,H4,0.0131,Y18A,30.05
Y18A,A5,-7e-05,Y18A,50.0
Y18A,B5,0.00015,Y18A,47.15
Y18A,C5,0.00013,Y18A,44.3
Y18A,D5,0.00159,Y18A,41.45
Y18A,E5,0.00602,Y18A,38.6
Y18A,F5,0.0094,Y18A,35.75
Y18A,G5,0.0098,Y18A,32.9
Y18A,H5,0.0116,Y18A,30.05
Y18A,A6,6e-05,Y18A,50.0
Y18A,B6,7e-05,Y18A,47.15
Y18A,C6,0.00025,Y18A,44.3
Y18A,D6,0.00135,Y18A,41.45
Y18A,E6,0.00577,Y18A,38.6
Y18A,F6,0.00839,Y18A,35.75
Y18A,G6,0.00928,Y18A,32.9
Y18A,H6,0.00982,Y18A,30.05
Y294A,A1,4.06e-05,Y294A,50.0
Y294A,B1,7.39e-05,Y294A,47.15
Y294A,C1,0.000152,Y294A,44.3
Y294A,D1,0.00422,Y294A,41.45
Y294A,E1,0.0152,Y294A,38.6
Y294A,F1,0.0162,Y294A,35.75
Y294A,G1,0.0167,Y294A,32.9
Y294A,H1,0.0192,Y294A,30.05
Y294A,A2,-0.000128,Y294A,50.0
Y294A,B2,-7.7e-05,Y294A,47.15
Y294A,C2,0.000104,Y294A,44.3
Y294A,D2,0.00414,Y294A,41.45
Y294A,E2,0.017,Y294A,38.6
Y294A,F2,0.0165,Y294A,35.75
Y294A,G2,0.0169,Y294A,32.9
Y294A,H2,0.0153,Y294A,30.05
Y294A,A3,6.36e-05,Y294A,50.0
Y294A,B3,-8.73e-05,Y294A,47.15
Y294A,C3,0.000108,Y294A,44.3
Y294A,D3,0.00455,Y294A,41.45
Y294A,E3,0.0143,Y294A,38.6
Y294A,F3,0.014,Y294A,35.75
Y294A,G3,0.0152,Y294A,32.9
Y294A,H3,0.0153,Y294A,30.05
Y294F,A4,9.82e-05,Y294F,50.0
Y294F,B4,0.000179,Y294F,47.15
Y294F,C4,0.00128,Y294F,44.3
Y294F,D4,0.142,Y294F,41.45
Y294F,E4,0.347,Y294F,38.6
Y294F,F4,0.337,Y294F,35.75
Y294F,G4,0.333,Y294F,32.9
Y294F,H4,0.369,Y294F,30.05
Y294F,A5,0.000126,Y294F,50.0
Y294F,B5,0.000198,Y294F,47.15
Y294F,C5,0.000824,Y294F,44.3
Y294F,D5,0.114,Y294F,41.45
Y294F,E5,0.35,Y294F,38.6
Y294F,F5,0.335,Y294F,35.75
Y294F,G5,0.351,Y294F,32.9
Y294F,H5,0.372,Y294F,30.05
Y294F,A6,0.000138,Y294F,50.0
Y294F,B6,0.000158,Y294F,47.15
Y294F,C6,0.000885,Y294F,44.3
Y294F,D6,0.0946,Y294F,41.45
Y294F,E6,0.337,Y294F,38.6
Y294F,F6,0.356,Y294F,35.75
Y294F,G6,0.339,Y294F,32.9
Y294F,H6,0.367,Y294F,30.05
Y295A,A7,-0.000154,Y295A,50.0
Y295A,B7,0.000136,Y295A,47.15
Y295A,C7,5.03e-05,Y295A,44.3
Y295A,D7,-3.7e-05,Y295A,41.45
Y295A,E7,-4.73e-05,Y295A,38.6
Y295A,F7,-0.000101,Y295A,35.75
Y295A,G7,0.000164,Y295A,32.9
Y295A,H7,-0.000192,Y295A,30.05
Y295A,A8,0.000118,Y295A,50.0
Y295A,B8,7.45e-05,Y295A,47.15
Y295A,C8,-0.000179,Y295A,44.3
Y295A,D8,-9.52e-05,Y295A,41.45
Y295A,E8,-0.000122,Y295A,38.6
Y295A,F8,0.000148,Y295A,35.75
Y295A,G8,-0.00027,Y295A,32.9
Y295A,H8,4.48e-05,Y295A,30.05
Y295A,A9,0.000115,Y295A,50.0
Y295A,B9,5.64e-05,Y295A,47.15
Y295A,C9,4.67e-05,Y295A,44.3
Y295A,D9,5.03e-05,Y295A,41.45
Y295A,E9,4.48e-05,Y295A,38.6
Y295A,F9,-0.000127,Y295A,35.75
Y295A,G9,-7.21e-05,Y295A,32.9
Y295A,H9,5.52e-05,Y295A,30.05
Y295G,A7,6.85e-05,Y295G,50.0
Y295G,B7,0.000114,Y295G,47.15
Y295G,C7,0.000102,Y295G,44.3
Y295G,D7,0.000136,Y295G,41.45
Y295G,E7,-7.33e-05,Y295G,38.6
Y295G,F7,0.000322,Y295G,35.75
Y295G,G7,0.000125,Y295G,32.9
Y295G,H7,-0.000225,Y295G,30.05
Y295G,A8,7.82e-05,Y295G,50.0
Y295G,B8,0.000128,Y295G,47.15
Y295G,C8,6.55e-05,Y295G,44.3
Y295G,D8,-8.67e-05,Y295G,41.45
Y295G,E8,9.52e-05,Y295G,38.6
Y295G,F8,0.000119,Y295G,35.75
Y295G,G8,-0.000265,Y295G,32.9
Y295G,H8,7.27e-05,Y295G,30.05
Y295G,A9,0.000113,Y295G,50.0
Y295G,B9,-0.000276,Y295G,47.15
Y295G,C9,9.94e-05,Y295G,44.3
Y295G,D9,0.000227,Y295G,41.45
Y295G,E9,0.000196,Y295G,38.6
Y295G,F9,0.000105,Y295G,35.75
Y295G,G9,-8.36e-05,Y295G,32.9
Y295G,H9,7.88e-05,Y295G,30.05
Y294F,A1,0.00019,Y294F,50.0
Y294F,B1,0.00022,Y294F,47.15
Y294F,C1,0.000345,Y294F,44.3
Y294F,D1,0.00964,Y294F,41.45
Y294F,E1,0.0359,Y294F,38.6
Y294F,F1,0.0302,Y294F,35.75
Y294F,G1,0.0355,Y294F,32.9
Y294F,H1,0.0366,Y294F,30.05
Y294F,A2,0.000193,Y294F,50.0
Y294F,B2,0.000191,Y294F,47.15
Y294F,C2,0.00043,Y294F,44.3
Y294F,D2,0.00856,Y294F,41.45
Y294F,E2,0.035,Y294F,38.6
Y294F,F2,0.0339,Y294F,35.75
Y294F,G2,0.035,Y294F,32.9
Y294F,H2,0.0332,Y294F,30.05
Y294F,A3,0.000173,Y294F,50.0
Y294F,B3,0.000168,Y294F,47.15
Y294F,C3,0.000422,Y294F,44.3
Y294F,D3,0.01,Y294F,41.45
Y294F,E3,0.0262,Y294F,38.6
Y294F,F3,0.0309,Y294F,35.75
Y294F,G3,0.0411,Y294F,32.9
Y294F,H3,0.0362,Y294F,30.05
