mutant,tm,k,err_tm,err_k,sequence_pos,tm_pub,why_no_tm,kcat,err_kcat,percent_err_kcat,km,err_km,percent_err_km,ki,eki,kcatkm,err_kcatkm,in_plos_paper,expression,gel_number,same?
A192S,39.2398987396,-1.28842823374,0.29445752923,0.456062953268,192.0,39.1,,946.0,10.0,1.1,5.09,0.18,3.5,,,185848.0,6994.0,1.0,1.0,14.0,False
BglB,39.9259112172,-1.19477210002,0.0935564656887,0.0784700456643,,39.9,,880.0,10.0,1.1,5.0,0.2,4.0,,,174000.0,8000.0,1.0,1.0,,False
C167A,39.8350840925,-1.46608198566,0.538299896386,0.579879763643,167.0,39.7,,479.0,14.0,2.9,14.56,1.27,8.7,,,32884.0,3026.0,1.0,1.0,11.0,False
C167Q,38.8582627901,-0.652758424421,0.120535252017,0.0464812137437,167.0,38.5,,504.0,6.0,1.2,4.92,0.19,3.9,590.71,86.56,102415.0,4149.0,1.0,1.0,15.0,False
D403A,,,,,403.0,,no expression,,,,,,,,,,,1.0,0.0,14.0,False
E154D,38.8306070033,-0.772457197954,0.316478757049,0.18095207592,154.0,38.7,,878.0,47.0,5.4,3.46,0.76,22.0,,,254004.0,57175.0,1.0,1.0,14.0,False
E164A,,,,,164.0,,catalytic residue,1.0,0.1,10.0,1.01,0.17,16.8,,,19.0,1.0,1.0,1.0,10.0,False
E164G,,,,,164.0,,catalytic residue,,,,,,,,,,,0.0,0.0,2.0,False
E164R,,,,,164.0,,catalytic residue,,,,,,,,,,,0.0,0.0,10.0,False
E177A,37.5380682773,-0.524231317668,0.244081203352,0.0589753597088,177.0,37.3,,986.0,10.0,1.0,5.98,0.22,3.7,,,164804.0,6408.0,1.0,1.0,14.0,False
E177K,36.7274626449,-0.697837872052,0.249455152902,0.104091688853,177.0,36.6,,555.0,7.0,1.3,6.19,0.3,4.8,362.94,36.97,89609.0,4493.0,1.0,1.0,10.0,False
E177L,39.5963072556,-0.756627136996,0.416541459691,0.200289107364,177.0,39.2,,670.0,10.0,1.5,7.48,0.36,4.8,,,89478.0,4555.0,1.0,1.0,7.0,False
E222A,36.8584447249,-0.692307471077,0.122881809976,0.0500411094083,222.0,36.7,,90.0,4.0,4.4,0.63,0.15,23.8,95.24,13.7,143604.0,36130.0,1.0,1.0,5.0,False
E222H,34.9062689296,-0.699654264127,0.154035666818,0.0656036791546,222.0,34.7,,160.0,3.0,1.9,8.54,0.53,6.2,,,18695.0,1212.0,1.0,1.0,2.0,False
E222K,38.9731377867,-0.586356795408,0.442589288427,0.135271146852,222.0,38.5,,108.0,3.0,2.8,7.22,0.75,10.4,,,14955.0,1618.0,1.0,1.0,4.0,False
E222Q,39.7527153669,-1.09171907042,0.283463789572,0.225091364691,222.0,39.4,,668.0,11.0,1.6,12.16,0.65,5.3,,,54923.0,3084.0,1.0,1.0,4.0,False
E222R,39.0990386284,-0.856270576536,0.207858831767,0.144260194461,222.0,,no expression,42.0,2.0,4.8,2.48,0.44,17.7,,,17098.0,3148.0,1.0,0.0,4.0,False
E222Y,37.1285729052,-0.932258414962,0.505970142503,0.316836368626,222.0,,no expression,12.0,1.0,8.3,18.43,3.14,17.0,,,636.0,116.0,1.0,0.0,4.0,False
E353A,,,,,353.0,,catalytic residue,,,,,,,,,10.0,1.0,1.0,1.0,11.0,False
E406A,40.0843057439,-1.70882841266,0.714985306118,0.862345109711,406.0,39.9,,,,,,,,,,10.0,1.0,1.0,1.0,4.0,False
E406D,40.6749273606,-1.11917469912,0.263387286395,0.272998576478,406.0,40.6,,39.0,1.0,2.6,34.13,2.57,7.5,,,1146.0,94.0,1.0,1.0,15.0,False
E426S,39.4969921444,-1.49484033931,0.0861711879649,0.125542361656,,,,,,,,,,,,,,,,,False
F415A,,,,,415.0,,no expression,1.0,0.1,10.0,16.63,4.0,24.1,,,80.0,20.0,1.0,1.0,9.0,False
F415N,,,,,415.0,,below detection,1.0,0.0,3.1,23.1,1.92,8.3,,,43.0,3.1,0.0,1.0,13.0,False
F72H,38.9865599852,-0.482200641572,0.38110574706,0.0782418064767,72.0,,no expression,,,,,,,,,,,1.0,0.0,7.0,False
G355A,,,,,355.0,,no expression,,,,,,,,,,,1.0,0.0,9.0,False
H101R,40.0914567675,-0.953406173924,0.103198381142,0.0665249334593,101.0,40.0,,1059.0,16.0,1.5,10.62,0.53,5.0,,,99708.0,5225.0,1.0,1.0,12.0,False
H119A,40.2260427429,-1.08351968089,0.187449410335,0.144099441025,119.0,40.2,,143.0,11.0,7.7,15.1,3.36,22.3,,,9483.0,2222.0,1.0,1.0,9.0,False
H119E,,,,,119.0,,no expression,,,,,,,,,,,1.0,0.0,7.0,False
H119N,,,,,119.0,,below detection,2.0,1.0,50.0,23.22,2.2,9.5,,,82.0,8.0,1.0,1.0,14.0,False
H178A,34.2514625583,-0.733063866407,0.121658855435,0.0541284197176,178.0,32.9,,113.0,3.0,2.7,7.67,0.73,9.5,173.34,42.79,14697.0,1463.0,1.0,1.0,13.0,False
H178R,,,,,178.0,,below detection,,,,,,,,,,,0.0,0.0,8.0,False
H315E,,,,,315.0,,below detection,,,,,,,,,10.0,1.0,0.0,1.0,13.0,False
H315N,,,,,315.0,,no expression,,,,,,,,,,,1.0,0.0,15.0,False
H373R,39.2398987396,-1.28842823374,0.29445752923,0.456062953268,373.0,39.1,,707.0,9.0,1.3,6.31,0.3,4.8,,,112169.0,5512.0,1.0,1.0,14.0,False
H379R,,,,,379.0,,below detection,2.0,1.0,50.0,6.24,0.84,13.5,,,380.0,53.0,1.0,1.0,14.0,False
H379T,,,,,379.0,,no expression,,,,,,,,,,,0.0,0.0,12.0,False
I244E,37.8398793476,-0.903429381883,0.090639682651,0.0637713796608,244.0,37.8,,497.0,23.0,4.6,5.97,1.04,17.4,,,83137.0,14963.0,1.0,1.0,1.0,False
I244N,36.8447942025,-0.480681793331,0.571286148734,0.116806378756,244.0,,no expression,271.0,4.0,1.5,2.15,0.13,6.0,,,126176.0,7795.0,1.0,0.0,7.0,False
I300N,38.5617579771,-0.421472884415,0.535081013481,0.084172985459,300.0,37.7,,693.0,13.0,1.9,4.48,0.32,7.1,,,154732.0,11520.0,1.0,1.0,7.0,False
I91E,39.6611389398,-0.550725337053,0.31821932252,0.0845257943907,91.0,39.2,,846.0,35.0,4.1,6.71,0.79,11.8,,,126071.0,15714.0,1.0,1.0,10.0,False
K341A,40.0073726359,-1.72742739576,0.0606404966218,0.0735280460259,341.0,40.0,,1046.0,17.0,1.6,5.46,0.33,6.0,,,191689.0,12041.0,1.0,1.0,12.0,False
L171A,38.796212063,-0.657866853507,0.534203292265,0.210016303411,171.0,38.3,,807.0,9.0,1.1,11.09,0.42,3.8,,,72719.0,2851.0,1.0,1.0,11.0,False
L171R,38.8306070033,-0.772457197954,0.316478757049,0.18095207592,171.0,38.7,,403.0,7.0,1.7,3.36,0.23,6.8,,,120146.0,8506.0,1.0,1.0,14.0,False
L362M,40.0234319456,-0.68434470555,0.163174478808,0.064433347854,362.0,39.8,,917.0,9.2,1.0,5.2,0.19,3.7,,,176346.0,1.0,0.0,1.0,8.0,False
M261D,,,,,261.0,,no expression,,,,,,,,,,,0.0,0.0,12.0,False
M323A,37.1219724637,-0.825100862255,0.0784253812617,0.041648070312,323.0,36.9,,416.0,11.0,2.6,9.34,0.8,8.6,126.29,25.47,44477.0,3991.0,1.0,1.0,11.0,False
M323K,,,,,323.0,,no expression,,,,,,,,,,,1.0,0.0,13.0,False
M358T,39.5430924565,-1.51451988891,0.178694753159,0.252303697242,358.0,39.5,,436.0,11.0,2.5,4.83,0.48,9.9,,,90241.0,9225.0,1.0,1.0,12.0,False
N163A,41.1566020343,-0.496319848544,0.286003188314,0.0622476076836,163.0,40.8,,7.0,1.0,14.3,11.95,0.91,7.6,,,558.0,44.0,1.0,1.0,9.0,False
N163C,38.0472322864,-0.368527916744,0.312445807579,0.0379632171121,163.0,37.7,,26.0,1.0,3.8,5.42,0.32,5.9,,,4766.0,291.0,1.0,1.0,4.0,False
N163D,37.717465202,-0.402706772892,0.302383298125,0.0436624655193,163.0,38.3,,12.0,1.0,8.3,15.19,1.41,9.3,,,789.0,77.0,1.0,1.0,3.0,False
N163D_2,39.4337694991,-1.23477274444,0.108410745435,0.126172931424,,,,,,,,,,,,,,,,,False
N220A,38.845998246,-0.770216317763,0.188454214989,0.106797043863,220.0,38.6,,405.0,8.0,2.0,10.27,0.68,6.6,,,39425.0,2745.0,1.0,1.0,5.0,False
N220G,41.8858696855,-1.59743146464,0.219537049703,0.712249801709,220.0,41.9,,209.0,6.3,3.0,33.3,2.36,7.1,,,6276.0,1.0,0.0,1.0,13.0,False
N220H,39.5968690624,-0.930470595668,0.402711621781,0.271621988086,220.0,39.5,,123.0,1.0,0.8,5.14,0.21,4.1,,,23874.0,1031.0,1.0,1.0,10.0,False
N220R,39.5044011963,-0.720447201245,0.316355315332,0.140998876165,220.0,39.4,,14.9,0.5,3.5,12.5,1.39,11.1,,,1192.0,1.0,0.0,1.0,8.0,False
N220Y,41.7366525145,-0.381379591215,0.165892759043,0.0214972830042,220.0,41.6,,628.0,6.3,1.0,0.4,0.02,4.1,,,1570000.0,10.3,0.0,1.0,8.0,False
N293A,,,,,293.0,,below detection,13.0,1.0,7.7,9.67,0.44,4.6,,,1313.0,63.0,1.0,1.0,10.0,False
N293C,38.8819163585,-0.653946668902,0.368749461638,0.142606449402,293.0,38.7,,11.0,0.4,3.8,19.8,2.08,10.5,,,556.0,1.0,0.0,1.0,8.0,False
N293D,,,,,293.0,,below detection,,,,,,,,,,,0.0,0.0,8.0,False
N293Q,,,,,293.0,,below detection,,,,,,,,,10.0,1.0,0.0,1.0,8.0,False
N354A,40.7500918814,-0.605771170035,0.361757368467,0.116938288541,354.0,40.6,,3.0,1.0,33.3,5.38,0.67,12.5,,,547.0,70.0,1.0,1.0,9.0,False
N404A,41.9002806802,-1.36218207843,0.124794278162,0.284505156461,404.0,42.0,,4.0,1.0,25.0,9.42,0.42,4.5,,,393.0,18.0,1.0,1.0,9.0,False
N404C,42.6497130194,-1.36563190001,0.244701250799,0.2478774103,404.0,42.6,,85.2,3.7,4.3,14.4,1.9,13.2,,,5917.0,1.0,0.0,1.0,12.0,False
P329N,,,,,329.0,,no expression,,,,,,,,,,,1.0,0.0,5.0,False
Q19A,,,,,19.0,,below detection,,,,,,,,,11.0,3.0,1.0,1.0,13.0,False
Q19C,,,,,19.0,,below detection,,,,,,,,,10.0,1.0,1.0,1.0,3.0,False
Q19S,36.8249020878,-0.580007870257,0.177814066504,0.0522832001321,19.0,36.5,,,,,,,,,,13.0,3.0,1.0,1.0,14.0,False
Q313R,,,,,313.0,39.6,,689.0,24.0,3.5,3.58,0.51,14.2,,,192373.0,28109.0,1.0,1.0,15.0,False
Q313R_2,42.140125364,-1.36931076593,0.31251363725,0.508121319649,,,,,,,,,,,,,,,,,False
R240A,39.9004589065,-1.06112035607,0.122700621099,0.0905061981177,240.0,39.9,,11011.0,258.0,2.3,19.46,1.17,6.0,,,565763.0,36384.0,1.0,1.0,13.0,False
R240D,,,,,240.0,,below detection,282.0,4.0,1.4,10.82,0.47,4.3,,,26093.0,1196.0,1.0,1.0,10.0,False
R240E,,,,,240.0,,no expression,,,,,,,,,,,0.0,0.0,3.0,False
R240K,39.328970127,-1.47177235251,0.189172019014,0.32988917601,240.0,39.3,,898.0,59.0,6.6,17.67,3.32,18.8,,,50829.0,10102.0,1.0,1.0,3.0,False
R76A,,,,,76.0,,no expression,,,,,,,,,,,1.0,0.0,5.0,False
S14A,40.1609401399,-1.71992294817,0.298848579593,0.372302597801,14.0,40.0,,320.0,11.0,3.4,8.25,1.02,12.4,,,38823.0,4972.0,1.0,1.0,9.0,False
S16A,,,,,16.0,,below detection,154.0,1.0,0.6,14.01,0.4,2.9,,,10997.0,331.0,1.0,1.0,5.0,False
S16A_2,39.5248546874,-0.929655618691,0.213500225381,0.147692168846,,,,,,,,,,,,,,,,,False
S16N,,,,,16.0,,below detection,,,,,,,,,,,0.0,0.0,8.0,False
S17A,41.6583062529,-1.31240378006,0.144160112273,0.437266168071,17.0,41.6,,848.0,76.0,9.0,18.45,3.72,20.2,,,45978.0,10135.0,1.0,1.0,9.0,False
S17E,39.4705430801,-0.82196878561,0.136902234409,0.0780276280036,17.0,39.4,,641.0,9.0,1.4,7.32,0.38,5.2,,,87596.0,4719.0,1.0,1.0,15.0,False
S298E,39.6119810918,-0.982568149799,0.147796783522,0.107605289995,298.0,39.6,,809.0,2.0,0.2,5.28,0.05,0.9,,,153264.0,1391.0,1.0,1.0,3.0,False
S331A,39.290901334,-0.523317221713,0.333397998373,0.0804502480286,331.0,39.0,,817.0,5.0,0.6,4.34,0.11,2.5,,,188306.0,5055.0,1.0,1.0,14.0,False
S400A,39.9127036736,-0.64880333742,0.307241152921,0.110595679157,400.0,39.8,,531.0,9.0,1.7,3.22,0.22,6.8,,,164795.0,11833.0,1.0,1.0,13.0,False
T15A,39.1727698804,-0.575007421368,0.234349928257,0.0684810353582,15.0,38.7,,614.0,14.7,2.4,5.3,0.48,9.0,,,115849.0,1.7,0.0,1.0,2.0,False
T175R,38.0619375692,-0.535696076305,0.112593916791,0.0285482279482,175.0,37.8,,801.0,8.0,1.0,3.59,0.15,4.2,,,223033.0,9663.0,1.0,1.0,7.0,False
T218A,40.0808947343,-1.14775668452,0.0881657663041,0.0703909689406,218.0,40.0,,464.0,18.0,3.9,6.51,0.94,14.4,,,71280.0,10669.0,1.0,1.0,2.0,False
T296A,,,,,296.0,,no expression,109.0,2.0,1.8,11.05,0.77,7.0,142.75,28.67,9904.0,722.0,1.0,0.0,16.0,False
T352A,38.1056306132,-0.784848630687,0.299602026221,0.170431112286,352.0,38.0,,60.0,2.0,3.3,14.26,1.76,12.3,,,4174.0,541.0,1.0,1.0,2.0,False
V52G,39.2791056155,-1.12809285628,0.117954821247,0.134837876958,52.0,39.2,,687.0,13.0,1.9,8.25,0.54,6.5,,,83371.0,5707.0,1.0,1.0,12.0,False
W120A,,,,,120.0,,below detection,,,,,,,,,10.0,1.0,1.0,0.0,9.0,False
W120F,41.6796149899,-0.507701555798,0.355648735591,0.0810823878445,120.0,41.5,,472.0,21.0,4.4,16.08,2.07,12.9,,,29334.0,3980.0,1.0,1.0,15.0,False
W120H,40.0878922446,-0.645792657472,0.140254426077,0.05003956464,120.0,39.9,,84.0,2.0,2.4,89.18,4.31,4.8,,,943.0,53.0,1.0,1.0,3.0,False
W325A,40.1284043231,-0.614360255678,0.451731867876,0.147225310612,325.0,40.2,,29.0,1.0,3.4,1.61,0.23,14.3,171.02,19.85,18243.0,2607.0,1.0,1.0,6.0,False
W325C,39.2966459604,-1.02554351141,0.152523666993,0.142204298058,325.0,39.2,,10.0,1.0,10.0,4.18,0.53,12.7,159.19,34.38,2503.0,327.0,1.0,1.0,12.0,False
W325G,,,,,325.0,,no expression,,,,,,,,,,,0.0,0.0,10.0,False
W325H,,,,,325.0,,below detection,35.0,1.0,2.9,3.08,0.43,14.0,143.45,25.04,11358.0,1645.0,1.0,1.0,7.0,False
W325L,,,,,325.0,,below detection,109.0,2.0,1.8,5.74,0.35,6.1,,,18909.0,1198.0,1.0,1.0,15.0,False
W325L_2,42.6492296865,-1.34996835397,0.256564853225,0.256595796959,,,,,,,,,,,,,,,,,False
W325R,40.0082862622,-0.819243154608,0.148479219255,0.077986582654,325.0,,no expression,,,,,,,,,,,0.0,0.0,3.0,False
W34A,,,,,34.0,,no expression,,,,,,,,,,,1.0,0.0,6.0,False
W399A,,,,,399.0,,below detection,1.0,0.1,10.0,16.65,2.52,15.1,,,14.0,2.0,1.0,0.0,15.0,False
W399C,,,,,399.0,,below detection,3.0,1.0,33.3,70.33,5.89,8.4,,,39.0,4.0,1.0,1.0,12.0,False
W399G,,,,,399.0,,below detection,,,,,,,,,10.0,1.0,1.0,1.0,3.0,False
W399R,,,,,399.0,,below detection,1.0,0.1,6.4,3.3,0.86,26.2,,,303.0,10.2,0.0,1.0,8.0,False
W399S,,,,,399.0,,below detection,,,,,,,,,10.0,1.0,1.0,1.0,3.0,False
W407A,,,,,407.0,,no expression,,,,,,,,,,,1.0,0.0,2.0,False
W407G,,,,,407.0,,no expression,,,,,,,,,,,1.0,0.0,6.0,False
W407Q,,,,,407.0,,no expression,,,,,,,,,,,1.0,0.0,5.0,False
W407R,,,,,407.0,,no expression,,,,,,,,,,,1.0,0.0,5.0,False
W409Y,36.7526158011,-0.404220438067,0.137057178307,0.0200892286028,409.0,36.6,,809.0,12.9,1.6,2.6,0.18,7.1,,,311154.0,2.7,0.0,1.0,8.0,False
Y166P,,,,,166.0,,no expression,27.0,1.0,3.7,2.5,0.45,18.0,94.95,10.18,10596.0,1981.0,1.0,0.0,14.0,False
Y18A,38.2568526764,-0.472039609283,0.227060365583,0.044724001053,18.0,37.2,,197.0,9.0,4.6,31.55,3.61,11.4,,,6230.0,773.0,1.0,1.0,1.0,False
Y294A,40.3662096866,-1.02969894112,0.199159101822,0.150533649899,294.0,40.0,,166.0,2.0,1.2,4.98,0.17,3.4,,,33260.0,1180.0,1.0,1.0,15.0,False
Y294F,,,,,294.0,,below detection,735.0,11.0,1.5,5.99,0.32,5.3,,,122751.0,6883.0,1.0,1.0,15.0,False
Y294F_2,40.7945656353,-1.18189808438,0.110862472841,0.142294653049,,,,,,,,,,,,,,,,,False
Y295A,,,,,295.0,,catalytic residue,,,,,,,,,10.0,1.0,1.0,1.0,7.0,False
Y295G,,,,,295.0,,catalytic residue,,,,,,,,,10.0,1.0,0.0,1.0,3.0,False
