well,rate,mutant
A4,1.30E-04,A195S
B4,8.00E-05,A195S
C4,2.10E-04,A195S
D4,4.07E-03,A195S
E4,1.14E-01,A195S
F4,1.60E-01,A195S
G4,1.62E-01,A195S
H4,1.16E-01,A195S
A5,-1.30E-04,A195S
B5,1.30E-04,A195S
C5,1.80E-04,A195S
D5,3.55E-03,A195S
E5,1.10E-01,A195S
F5,1.36E-01,A195S
G5,1.73E-01,A195S
H5,1.35E-01,A195S
A6,7.00E-05,A195S
B6,8.00E-05,A195S
C6,2.30E-04,A195S
D6,3.14E-03,A195S
E6,1.44E-01,A195S
F6,1.32E-01,A195S
G6,1.82E-01,A195S
H6,1.50E-01,A195S
A1,1.00E-04,A356A
B1,1.90E-04,A356A
C1,6.80E-04,A356A
D1,5.77E-02,A356A
E1,3.62E-01,A356A
F1,4.37E-01,A356A
G1,4.21E-01,A356A
H1,4.35E-01,A356A
A2,9.00E-05,A356A
B2,1.50E-04,A356A
C2,6.20E-04,A356A
D2,5.82E-02,A356A
E2,3.55E-01,A356A
F2,3.88E-01,A356A
G2,4.03E-01,A356A
H2,4.19E-01,A356A
A3,1.00E-04,A356A
B3,1.60E-04,A356A
C3,6.90E-04,A356A
D3,6.94E-02,A356A
E3,3.58E-01,A356A
F3,3.67E-01,A356A
G3,3.97E-01,A356A
H3,4.08E-01,A356A
A4,2.12E-04,A357A
B4,2.07E-04,A357A
C4,4.47E-04,A357A
D4,1.13E-02,A357A
E4,2.20E-02,A357A
F4,1.82E-02,A357A
G4,2.03E-02,A357A
H4,2.72E-02,A357A
A5,1.65E-04,A357A
B5,2.02E-04,A357A
C5,4.05E-04,A357A
D5,7.42E-03,A357A
E5,2.07E-02,A357A
F5,1.68E-02,A357A
G5,1.90E-02,A357A
H5,2.54E-02,A357A
A6,2.08E-04,A357A
B6,2.09E-04,A357A
C6,3.93E-04,A357A
D6,6.55E-03,A357A
E6,2.10E-02,A357A
F6,1.79E-02,A357A
G6,2.00E-02,A357A
H6,2.43E-02,A357A
A7,1.10E-04,A408A
B7,1.70E-04,A408A
C7,5.90E-04,A408A
D7,5.15E-02,A408A
E7,3.77E-01,A408A
F7,4.28E-01,A408A
G7,4.31E-01,A408A
H7,3.94E-01,A408A
A8,1.00E-04,A408A
B8,1.90E-04,A408A
C8,6.30E-04,A408A
D8,6.26E-02,A408A
E8,4.08E-01,A408A
F8,4.00E-01,A408A
G8,4.49E-01,A408A
H8,4.42E-01,A408A
A9,-1.30E-04,A408A
B9,1.70E-04,A408A
C9,6.80E-04,A408A
D9,6.16E-02,A408A
E9,3.79E-01,A408A
F9,4.23E-01,A408A
G9,4.45E-01,A408A
H9,4.55E-01,A408A
A1,2.74E-05,C167A
B1,6.69E-05,C167A
C1,6.50E-04,C167A
D1,1.43E-02,C167A
E1,1.04E-01,C167A
F1,1.12E-01,C167A
G1,9.79E-02,C167A
H1,1.06E-01,C167A
A2,1.65E-05,C167A
B2,1.30E-04,C167A
C2,6.72E-04,C167A
D2,4.23E-03,C167A
E2,8.09E-02,C167A
F2,1.05E-01,C167A
G2,1.09E-01,C167A
H2,3.24E-02,C167A
A3,-2.76E-05,C167A
B3,3.24E-05,C167A
C3,6.67E-04,C167A
D3,9.17E-03,C167A
E3,9.43E-02,C167A
F3,1.06E-01,C167A
G3,8.21E-02,C167A
H3,6.07E-02,C167A
A4,3.39E-05,C167Q
B4,-1.05E-04,C167Q
C4,1.45E-04,C167Q
D4,9.40E-04,C167Q
E4,4.54E-03,C167Q
F4,6.33E-03,C167Q
G4,6.92E-03,C167Q
H4,7.19E-03,C167Q
A5,-6.06E-05,C167Q
B5,-5.94E-05,C167Q
C5,1.47E-04,C167Q
D5,8.30E-04,C167Q
E5,4.10E-03,C167Q
F5,6.16E-03,C167Q
G5,6.69E-03,C167Q
H5,6.89E-03,C167Q
A6,1.44E-04,C167Q
B6,5.82E-05,C167Q
C6,1.25E-04,C167Q
D6,7.07E-04,C167Q
E6,4.30E-03,C167Q
F6,6.00E-03,C167Q
G6,7.02E-03,C167Q
H6,7.81E-03,C167Q
A10,-1.10E-04,D403A
B10,-6.00E-05,D403A
C10,-8.00E-05,D403A
D10,-5.00E-05,D403A
E10,-7.00E-05,D403A
F10,-1.10E-04,D403A
G10,6.00E-05,D403A
H10,5.00E-05,D403A
A11,7.00E-05,D403A
B11,-9.00E-05,D403A
C11,-9.00E-05,D403A
D11,-9.00E-05,D403A
E11,-8.00E-05,D403A
F11,-5.00E-05,D403A
G11,-5.00E-05,D403A
H11,-7.00E-05,D403A
A12,9.00E-05,D403A
B12,-5.00E-05,D403A
C12,-6.00E-05,D403A
D12,-6.00E-05,D403A
E12,-6.00E-05,D403A
F12,-8.00E-05,D403A
G12,1.00E-04,D403A
H12,6.00E-05,D403A
A7,7.00E-05,E154D
B7,-8.00E-05,E154D
C7,1.50E-04,E154D
D7,1.97E-03,E154D
E7,1.70E-02,E154D
F7,2.50E-02,E154D
G7,2.94E-02,E154D
H7,1.44E-02,E154D
A8,-1.30E-04,E154D
B8,1.10E-04,E154D
C8,2.70E-04,E154D
D8,2.29E-03,E154D
E8,1.71E-02,E154D
F8,2.33E-02,E154D
G8,2.93E-02,E154D
H8,2.39E-02,E154D
A9,1.00E-04,E154D
B9,8.00E-05,E154D
C9,-7.80E-04,E154D
D9,2.50E-03,E154D
E9,1.55E-02,E154D
F9,2.61E-02,E154D
G9,2.72E-02,E154D
H9,2.60E-02,E154D
A1,-4.67E-05,E164A
B1,-3.52E-05,E164A
C1,-3.45E-05,E164A
D1,1.38E-04,E164A
E1,8.73E-05,E164A
F1,4.12E-05,E164A
G1,4.61E-05,E164A
H1,3.15E-05,E164A
A2,5.21E-05,E164A
B2,-4.67E-05,E164A
C2,5.21E-05,E164A
D2,1.58E-04,E164A
E2,1.22E-04,E164A
F2,5.64E-05,E164A
G2,-1.03E-04,E164A
H2,2.73E-05,E164A
A3,-4.12E-05,E164A
B3,4.48E-05,E164A
C3,4.30E-05,E164A
D3,5.58E-05,E164A
E3,4.67E-05,E164A
F3,5.70E-05,E164A
G3,2.61E-05,E164A
H3,5.64E-05,E164A
A7,9.00E-05,E164G
B7,-7.00E-05,E164G
C7,-4.10E-04,E164G
D7,1.70E-04,E164G
E7,-1.40E-04,E164G
F7,-8.00E-05,E164G
G7,1.40E-04,E164G
H7,8.00E-05,E164G
A8,9.00E-05,E164G
B8,1.80E-04,E164G
C8,-1.50E-04,E164G
D8,2.10E-04,E164G
E8,-5.00E-05,E164G
F8,1.20E-04,E164G
G8,-7.00E-05,E164G
H8,1.40E-04,E164G
A9,-7.00E-05,E164G
B9,1.40E-04,E164G
C9,9.00E-05,E164G
D9,-4.20E-04,E164G
E9,-1.70E-04,E164G
F9,1.20E-04,E164G
G9,8.00E-05,E164G
H9,9.00E-05,E164G
A4,-2.80E-04,E164R
B4,-1.15E-04,E164R
C4,-1.67E-04,E164R
D4,-5.45E-05,E164R
E4,-1.33E-04,E164R
F4,-1.20E-04,E164R
G4,-7.58E-05,E164R
H4,-3.58E-05,E164R
A5,-7.52E-05,E164R
B5,-9.88E-05,E164R
C5,-9.27E-05,E164R
D5,3.19E-03,E164R
E5,-5.33E-05,E164R
F5,-1.51E-04,E164R
G5,-5.88E-05,E164R
H5,-6.24E-05,E164R
A6,9.76E-05,E164R
B6,-1.79E-04,E164R
C6,-1.21E-04,E164R
D6,-9.76E-05,E164R
E6,-5.70E-05,E164R
F6,-1.52E-04,E164R
G6,-9.03E-05,E164R
H6,-5.03E-05,E164R
A4,8.00E-05,E177A
B4,-8.00E-05,E177A
C4,1.80E-04,E177A
D4,3.93E-03,E177A
E4,8.43E-02,E177A
F4,9.34E-02,E177A
G4,1.76E-01,E177A
H4,1.95E-01,E177A
A5,-1.00E-04,E177A
B5,-8.00E-05,E177A
C5,1.70E-04,E177A
D5,3.72E-03,E177A
E5,8.75E-02,E177A
F5,1.49E-01,E177A
G5,1.70E-01,E177A
H5,1.98E-01,E177A
A6,7.80E-04,E177A
B6,1.00E-04,E177A
C6,2.40E-04,E177A
D6,2.93E-03,E177A
E6,8.85E-02,E177A
F6,1.45E-01,E177A
G6,1.68E-01,E177A
H6,1.81E-01,E177A
A7,9.27E-05,E180K
B7,1.26E-04,E180K
C7,-9.58E-05,E180K
D7,2.49E-04,E180K
E7,1.44E-03,E180K
F7,4.12E-03,E180K
G7,5.26E-03,E180K
H7,4.74E-03,E180K
A8,7.52E-05,E180K
B8,-2.36E-04,E180K
C8,9.88E-05,E180K
D8,1.05E-04,E180K
E8,1.02E-03,E180K
F8,3.83E-03,E180K
G8,5.19E-03,E180K
H8,4.55E-03,E180K
A9,9.39E-05,E180K
B9,-1.98E-04,E180K
C9,-1.33E-04,E180K
D9,1.70E-04,E180K
E9,1.05E-03,E180K
F9,1.98E-03,E180K
G9,5.03E-03,E180K
H9,4.38E-03,E180K
A4,6.42E-05,E180L
B4,8.85E-05,E180L
C4,1.25E-04,E180L
D4,2.19E-03,E180L
E4,8.64E-03,E180L
F4,8.37E-03,E180L
G4,8.33E-03,E180L
H4,9.94E-03,E180L
A5,4.61E-05,E180L
B5,5.58E-05,E180L
C5,1.07E-04,E180L
D5,1.64E-03,E180L
E5,7.50E-03,E180L
F5,8.07E-03,E180L
G5,4.25E-03,E180L
H5,9.87E-03,E180L
A6,7.52E-05,E180L
B6,5.39E-05,E180L
C6,9.45E-05,E180L
D6,3.47E-04,E180L
E6,6.88E-03,E180L
F6,7.71E-03,E180L
G6,1.03E-02,E180L
H6,9.13E-03,E180L
A1,-4.24E-05,E222A
B1,-1.33E-04,E222A
C1,1.78E-04,E222A
D1,1.69E-04,E222A
E1,1.95E-03,E222A
F1,5.02E-03,E222A
G1,7.38E-03,E222A
H1,6.86E-03,E222A
A2,-7.39E-05,E222A
B2,-1.54E-04,E222A
C2,6.03E-04,E222A
D2,2.07E-04,E222A
E2,1.93E-03,E222A
F2,4.93E-03,E222A
G2,7.52E-03,E222A
H2,6.86E-03,E222A
A3,4.12E-05,E222A
B3,-2.17E-04,E222A
C3,3.47E-04,E222A
D3,1.54E-04,E222A
E3,1.56E-03,E222A
F3,4.47E-03,E222A
G3,7.06E-03,E222A
H3,6.92E-03,E222A
A10,1.30E-04,E222H
B10,5.90E-04,E222H
C10,-1.40E-04,E222H
D10,1.30E-04,E222H
E10,3.60E-04,E222H
F10,1.43E-03,E222H
G10,3.83E-03,E222H
H10,4.87E-03,E222H
A11,-2.20E-04,E222H
B11,1.90E-04,E222H
C11,1.10E-04,E222H
D11,1.30E-04,E222H
E11,4.40E-04,E222H
F11,1.99E-03,E222H
G11,3.34E-03,E222H
H11,4.67E-03,E222H
A12,8.00E-05,E222H
B12,-2.30E-04,E222H
C12,-2.10E-04,E222H
D12,4.10E-04,E222H
E12,3.90E-04,E222H
F12,1.43E-03,E222H
G12,4.00E-03,E222H
H12,4.41E-03,E222H
A7,4.30E-05,E222K
B7,-9.33E-05,E222K
C7,6.41E-04,E222K
D7,2.51E-02,E222K
E7,1.83E-01,E222K
F7,1.42E-01,E222K
G7,2.31E-01,E222K
H7,2.08E-01,E222K
A8,2.55E-05,E222K
B8,-1.15E-04,E222K
C8,6.52E-04,E222K
D8,1.13E-04,E222K
E8,6.64E-02,E222K
F8,1.68E-01,E222K
G8,1.97E-01,E222K
H8,1.82E-01,E222K
A9,-8.91E-05,E222K
B9,7.58E-05,E222K
C9,2.58E-04,E222K
D9,4.90E-02,E222K
E9,1.86E-01,E222K
F9,1.97E-01,E222K
G9,1.93E-01,E222K
H9,1.65E-01,E222K
A10,-5.45E-05,E222Q
B10,7.03E-05,E222Q
C10,3.64E-04,E222Q
D10,2.26E-02,E222Q
E10,1.26E-01,E222Q
F10,1.75E-01,E222Q
G10,1.57E-01,E222Q
H10,1.20E-01,E222Q
A11,-9.39E-05,E222Q
B11,6.00E-05,E222Q
C11,7.27E-04,E222Q
D11,2.22E-02,E222Q
E11,1.26E-01,E222Q
F11,1.43E-01,E222Q
G11,1.15E-01,E222Q
H11,1.27E-01,E222Q
A12,-9.94E-05,E222Q
B12,4.91E-05,E222Q
C12,5.66E-04,E222Q
D12,1.80E-02,E222Q
E12,1.20E-01,E222Q
F12,1.41E-01,E222Q
G12,1.36E-01,E222Q
H12,1.26E-01,E222Q
A1,-2.67E-05,E222R
B1,3.39E-05,E222R
C1,-3.94E-05,E222R
D1,4.42E-05,E222R
E1,1.92E-04,E222R
F1,2.97E-04,E222R
G1,3.02E-04,E222R
H1,2.82E-04,E222R
A2,-4.97E-05,E222R
B2,1.94E-05,E222R
C2,-2.67E-05,E222R
D2,4.12E-05,E222R
E2,1.74E-04,E222R
F2,2.81E-04,E222R
G2,2.79E-04,E222R
H2,2.64E-04,E222R
A3,2.79E-05,E222R
B3,1.52E-05,E222R
C3,-3.70E-05,E222R
D3,4.85E-05,E222R
E3,1.62E-04,E222R
F3,2.81E-04,E222R
G3,2.88E-04,E222R
H3,2.91E-04,E222R
A4,3.64E-05,E222Y
B4,3.27E-05,E222Y
C4,3.27E-05,E222Y
D4,-1.04E-04,E222Y
E4,4.06E-05,E222Y
F4,1.30E-04,E222Y
G4,1.84E-04,E222Y
H4,1.67E-04,E222Y
A5,-4.24E-05,E222Y
B5,2.18E-05,E222Y
C5,-3.15E-05,E222Y
D5,-4.06E-05,E222Y
E5,4.79E-05,E222Y
F5,1.33E-04,E222Y
G5,1.64E-04,E222Y
H5,1.45E-04,E222Y
A6,-3.15E-05,E222Y
B6,2.36E-05,E222Y
C6,-3.21E-05,E222Y
D6,2.24E-05,E222Y
E6,4.55E-05,E222Y
F6,1.31E-04,E222Y
G6,1.70E-04,E222Y
H6,1.65E-04,E222Y
A4,-2.05E-05,E353A
B4,-3.34E-05,E353A
C4,1.62E-05,E353A
D4,1.58E-05,E353A
E4,-5.18E-05,E353A
F4,-9.20E-05,E353A
G4,3.64E-05,E353A
H4,-1.41E-05,E353A
A5,3.27E-05,E353A
B5,-1.84E-05,E353A
C5,2.28E-05,E353A
D5,-1.74E-05,E353A
E5,-7.63E-05,E353A
F5,-6.02E-05,E353A
G5,-8.34E-05,E353A
H5,-7.59E-06,E353A
A6,-2.74E-05,E353A
B6,-4.08E-05,E353A
C6,-2.31E-05,E353A
D6,-1.13E-05,E353A
E6,-8.61E-05,E353A
F6,5.43E-05,E353A
G6,-7.40E-05,E353A
H6,-1.12E-05,E353A
A1,1.74E-04,E406A
B1,9.82E-05,E406A
C1,6.01E-04,E406A
D1,2.96E-02,E406A
E1,3.29E-01,E406A
F1,3.61E-01,E406A
G1,3.48E-01,E406A
H1,3.58E-01,E406A
A2,4.97E-05,E406A
B2,4.67E-05,E406A
C2,-4.05E-04,E406A
D2,2.79E-02,E406A
E2,3.46E-01,E406A
F2,2.79E-05,E406A
G2,3.40E-01,E406A
H2,2.88E-01,E406A
A3,7.33E-05,E406A
B3,-4.35E-04,E406A
C3,4.27E-04,E406A
D3,3.84E-02,E406A
E3,3.69E-01,E406A
F3,3.62E-01,E406A
G3,3.54E-01,E406A
H3,3.88E-01,E406A
A7,5.76E-05,E406D
B7,-1.81E-04,E406D
C7,-1.16E-04,E406D
D7,2.14E-04,E406D
E7,7.08E-04,E406D
F7,7.27E-04,E406D
G7,6.93E-04,E406D
H7,7.09E-04,E406D
A8,-1.44E-04,E406D
B8,-8.30E-05,E406D
C8,6.85E-05,E406D
D8,2.25E-04,E406D
E8,6.57E-04,E406D
F8,7.57E-04,E406D
G8,7.05E-04,E406D
H8,7.14E-04,E406D
A9,-3.82E-05,E406D
B9,-1.75E-04,E406D
C9,8.55E-05,E406D
D9,2.15E-04,E406D
E9,6.32E-04,E406D
F9,6.81E-04,E406D
G9,7.02E-04,E406D
H9,7.12E-04,E406D
A4,8.00E-05,E426S
B4,1.60E-04,E426S
C4,4.10E-04,E426S
D4,2.57E-02,E426S
E4,3.60E-01,E426S
F4,4.07E-01,E426S
G4,4.48E-01,E426S
H4,4.58E-01,E426S
A5,1.00E-04,E426S
B5,1.30E-04,E426S
C5,2.30E-04,E426S
D5,2.22E-02,E426S
E5,3.58E-01,E426S
F5,4.40E-01,E426S
G5,4.68E-01,E426S
H5,4.48E-01,E426S
A6,9.00E-05,E426S
B6,1.30E-04,E426S
C6,3.50E-04,E426S
D6,1.63E-02,E426S
E6,3.78E-01,E426S
F6,4.42E-01,E426S
G6,4.52E-01,E426S
H6,4.50E-01,E426S
A7,-2.91E-05,F415A
B7,-8.42E-05,F415A
C7,5.39E-05,F415A
D7,1.97E-04,F415A
E7,4.43E-04,F415A
F7,5.08E-04,F415A
G7,4.74E-04,F415A
H7,5.08E-04,F415A
A8,1.32E-03,F415A
B8,-1.94E-05,F415A
C8,8.48E-05,F415A
D8,2.13E-04,F415A
E8,4.03E-04,F415A
F8,4.94E-04,F415A
G8,4.32E-04,F415A
H8,5.62E-04,F415A
A9,-5.58E-05,F415A
B9,-3.21E-05,F415A
C9,6.12E-05,F415A
D9,2.55E-04,F415A
E9,4.24E-04,F415A
F9,5.08E-04,F415A
G9,5.02E-04,F415A
H9,5.36E-04,F415A
A10,6.74E-05,F415N
B10,-1.35E-04,F415N
C10,-4.17E-05,F415N
D10,-6.45E-05,F415N
E10,1.07E-04,F415N
F10,-3.62E-05,F415N
G10,-1.75E-05,F415N
H10,-3.71E-05,F415N
A11,-1.92E-05,F415N
B11,-4.38E-05,F415N
C11,-4.26E-05,F415N
D11,-1.03E-04,F415N
E11,-6.02E-05,F415N
F11,1.84E-05,F415N
G11,-3.53E-05,F415N
H11,-2.99E-05,F415N
A12,-4.20E-05,F415N
B12,-1.01E-04,F415N
C12,-9.31E-05,F415N
D12,-6.66E-05,F415N
E12,-2.26E-04,F415N
F12,-3.29E-05,F415N
G12,4.41E-05,F415N
H12,-6.06E-05,F415N
A4,3.79E-05,F75H
B4,1.09E-04,F75H
C4,6.17E-04,F75H
D4,3.49E-03,F75H
E4,1.44E-02,F75H
F4,1.38E-02,F75H
G4,1.81E-02,F75H
H4,1.57E-02,F75H
A5,3.73E-05,F75H
B5,1.02E-04,F75H
C5,5.53E-04,F75H
D5,3.63E-03,F75H
E5,9.38E-03,F75H
F5,1.40E-02,F75H
G5,1.55E-02,F75H
H5,1.34E-02,F75H
A6,2.70E-05,F75H
B6,7.92E-05,F75H
C6,3.68E-04,F75H
D6,3.24E-03,F75H
E6,8.45E-03,F75H
F6,1.16E-02,F75H
G6,1.80E-02,F75H
H6,1.22E-02,F75H
A10,3.03E-05,G355A
B10,-4.24E-05,G355A
C10,-1.14E-04,G355A
D10,-1.52E-05,G355A
E10,9.88E-05,G355A
F10,-4.85E-05,G355A
G10,-8.67E-05,G355A
H10,-8.24E-05,G355A
A11,-8.48E-05,G355A
B11,-5.15E-05,G355A
C11,5.15E-05,G355A
D11,-5.03E-05,G355A
E11,6.36E-05,G355A
F11,-7.76E-05,G355A
G11,-7.58E-05,G355A
H11,-5.33E-05,G355A
A12,6.24E-05,G355A
B12,-7.21E-05,G355A
C12,-1.35E-04,G355A
D12,-9.27E-05,G355A
E12,9.82E-05,G355A
F12,-6.06E-05,G355A
G12,-5.94E-05,G355A
H12,5.33E-05,G355A
A4,1.60E-04,H101R
B4,3.70E-04,H101R
C4,1.09E-03,H101R
D4,1.48E-01,H101R
E4,4.54E-01,H101R
F4,5.05E-01,H101R
G4,5.70E-01,H101R
H4,5.56E-01,H101R
A5,1.60E-04,H101R
B5,2.30E-04,H101R
C5,1.00E-03,H101R
D5,1.16E-01,H101R
E5,4.70E-01,H101R
F5,5.06E-01,H101R
G5,5.38E-01,H101R
H5,5.53E-01,H101R
A6,2.10E-04,H101R
B6,2.60E-04,H101R
C6,9.10E-04,H101R
D6,9.06E-02,H101R
E6,4.51E-01,H101R
F6,5.18E-01,H101R
G6,5.27E-01,H101R
H6,5.20E-01,H101R
A1,2.61E-05,H119A
B1,2.73E-05,H119A
C1,2.24E-05,H119A
D1,8.18E-05,H119A
E1,3.25E-04,H119A
F1,3.60E-04,H119A
G1,3.92E-04,H119A
H1,3.90E-04,H119A
A2,2.24E-05,H119A
B2,4.91E-05,H119A
C2,2.48E-05,H119A
D2,8.18E-05,H119A
E2,3.55E-04,H119A
F2,3.66E-04,H119A
G2,4.02E-04,H119A
H2,4.15E-04,H119A
A3,-6.00E-05,H119A
B3,2.79E-05,H119A
C3,2.42E-05,H119A
D3,8.42E-05,H119A
E3,4.00E-04,H119A
F3,4.23E-04,H119A
G3,3.85E-04,H119A
H3,4.07E-04,H119A
A1,1.07E-04,H122E
B1,4.97E-05,H122E
C1,1.32E-04,H122E
D1,3.03E-05,H122E
E1,8.79E-05,H122E
F1,-3.09E-05,H122E
G1,3.39E-05,H122E
H1,2.36E-05,H122E
A2,4.73E-05,H122E
B2,-5.27E-05,H122E
C2,-1.10E-04,H122E
D2,7.64E-05,H122E
E2,-8.85E-05,H122E
F2,4.67E-05,H122E
G2,-3.52E-05,H122E
H2,2.61E-05,H122E
A3,2.97E-05,H122E
B3,2.06E-05,H122E
C3,-5.70E-05,H122E
D3,-8.24E-05,H122E
E3,2.65E-04,H122E
F3,-5.09E-05,H122E
G3,4.85E-05,H122E
H3,3.03E-05,H122E
A7,-2.60E-04,H122N
B7,-3.00E-04,H122N
C7,2.20E-04,H122N
D7,-3.80E-04,H122N
E7,3.40E-04,H122N
F7,1.60E-04,H122N
G7,-2.40E-04,H122N
H7,1.50E-04,H122N
A8,-2.00E-04,H122N
B8,3.10E-04,H122N
C8,-3.70E-04,H122N
D8,-1.80E-04,H122N
E8,-2.90E-04,H122N
F8,-2.30E-04,H122N
G8,-4.10E-04,H122N
H8,-1.10E-04,H122N
A9,1.80E-04,H122N
B9,-3.80E-04,H122N
C9,3.00E-04,H122N
D9,-4.40E-04,H122N
E9,1.50E-04,H122N
F9,-1.90E-04,H122N
G9,-2.30E-04,H122N
H9,2.90E-04,H122N
A1,1.72E-05,H178A
B1,2.71E-05,H178A
C1,1.60E-05,H178A
D1,1.62E-05,H178A
E1,1.28E-03,H178A
F1,9.34E-03,H178A
G1,2.50E-02,H178A
H1,3.75E-02,H178A
A2,-1.81E-05,H178A
B2,1.19E-05,H178A
C2,6.83E-05,H178A
D2,1.86E-05,H178A
E2,1.28E-03,H178A
F2,8.85E-03,H178A
G2,2.52E-02,H178A
H2,2.96E-02,H178A
A3,2.49E-05,H178A
B3,1.41E-05,H178A
C3,2.08E-05,H178A
D3,1.68E-05,H178A
E3,1.01E-03,H178A
F3,8.60E-03,H178A
G3,2.23E-02,H178A
H3,3.51E-02,H178A
A7,6.67E-05,H178R
B7,3.58E-05,H178R
C7,-5.09E-05,H178R
D7,9.45E-05,H178R
E7,3.03E-05,H178R
F7,4.42E-05,H178R
G7,-3.52E-05,H178R
H7,-6.85E-05,H178R
A8,-2.97E-05,H178R
B8,3.76E-05,H178R
C8,-5.45E-05,H178R
D8,-5.33E-05,H178R
E8,-3.52E-05,H178R
F8,-4.67E-05,H178R
G8,3.45E-05,H178R
H8,-7.64E-05,H178R
A9,8.06E-05,H178R
B9,-7.88E-05,H178R
C9,4.91E-05,H178R
D9,-3.94E-05,H178R
E9,-4.48E-05,H178R
F9,2.67E-05,H178R
G9,-4.42E-05,H178R
H9,-3.94E-05,H178R
A4,4.49E-05,H315E
B4,9.28E-05,H315E
C4,5.99E-04,H315E
D4,1.30E-02,H315E
E4,4.32E-02,H315E
F4,1.79E-02,H315E
G4,2.92E-02,H315E
H4,1.63E-02,H315E
A5,4.80E-05,H315E
B5,1.10E-04,H315E
C5,2.47E-04,H315E
D5,4.24E-03,H315E
E5,1.27E-02,H315E
F5,2.78E-02,H315E
G5,2.87E-02,H315E
H5,1.97E-02,H315E
A6,7.05E-05,H315E
B6,7.82E-05,H315E
C6,1.20E-04,H315E
D6,2.66E-03,H315E
E6,8.90E-03,H315E
F6,8.44E-03,H315E
G6,3.00E-02,H315E
H6,1.51E-02,H315E
A1,-2.79E-05,H315N
B1,-3.58E-05,H315N
C1,4.24E-05,H315N
D1,-2.36E-05,H315N
E1,1.11E-04,H315N
F1,-2.67E-05,H315N
G1,-6.91E-05,H315N
H1,-2.00E-05,H315N
A2,3.21E-05,H315N
B2,-1.12E-04,H315N
C2,-4.12E-05,H315N
D2,-3.76E-05,H315N
E2,-2.42E-05,H315N
F2,-3.15E-05,H315N
G2,-6.00E-05,H315N
H2,1.52E-05,H315N
A3,5.64E-05,H315N
B3,-2.79E-05,H315N
C3,-5.27E-05,H315N
D3,-2.97E-05,H315N
E3,-5.94E-05,H315N
F3,-3.94E-05,H315N
G3,-1.15E-04,H315N
H3,-2.42E-05,H315N
A4,1.30E-04,H373R
B4,8.00E-05,H373R
C4,2.10E-04,H373R
D4,4.07E-03,H373R
E4,1.14E-01,H373R
F4,1.60E-01,H373R
G4,1.62E-01,H373R
H4,1.16E-01,H373R
A5,-1.30E-04,H373R
B5,1.30E-04,H373R
C5,1.80E-04,H373R
D5,3.55E-03,H373R
E5,1.10E-01,H373R
F5,1.36E-01,H373R
G5,1.73E-01,H373R
H5,1.35E-01,H373R
A6,7.00E-05,H373R
B6,8.00E-05,H373R
C6,2.30E-04,H373R
D6,3.14E-03,H373R
E6,1.44E-01,H373R
F6,1.32E-01,H373R
G6,1.82E-01,H373R
H6,1.50E-01,H373R
A10,9.00E-05,H379R
B10,-1.00E-04,H379R
C10,-1.60E-04,H379R
D10,9.00E-05,H379R
E10,6.00E-05,H379R
F10,-8.00E-05,H379R
G10,-2.10E-04,H379R
H10,-9.00E-05,H379R
A11,-1.10E-04,H379R
B11,-1.10E-04,H379R
C11,8.00E-05,H379R
D11,8.00E-05,H379R
E11,-1.90E-04,H379R
F11,-8.00E-05,H379R
G11,-3.03E-03,H379R
H11,-1.40E-04,H379R
A12,-8.00E-05,H379R
B12,1.30E-04,H379R
C12,-1.00E-04,H379R
D12,-8.00E-05,H379R
E12,-1.50E-04,H379R
F12,9.00E-05,H379R
G12,-1.10E-04,H379R
H12,-8.00E-05,H379R
A7,1.00E-04,H379T
B7,2.60E-04,H379T
C7,-1.00E-04,H379T
D7,1.20E-04,H379T
E7,2.40E-04,H379T
F7,1.40E-04,H379T
G7,1.30E-04,H379T
H7,2.00E-04,H379T
A8,2.70E-04,H379T
B8,1.90E-04,H379T
C8,1.40E-04,H379T
D8,2.30E-04,H379T
E8,1.10E-04,H379T
F8,1.40E-04,H379T
G8,1.50E-04,H379T
H8,1.70E-04,H379T
A9,-1.50E-04,H379T
B9,4.30E-04,H379T
C9,1.20E-04,H379T
D9,1.00E-04,H379T
E9,2.60E-04,H379T
F9,1.40E-04,H379T
G9,9.40E-04,H379T
H9,1.10E-04,H379T
A7,2.67E-05,I244E
B7,2.61E-05,I244E
C7,7.45E-05,I244E
D7,2.31E-03,I244E
E7,1.86E-02,I244E
F7,4.69E-02,I244E
G7,5.32E-02,I244E
H7,5.22E-02,I244E
A8,-1.01E-04,I244E
B8,3.21E-05,I244E
C8,1.00E-04,I244E
D8,2.27E-03,I244E
E8,1.79E-02,I244E
F8,4.67E-02,I244E
G8,4.61E-02,I244E
H8,4.98E-02,I244E
A9,-4.73E-05,I244E
B9,4.67E-05,I244E
C9,2.31E-04,I244E
D9,2.54E-03,I244E
E9,1.56E-02,I244E
F9,4.48E-02,I244E
G9,5.23E-02,I244E
H9,4.77E-02,I244E
A4,2.91E-05,I247N
B4,-4.67E-05,I247N
C4,4.18E-05,I247N
D4,-7.94E-05,I247N
E4,1.06E-04,I247N
F4,1.33E-04,I247N
G4,2.23E-04,I247N
H4,2.82E-04,I247N
A5,3.76E-05,I247N
B5,-3.33E-05,I247N
C5,-2.18E-05,I247N
D5,4.48E-05,I247N
E5,7.64E-05,I247N
F5,2.30E-04,I247N
G5,1.68E-04,I247N
H5,2.84E-04,I247N
A6,-3.76E-05,I247N
B6,2.73E-05,I247N
C6,2.42E-05,I247N
D6,1.70E-05,I247N
E6,6.85E-05,I247N
F6,2.50E-04,I247N
G6,1.76E-04,I247N
H6,2.24E-04,I247N
A7,3.70E-05,I303N
B7,9.39E-05,I303N
C7,4.64E-04,I303N
D7,1.31E-03,I303N
E7,6.30E-03,I303N
F7,7.20E-03,I303N
G7,8.52E-03,I303N
H7,4.91E-03,I303N
A8,9.03E-05,I303N
B8,7.52E-05,I303N
C8,6.10E-04,I303N
D8,1.29E-03,I303N
E8,7.30E-03,I303N
F8,6.77E-03,I303N
G8,9.63E-03,I303N
H8,6.41E-03,I303N
A9,-4.97E-05,I303N
B9,6.85E-05,I303N
C9,2.68E-04,I303N
D9,1.66E-03,I303N
E9,3.73E-03,I303N
F9,6.90E-03,I303N
G9,8.41E-03,I303N
H9,1.04E-02,I303N
A10,-1.78E-04,I91E
B10,1.98E-04,I91E
C10,3.59E-04,I91E
D10,8.48E-03,I91E
E10,2.19E-02,I91E
F10,2.48E-02,I91E
G10,2.97E-02,I91E
H10,1.87E-02,I91E
A11,-1.70E-04,I91E
B11,3.77E-04,I91E
C11,3.65E-04,I91E
D11,7.91E-03,I91E
E11,2.01E-02,I91E
F11,2.43E-02,I91E
G11,3.18E-02,I91E
H11,2.63E-02,I91E
A12,1.18E-04,I91E
B12,7.52E-05,I91E
C12,4.77E-04,I91E
D12,8.20E-03,I91E
E12,1.96E-02,I91E
F12,2.57E-02,I91E
G12,2.83E-02,I91E
H12,2.53E-02,I91E
A4,1.12E-04,K344A
B4,2.21E-04,K344A
C4,6.10E-04,K344A
D4,2.99E-02,K344A
E4,3.13E-01,K344A
F4,3.23E-01,K344A
G4,3.43E-01,K344A
H4,3.38E-01,K344A
A5,9.39E-05,K344A
B5,1.87E-04,K344A
C5,5.35E-04,K344A
D5,2.73E-02,K344A
E5,3.15E-01,K344A
F5,3.23E-01,K344A
G5,3.35E-01,K344A
H5,3.37E-01,K344A
A6,1.12E-04,K344A
B6,2.27E-04,K344A
C6,5.12E-04,K344A
D6,2.06E-02,K344A
E6,3.13E-01,K344A
F6,3.37E-01,K344A
G6,3.30E-01,K344A
H6,3.42E-01,K344A
A10,6.02E-05,L171A
B10,-6.53E-05,L171A
C10,3.59E-05,L171A
D10,5.10E-03,L171A
E10,8.41E-02,L171A
F10,6.30E-02,L171A
G10,1.53E-01,L171A
H10,8.24E-02,L171A
A11,3.56E-05,L171A
B11,-4.53E-05,L171A
C11,1.26E-04,L171A
D11,4.16E-03,L171A
E11,1.02E-01,L171A
F11,1.40E-01,L171A
G11,1.33E-01,L171A
H11,1.20E-01,L171A
A12,4.63E-05,L171A
B12,6.68E-05,L171A
C12,6.03E-05,L171A
D12,3.72E-03,L171A
E12,1.08E-01,L171A
F12,1.36E-01,L171A
G12,1.57E-01,L171A
H12,8.94E-02,L171A
A7,7.00E-05,L174R
B7,-8.00E-05,L174R
C7,1.50E-04,L174R
D7,1.97E-03,L174R
E7,1.70E-02,L174R
F7,2.50E-02,L174R
G7,2.94E-02,L174R
H7,1.44E-02,L174R
A8,-1.30E-04,L174R
B8,1.10E-04,L174R
C8,2.70E-04,L174R
D8,2.29E-03,L174R
E8,1.71E-02,L174R
F8,2.33E-02,L174R
G8,2.93E-02,L174R
H8,2.39E-02,L174R
A9,1.00E-04,L174R
B9,8.00E-05,L174R
C9,-7.80E-04,L174R
D9,2.50E-03,L174R
E9,1.55E-02,L174R
F9,2.61E-02,L174R
G9,2.72E-02,L174R
H9,2.60E-02,L174R
A7,6.57E-04,L362M
B7,2.10E-04,L362M
C7,1.14E-03,L362M
D7,7.40E-02,L362M
E7,2.62E-01,L362M
F7,3.11E-01,L362M
G7,3.50E-01,L362M
H7,3.54E-01,L362M
A8,2.01E-04,L362M
B8,2.28E-04,L362M
C8,9.85E-04,L362M
D8,1.09E-01,L362M
E8,2.91E-01,L362M
F8,3.00E-01,L362M
G8,3.45E-01,L362M
H8,3.47E-01,L362M
A9,1.20E-04,L362M
B9,2.38E-04,L362M
C9,1.18E-03,L362M
D9,1.04E-01,L362M
E9,2.75E-01,L362M
F9,2.85E-01,L362M
G9,3.36E-01,L362M
H9,3.68E-01,L362M
A4,-4.55E-05,M221A
B4,-6.24E-05,M221A
C4,-7.52E-05,M221A
D4,-8.85E-05,M221A
E4,6.85E-05,M221A
F4,4.79E-05,M221A
G4,7.64E-05,M221A
H4,7.52E-05,M221A
A5,1.64E-03,M221A
B5,-6.36E-05,M221A
C5,-1.34E-04,M221A
D5,-7.27E-05,M221A
E5,4.73E-05,M221A
F5,-1.02E-04,M221A
G5,5.39E-05,M221A
H5,5.15E-05,M221A
A6,-5.58E-05,M221A
B6,7.82E-05,M221A
C6,1.50E-04,M221A
D6,-1.07E-04,M221A
E6,6.06E-05,M221A
F6,8.42E-05,M221A
G6,8.00E-05,M221A
H6,8.24E-05,M221A
A10,2.10E-04,M261D
B10,-4.20E-04,M261D
C10,1.40E-04,M261D
D10,1.90E-04,M261D
E10,-3.30E-04,M261D
F10,1.30E-04,M261D
G10,-6.70E-04,M261D
H10,4.40E-04,M261D
A11,2.40E-04,M261D
B11,-3.40E-04,M261D
C11,1.60E-04,M261D
D11,3.50E-04,M261D
E11,2.30E-04,M261D
F11,1.60E-04,M261D
G11,2.80E-04,M261D
H11,5.40E-04,M261D
A12,2.40E-04,M261D
B12,-1.00E-04,M261D
C12,-1.70E-04,M261D
D12,-1.80E-04,M261D
E12,-3.50E-04,M261D
F12,1.10E-04,M261D
G12,2.60E-04,M261D
H12,4.00E-04,M261D
A4,2.07E-05,M323A
B4,2.14E-05,M323A
C4,4.89E-05,M323A
D4,1.71E-05,M323A
E4,3.73E-04,M323A
F4,1.28E-03,M323A
G4,1.63E-03,M323A
H4,1.68E-03,M323A
A5,1.44E-05,M323A
B5,2.59E-05,M323A
C5,-3.08E-05,M323A
D5,2.74E-05,M323A
E5,3.78E-04,M323A
F5,1.36E-03,M323A
G5,1.62E-03,M323A
H5,1.82E-03,M323A
A6,4.74E-05,M323A
B6,2.79E-05,M323A
C6,6.02E-05,M323A
D6,3.41E-05,M323A
E6,4.09E-04,M323A
F6,1.28E-03,M323A
G6,1.58E-03,M323A
H6,1.59E-03,M323A
A1,2.98E-05,M323K
B1,2.24E-05,M323K
C1,-2.66E-05,M323K
D1,2.66E-05,M323K
E1,3.53E-05,M323K
F1,1.68E-05,M323K
G1,2.96E-05,M323K
H1,2.47E-05,M323K
A2,2.17E-05,M323K
B2,-4.02E-05,M323K
C2,-4.08E-05,M323K
D2,4.91E-05,M323K
E2,1.70E-05,M323K
F2,-4.71E-05,M323K
G2,2.75E-05,M323K
H2,3.68E-05,M323K
A3,1.12E-05,M323K
B3,4.14E-05,M323K
C3,-5.92E-05,M323K
D3,4.29E-05,M323K
E3,-2.15E-05,M323K
F3,1.32E-05,M323K
G3,3.95E-05,M323K
H3,4.36E-05,M323K
A10,8.79E-05,M361T
B10,1.30E-04,M361T
C10,2.39E-04,M361T
D10,1.40E-02,M361T
E10,2.07E-01,M361T
F10,2.25E-01,M361T
G10,2.51E-01,M361T
H10,2.73E-01,M361T
A11,2.13E-04,M361T
B11,8.06E-05,M361T
C11,2.71E-04,M361T
D11,1.12E-02,M361T
E11,2.15E-01,M361T
F11,2.47E-01,M361T
G11,2.52E-01,M361T
H11,2.58E-01,M361T
A12,1.35E-04,M361T
B12,3.15E-04,M361T
C12,2.36E-04,M361T
D12,1.04E-02,M361T
E12,2.25E-01,M361T
F12,2.23E-01,M361T
G12,2.32E-01,M361T
H12,2.66E-01,M361T
A4,2.48E-05,N163A
B4,-3.03E-05,N163A
C4,3.58E-05,N163A
D4,1.72E-04,N163A
E4,2.41E-04,N163A
F4,2.95E-04,N163A
G4,2.78E-04,N163A
H4,2.61E-04,N163A
A5,-2.97E-05,N163A
B5,2.85E-05,N163A
C5,3.27E-05,N163A
D5,1.50E-04,N163A
E5,2.42E-04,N163A
F5,2.71E-04,N163A
G5,2.96E-04,N163A
H5,3.19E-04,N163A
A6,4.48E-05,N163A
B6,2.91E-05,N163A
C6,4.06E-05,N163A
D6,1.42E-04,N163A
E6,2.28E-04,N163A
F6,2.52E-04,N163A
G6,2.70E-04,N163A
H6,2.55E-04,N163A
A10,2.91E-05,N163C
B10,2.79E-05,N163C
C10,5.09E-05,N163C
D10,1.12E-04,N163C
E10,1.50E-04,N163C
F10,3.12E-04,N163C
G10,4.45E-04,N163C
H10,3.81E-04,N163C
A11,3.15E-05,N163C
B11,2.73E-05,N163C
C11,5.09E-05,N163C
D11,1.10E-04,N163C
E11,1.59E-04,N163C
F11,3.02E-04,N163C
G11,3.99E-04,N163C
H11,4.06E-04,N163C
A12,4.12E-05,N163C
B12,3.88E-05,N163C
C12,4.79E-05,N163C
D12,1.38E-04,N163C
E12,1.45E-04,N163C
F12,3.10E-04,N163C
G12,4.58E-04,N163C
H12,3.67E-04,N163C
A1,8.00E-05,N163D
B1,5.82E-05,N163D
C1,4.55E-05,N163D
D1,3.21E-04,N163D
E1,3.98E-03,N163D
F1,4.92E-03,N163D
G1,4.79E-03,N163D
H1,4.54E-03,N163D
A2,-4.06E-05,N163D
B2,4.67E-05,N163D
C2,4.00E-05,N163D
D2,3.25E-04,N163D
E2,3.90E-03,N163D
F2,4.78E-03,N163D
G2,5.07E-03,N163D
H2,5.25E-03,N163D
A3,-1.06E-04,N163D
B3,8.48E-05,N163D
C3,2.73E-05,N163D
D3,3.88E-04,N163D
E3,3.68E-03,N163D
F3,4.69E-03,N163D
G3,5.04E-03,N163D
H3,5.22E-03,N163D
A1,8.00E-05,N166D
B1,8.00E-05,N166D
C1,1.10E-04,N166D
D1,2.90E-04,N166D
E1,2.48E-03,N166D
F1,3.01E-03,N166D
G1,3.15E-03,N166D
H1,4.36E-03,N166D
A2,1.00E-04,N166D
B2,1.00E-04,N166D
C2,8.00E-05,N166D
D2,6.20E-04,N166D
E2,2.27E-03,N166D
F2,3.04E-03,N166D
G2,3.35E-03,N166D
H2,4.90E-03,N166D
A3,8.00E-05,N166D
B3,9.00E-05,N166D
C3,1.00E-04,N166D
D3,3.30E-04,N166D
E3,2.39E-03,N166D
F3,3.06E-03,N166D
G3,4.04E-03,N166D
H3,4.27E-03,N166D
A4,1.33E-04,N220A
B4,9.58E-05,N220A
C4,1.33E-04,N220A
D4,4.66E-03,N220A
E4,5.75E-02,N220A
F4,7.22E-02,N220A
G4,8.50E-02,N220A
H4,9.10E-02,N220A
A5,4.12E-05,N220A
B5,-9.33E-05,N220A
C5,1.25E-04,N220A
D5,4.43E-03,N220A
E5,5.67E-02,N220A
F5,7.73E-02,N220A
G5,9.29E-02,N220A
H5,8.57E-02,N220A
A6,-2.36E-04,N220A
B6,-2.08E-04,N220A
C6,1.53E-04,N220A
D6,3.27E-03,N220A
E6,4.98E-02,N220A
F6,7.39E-02,N220A
G6,7.44E-02,N220A
H6,7.70E-02,N220A
A1,4.12E-05,N220R
B1,5.21E-05,N220R
C1,5.33E-05,N220R
D1,9.30E-04,N220R
E1,3.93E-03,N220R
F1,5.28E-03,N220R
G1,4.88E-03,N220R
H1,3.14E-03,N220R
A2,9.70E-05,N220R
B2,-7.82E-05,N220R
C2,6.30E-05,N220R
D2,9.39E-04,N220R
E2,3.42E-03,N220R
F2,5.40E-03,N220R
G2,4.34E-03,N220R
H2,5.23E-03,N220R
A3,5.15E-05,N220R
B3,5.45E-05,N220R
C3,3.76E-05,N220R
D3,1.19E-03,N220R
E3,3.26E-03,N220R
F3,4.37E-03,N220R
G3,4.72E-03,N220R
H3,4.41E-03,N220R
H4,1.78E-01,N220Y
G4,1.68E-01,N220Y
F4,1.57E-01,N220Y
E4,1.48E-01,N220Y
D4,9.05E-02,N220Y
C4,6.13E-02,N220Y
B4,3.72E-02,N220Y
A4,1.58E-05,N220Y
H5,1.74E-01,N220Y
G5,1.72E-01,N220Y
F5,1.57E-01,N220Y
E5,1.40E-01,N220Y
D5,8.33E-02,N220Y
C5,4.85E-02,N220Y
B5,1.83E-02,N220Y
A5,-2.67E-05,N220Y
H6,1.74E-01,N220Y
G6,1.70E-01,N220Y
F6,1.52E-01,N220Y
E6,1.39E-01,N220Y
D6,7.87E-02,N220Y
C6,4.58E-02,N220Y
B6,1.79E-02,N220Y
A6,2.48E-05,N220Y
A7,5.92E-05,N223G
B7,6.57E-05,N223G
C7,6.36E-04,N223G
D7,2.40E-02,N223G
E7,3.70E-02,N223G
F7,3.55E-02,N223G
G7,3.77E-02,N223G
H7,3.22E-02,N223G
A8,9.02E-05,N223G
B8,1.33E-04,N223G
C8,7.63E-04,N223G
D8,2.80E-02,N223G
E8,3.89E-02,N223G
F8,3.62E-02,N223G
G8,3.65E-02,N223G
H8,3.41E-02,N223G
A9,6.71E-05,N223G
B9,7.70E-05,N223G
C9,7.34E-04,N223G
D9,2.64E-02,N223G
E9,3.99E-02,N223G
F9,3.86E-02,N223G
G9,3.55E-02,N223G
H9,3.20E-02,N223G
A1,-1.13E-04,N223H
B1,5.82E-05,N223H
C1,-8.12E-05,N223H
D1,1.23E-04,N223H
E1,6.35E-04,N223H
F1,8.81E-04,N223H
G1,7.00E-04,N223H
H1,5.87E-04,N223H
A2,6.91E-05,N223H
B2,5.27E-05,N223H
C2,-1.01E-04,N223H
D2,1.36E-04,N223H
E2,5.72E-04,N223H
F2,7.86E-04,N223H
G2,7.62E-04,N223H
H2,6.12E-04,N223H
A3,9.03E-05,N223H
B3,1.05E-04,N223H
C3,7.39E-05,N223H
D3,1.31E-04,N223H
E3,6.08E-04,N223H
F3,7.63E-04,N223H
G3,8.55E-04,N223H
H3,4.47E-04,N223H
A7,4.59E-06,N293A
B7,4.89E-06,N293A
C7,3.08E-06,N293A
D7,-3.91E-06,N293A
E7,-3.16E-06,N293A
F7,3.98E-06,N293A
G7,-4.36E-06,N293A
H7,4.74E-06,N293A
A8,5.34E-06,N293A
B8,-3.76E-06,N293A
C8,5.49E-06,N293A
D8,4.44E-06,N293A
E8,-4.51E-06,N293A
F8,-3.08E-06,N293A
G8,4.66E-06,N293A
H8,4.81E-06,N293A
A9,-5.19E-06,N293A
B9,-5.34E-06,N293A
C9,-3.91E-06,N293A
D9,4.66E-06,N293A
E9,4.44E-06,N293A
F9,4.66E-06,N293A
G9,4.74E-06,N293A
H9,5.94E-06,N293A
A4,-7.45E-05,N293C
B4,3.39E-05,N293C
C4,4.24E-05,N293C
D4,7.39E-04,N293C
E4,6.81E-03,N293C
F4,7.54E-03,N293C
G4,9.02E-03,N293C
H4,1.07E-02,N293C
A5,4.42E-05,N293C
B5,-1.15E-04,N293C
C5,-4.30E-05,N293C
D5,6.73E-04,N293C
E5,7.12E-03,N293C
F5,8.91E-03,N293C
G5,1.05E-02,N293C
H5,1.09E-02,N293C
A6,6.06E-05,N293C
B6,4.48E-05,N293C
C6,-4.36E-05,N293C
D6,4.66E-04,N293C
E6,6.84E-03,N293C
F6,9.48E-03,N293C
G6,7.07E-03,N293C
H6,6.87E-03,N293C
A10,-1.76E-05,N293D
B10,3.82E-05,N293D
C10,-7.45E-05,N293D
D10,2.24E-05,N293D
E10,-5.70E-05,N293D
F10,-3.76E-05,N293D
G10,-5.03E-05,N293D
H10,7.58E-05,N293D
A11,4.73E-05,N293D
B11,2.85E-05,N293D
C11,-1.25E-04,N293D
D11,-5.58E-05,N293D
E11,2.79E-05,N293D
F11,4.85E-05,N293D
G11,3.82E-05,N293D
H11,-4.61E-05,N293D
A12,4.85E-05,N293D
B12,5.52E-05,N293D
C12,-7.88E-05,N293D
D12,6.24E-05,N293D
E12,-6.42E-05,N293D
F12,-2.36E-05,N293D
G12,-3.27E-05,N293D
H12,-3.94E-05,N293D
H1 ,5.39E-04,N293Q
G1,1.00E-04,N293Q
F1,5.76E-05,N293Q
E1,3.45E-05,N293Q
D1,2.24E-05,N293Q
C1,2.85E-05,N293Q
B1,1.70E-05,N293Q
A1,2.30E-05,N293Q
H2,-7.08E-04,N293Q
G2,1.03E-04,N293Q
F2,8.06E-05,N293Q
E2,3.27E-05,N293Q
D2,1.82E-05,N293Q
C2,3.45E-05,N293Q
B2,2.79E-05,N293Q
A2,2.12E-05,N293Q
H3,4.61E-04,N293Q
G3,4.48E-05,N293Q
F3,4.91E-05,N293Q
E3,2.53E-04,N293Q
D3,3.58E-05,N293Q
C3,9.82E-04,N293Q
B3,3.15E-05,N293Q
A3,1.76E-05,N293Q
A7,3.03E-05,N354A
B7,2.00E-05,N354A
C7,3.03E-05,N354A
D7,8.12E-05,N354A
E7,1.84E-04,N354A
F7,1.68E-04,N354A
G7,1.80E-04,N354A
H7,1.78E-04,N354A
A8,-2.61E-05,N354A
B8,2.55E-05,N354A
C8,2.55E-05,N354A
D8,8.06E-05,N354A
E8,1.45E-04,N354A
F8,2.10E-04,N354A
G8,1.69E-04,N354A
H8,1.82E-04,N354A
A9,-3.21E-05,N354A
B9,4.42E-05,N354A
C9,-3.03E-05,N354A
D9,7.39E-05,N354A
E9,1.47E-04,N354A
F9,1.70E-04,N354A
G9,1.73E-04,N354A
H9,1.94E-04,N354A
A10,4.67E-05,N404A
B10,2.24E-05,N404A
C10,4.91E-05,N404A
D10,4.58E-04,N404A
E10,6.39E-04,N404A
F10,6.67E-04,N404A
G10,6.63E-04,N404A
H10,6.72E-04,N404A
A11,4.24E-05,N404A
B11,2.48E-05,N404A
C11,3.45E-05,N404A
D11,4.39E-04,N404A
E11,6.25E-04,N404A
F11,6.72E-04,N404A
G11,6.71E-04,N404A
H11,6.77E-04,N404A
A12,4.18E-05,N404A
B12,-7.76E-05,N404A
C12,-4.91E-05,N404A
D12,4.48E-04,N404A
E12,6.33E-04,N404A
F12,6.66E-04,N404A
G12,6.68E-04,N404A
H12,6.92E-04,N404A
A4,6.55E-05,N407C
B4,3.02E-04,N407C
C4,3.77E-03,N407C
D4,3.45E-02,N407C
E4,3.30E-02,N407C
F4,3.31E-02,N407C
G4,3.72E-02,N407C
H4,3.29E-02,N407C
A5,6.24E-05,N407C
B5,2.91E-04,N407C
C5,3.55E-03,N407C
D5,3.14E-02,N407C
E5,3.49E-02,N407C
F5,3.86E-02,N407C
G5,3.67E-02,N407C
H5,3.24E-02,N407C
A6,6.79E-05,N407C
B6,2.93E-04,N407C
C6,3.01E-03,N407C
D6,3.13E-02,N407C
E6,3.46E-02,N407C
F6,3.00E-02,N407C
G6,3.94E-02,N407C
H6,3.30E-02,N407C
A10,-7.88E-05,P329N
B10,-8.30E-05,P329N
C10,-7.76E-05,P329N
D10,-9.76E-05,P329N
E10,6.73E-05,P329N
F10,4.48E-05,P329N
G10,3.15E-05,P329N
H10,3.79E-04,P329N
A11,-8.36E-05,P329N
B11,-9.09E-05,P329N
C11,-1.08E-04,P329N
D11,-1.01E-04,P329N
E11,-6.55E-05,P329N
F11,-3.39E-05,P329N
G11,3.94E-05,P329N
H11,-5.45E-05,P329N
A12,-8.91E-05,P329N
B12,-9.52E-05,P329N
C12,-7.88E-05,P329N
D12,-5.09E-05,P329N
E12,6.67E-05,P329N
F12,1.39E-05,P329N
G12,3.52E-05,P329N
H12,3.39E-05,P329N
A10,4.74E-06,Q19A
B10,-3.98E-06,Q19A
C10,4.96E-06,Q19A
D10,-4.14E-06,Q19A
E10,3.61E-06,Q19A
F10,5.94E-06,Q19A
G10,4.59E-06,Q19A
H10,-7.82E-06,Q19A
A11,-7.82E-06,Q19A
B11,-3.76E-06,Q19A
C11,-5.04E-06,Q19A
D11,3.23E-06,Q19A
E11,-4.66E-06,Q19A
F11,3.76E-06,Q19A
G11,4.89E-06,Q19A
H11,5.71E-06,Q19A
A12,5.19E-06,Q19A
B12,-4.59E-06,Q19A
C12,-8.05E-06,Q19A
D12,4.36E-06,Q19A
E12,3.53E-06,Q19A
F12,-7.67E-06,Q19A
G12,4.51E-06,Q19A
H12,4.44E-06,Q19A
A4,-6.18E-05,Q19C
B4,8.36E-05,Q19C
C4,-4.91E-05,Q19C
D4,-5.15E-05,Q19C
E4,6.73E-05,Q19C
F4,9.09E-05,Q19C
G4,7.45E-05,Q19C
H4,8.00E-05,Q19C
A5,6.42E-05,Q19C
B5,6.12E-05,Q19C
C5,9.09E-05,Q19C
D5,8.97E-05,Q19C
E5,7.76E-05,Q19C
F5,6.97E-05,Q19C
G5,4.48E-05,Q19C
H5,4.67E-05,Q19C
A6,9.21E-05,Q19C
B6,5.88E-05,Q19C
C6,5.52E-05,Q19C
D6,1.02E-04,Q19C
E6,-1.95E-04,Q19C
F6,8.18E-05,Q19C
G6,7.21E-05,Q19C
H6,4.42E-05,Q19C
A4,-1.30E-04,Q22S
B4,2.20E-04,Q22S
C4,3.80E-04,Q22S
D4,2.01E-03,Q22S
E4,7.71E-03,Q22S
F4,1.61E-02,Q22S
G4,2.69E-02,Q22S
H4,2.22E-02,Q22S
A5,8.00E-05,Q22S
B5,-2.30E-04,Q22S
C5,4.50E-04,Q22S
D5,1.90E-03,Q22S
E5,5.69E-03,Q22S
F5,1.52E-02,Q22S
G5,2.43E-02,Q22S
H5,2.31E-02,Q22S
A6,1.00E-04,Q22S
B6,2.00E-04,Q22S
C6,-2.40E-04,Q22S
D6,1.54E-03,Q22S
E6,8.01E-03,Q22S
F6,1.42E-02,Q22S
G6,2.42E-02,Q22S
H6,2.26E-02,Q22S
A7,-5.09E-05,Q313R
B7,9.88E-05,Q313R
C7,1.90E-04,Q313R
D7,1.38E-02,Q313R
E7,1.55E-02,Q313R
F7,2.00E-02,Q313R
G7,2.00E-02,Q313R
H7,1.73E-02,Q313R
A8,4.79E-05,Q313R
B8,5.58E-05,Q313R
C8,2.22E-04,Q313R
D8,1.60E-02,Q313R
E8,1.63E-02,Q313R
F8,1.82E-02,Q313R
G8,1.72E-02,Q313R
H8,1.87E-02,Q313R
A9,5.21E-05,Q313R
B9,6.79E-05,Q313R
C9,2.62E-04,Q313R
D9,1.35E-02,Q313R
E9,1.32E-02,Q313R
F9,1.51E-02,Q313R
G9,1.68E-02,Q313R
H9,1.76E-02,Q313R
A10,7.45E-05,Q316R
B10,4.18E-05,Q316R
C10,4.36E-05,Q316R
D10,2.32E-03,Q316R
E10,5.52E-03,Q316R
F10,5.23E-03,Q316R
G10,6.80E-03,Q316R
H10,5.74E-03,Q316R
A11,-7.94E-05,Q316R
B11,-4.61E-05,Q316R
C11,1.15E-04,Q316R
D11,1.88E-03,Q316R
E11,6.13E-03,Q316R
F11,5.08E-03,Q316R
G11,5.94E-03,Q316R
H11,5.97E-03,Q316R
A12,6.61E-05,Q316R
B12,5.09E-05,Q316R
C12,1.30E-04,Q316R
D12,1.52E-03,Q316R
E12,5.33E-03,Q316R
F12,4.80E-03,Q316R
G12,5.47E-03,Q316R
H12,5.37E-03,Q316R
A4,4.91E-05,Q384R
B4,1.61E-04,Q384R
C4,3.62E-04,Q384R
D4,7.36E-03,Q384R
E4,1.85E-02,Q384R
F4,1.88E-02,Q384R
G4,1.82E-02,Q384R
H4,1.47E-02,Q384R
A5,-1.54E-04,Q384R
B5,1.05E-04,Q384R
C5,3.12E-04,Q384R
D5,5.57E-03,Q384R
E5,1.83E-02,Q384R
F5,1.71E-02,Q384R
G5,1.83E-02,Q384R
H5,1.69E-02,Q384R
A6,1.09E-04,Q384R
B6,1.34E-04,Q384R
C6,3.02E-04,Q384R
D6,5.27E-03,Q384R
E6,1.75E-02,Q384R
F6,1.56E-02,Q384R
G6,1.59E-02,Q384R
H6,1.49E-02,Q384R
A1,2.91E-05,R240A
B1,4.44E-05,R240A
C1,4.76E-04,R240A
D1,1.14E-02,R240A
E1,6.90E-02,R240A
F1,8.14E-02,R240A
G1,7.88E-02,R240A
H1,8.12E-02,R240A
A2,3.25E-05,R240A
B2,7.28E-05,R240A
C2,4.87E-04,R240A
D2,1.24E-02,R240A
E2,6.36E-02,R240A
F2,7.17E-02,R240A
G2,7.14E-02,R240A
H2,7.98E-02,R240A
A3,3.56E-05,R240A
B3,3.95E-05,R240A
C3,5.39E-04,R240A
D3,1.41E-02,R240A
E3,6.34E-02,R240A
F3,7.18E-02,R240A
G3,7.40E-02,R240A
H3,7.58E-02,R240A
A7,-7.45E-05,R240D
B7,-1.55E-04,R240D
C7,-9.94E-05,R240D
D7,-9.03E-05,R240D
E7,-1.59E-04,R240D
F7,-1.49E-04,R240D
G7,3.39E-05,R240D
H7,-3.76E-05,R240D
A8,8.85E-05,R240D
B8,-1.36E-04,R240D
C8,-1.36E-04,R240D
D8,-1.53E-04,R240D
E8,-8.30E-05,R240D
F8,-1.31E-04,R240D
G8,3.76E-05,R240D
H8,-6.30E-05,R240D
A9,-4.18E-05,R240D
B9,-7.70E-05,R240D
C9,-1.56E-04,R240D
D9,-1.59E-04,R240D
E9,-1.10E-04,R240D
F9,-7.70E-05,R240D
G9,-1.35E-04,R240D
H9,-2.97E-05,R240D
A7,7.58E-05,R240E
B7,4.24E-05,R240E
C7,1.92E-04,R240E
D7,-5.27E-05,R240E
E7,3.82E-05,R240E
F7,5.58E-05,R240E
G7,-8.67E-05,R240E
H7,4.48E-05,R240E
A8,-4.24E-05,R240E
B8,6.24E-05,R240E
C8,-4.91E-05,R240E
D8,-6.73E-05,R240E
E8,3.58E-05,R240E
F8,5.03E-05,R240E
G8,4.55E-05,R240E
H8,3.58E-05,R240E
A9,3.86E-04,R240E
B9,5.27E-05,R240E
C9,5.39E-05,R240E
D9,-3.94E-05,R240E
E9,-6.18E-05,R240E
F9,4.12E-05,R240E
G9,6.48E-05,R240E
H9,3.52E-05,R240E
A10,6.06E-05,R240K
B10,8.97E-05,R240K
C10,2.60E-04,R240K
D10,8.92E-03,R240K
E10,2.52E-01,R240K
F10,2.64E-01,R240K
G10,3.15E-01,R240K
H10,3.34E-01,R240K
A11,7.09E-05,R240K
B11,1.08E-04,R240K
C11,2.36E-04,R240K
D11,7.61E-03,R240K
E11,2.54E-01,R240K
F11,3.03E-01,R240K
G11,3.35E-01,R240K
H11,3.34E-01,R240K
A12,5.58E-05,R240K
B12,9.58E-05,R240K
C12,2.58E-04,R240K
D12,7.12E-03,R240K
E12,2.60E-01,R240K
F12,2.94E-01,R240K
G12,3.01E-01,R240K
H12,3.43E-01,R240K
A7,-1.30E-04,R76A
B7,-2.30E-04,R76A
C7,1.23E-04,R76A
D7,9.76E-05,R76A
E7,2.44E-04,R76A
F7,2.02E-04,R76A
G7,2.42E-04,R76A
H7,1.63E-04,R76A
A8,1.11E-04,R76A
B8,-1.64E-04,R76A
C8,1.48E-04,R76A
D8,1.46E-04,R76A
E8,1.50E-04,R76A
F8,1.83E-04,R76A
G8,1.64E-04,R76A
H8,1.48E-04,R76A
A9,8.06E-05,R76A
B9,-2.22E-04,R76A
C9,1.76E-04,R76A
D9,1.78E-04,R76A
E9,1.55E-04,R76A
F9,1.36E-04,R76A
G9,1.62E-04,R76A
H9,1.82E-04,R76A
A1,5.64E-05,S14A
B1,5.82E-05,S14A
C1,1.70E-04,S14A
D1,9.77E-03,S14A
E1,1.29E-01,S14A
F1,1.11E-01,S14A
G1,1.45E-01,S14A
H1,1.20E-01,S14A
A2,4.06E-05,S14A
B2,4.73E-05,S14A
C2,1.64E-04,S14A
D2,1.63E-02,S14A
E2,1.49E-01,S14A
F2,1.55E-01,S14A
G2,1.31E-01,S14A
H2,1.29E-01,S14A
A3,4.24E-05,S14A
B3,6.18E-05,S14A
C3,2.06E-04,S14A
D3,1.78E-02,S14A
E3,1.43E-01,S14A
F3,1.43E-01,S14A
G3,1.40E-01,S14A
H3,1.27E-01,S14A
A10,-5.21E-05,S16A
B10,-6.18E-05,S16A
C10,1.15E-04,S16A
D10,3.25E-03,S16A
E10,1.71E-02,S16A
F10,2.22E-02,S16A
G10,2.51E-02,S16A
H10,1.95E-02,S16A
A11,9.39E-05,S16A
B11,-5.64E-05,S16A
C11,8.24E-05,S16A
D11,2.89E-03,S16A
E11,1.84E-02,S16A
F11,2.22E-02,S16A
G11,2.57E-02,S16A
H11,2.07E-02,S16A
A12,4.91E-05,S16A
B12,7.88E-05,S16A
C12,1.34E-04,S16A
D12,2.80E-03,S16A
E12,1.92E-02,S16A
F12,2.03E-02,S16A
G12,2.40E-02,S16A
H12,2.09E-02,S16A
A4,-6.48E-05,S16N
B4,7.52E-05,S16N
C4,-3.39E-05,S16N
D4,-8.48E-05,S16N
E4,-2.91E-05,S16N
F4,-4.61E-05,S16N
G4,-3.52E-05,S16N
H4,-8.12E-05,S16N
A5,-5.64E-05,S16N
B5,4.36E-05,S16N
C5,-7.15E-05,S16N
D5,3.64E-05,S16N
E5,-5.21E-05,S16N
F5,-3.45E-05,S16N
G5,3.64E-05,S16N
H5,-7.45E-05,S16N
A6,-5.09E-05,S16N
B6,-4.11E-04,S16N
C6,-9.39E-05,S16N
D6,-6.18E-05,S16N
E6,4.00E-05,S16N
F6,2.61E-05,S16N
G6,-3.94E-05,S16N
H6,4.18E-05,S16N
A4,6.06E-05,S17A
B4,2.24E-04,S17A
C4,2.95E-03,S17A
D4,1.15E-01,S17A
E4,1.85E-01,S17A
F4,1.84E-01,S17A
G4,1.90E-01,S17A
H4,1.68E-01,S17A
A5,6.67E-05,S17A
B5,2.05E-04,S17A
C5,2.67E-03,S17A
D5,1.08E-01,S17A
E5,1.92E-01,S17A
F5,1.65E-01,S17A
G5,1.68E-01,S17A
H5,1.76E-01,S17A
A6,5.94E-05,S17A
B6,1.95E-04,S17A
C6,2.45E-03,S17A
D6,1.04E-01,S17A
E6,1.71E-01,S17A
F6,1.90E-01,S17A
G6,1.68E-01,S17A
H6,1.52E-01,S17A
A10,9.76E-05,S17E
B10,-1.88E-04,S17E
C10,-6.30E-05,S17E
D10,4.72E-04,S17E
E10,2.14E-03,S17E
F10,2.64E-03,S17E
G10,2.88E-03,S17E
H10,2.81E-03,S17E
A11,5.76E-05,S17E
B11,-6.55E-05,S17E
C11,1.04E-04,S17E
D11,4.58E-04,S17E
E11,2.11E-03,S17E
F11,2.64E-03,S17E
G11,2.82E-03,S17E
H11,3.01E-03,S17E
A12,-4.36E-05,S17E
B12,-1.41E-04,S17E
C12,-8.79E-05,S17E
D12,3.60E-04,S17E
E12,2.21E-03,S17E
F12,2.62E-03,S17E
G12,3.05E-03,S17E
H12,3.08E-03,S17E
A1,6.18E-05,S19A
B1,5.09E-05,S19A
C1,5.70E-05,S19A
D1,4.45E-04,S19A
E1,2.02E-03,S19A
F1,2.51E-03,S19A
G1,2.44E-03,S19A
H1,2.87E-03,S19A
A2,1.02E-04,S19A
B2,-1.72E-04,S19A
C2,7.03E-05,S19A
D2,6.47E-04,S19A
E2,2.40E-03,S19A
F2,2.40E-03,S19A
G2,2.28E-03,S19A
H2,2.82E-03,S19A
A3,7.76E-05,S19A
B3,6.00E-05,S19A
C3,6.42E-05,S19A
D3,6.87E-04,S19A
E3,2.26E-03,S19A
F3,2.62E-03,S19A
G3,2.37E-03,S19A
H3,2.79E-03,S19A
A1,6.42E-05,S298E
B1,8.30E-05,S298E
C1,3.70E-04,S298E
D1,2.27E-02,S298E
E1,1.39E-01,S298E
F1,1.75E-01,S298E
G1,1.79E-01,S298E
H1,1.43E-01,S298E
A2,5.52E-05,S298E
B2,7.21E-05,S298E
C2,3.71E-04,S298E
D2,2.30E-02,S298E
E2,1.40E-01,S298E
F2,1.70E-01,S298E
G2,1.80E-01,S298E
H2,1.87E-01,S298E
A3,-2.36E-05,S298E
B3,7.70E-05,S298E
C3,3.61E-04,S298E
D3,2.60E-02,S298E
E3,1.33E-01,S298E
F3,1.58E-01,S298E
G3,1.82E-01,S298E
H3,1.84E-01,S298E
A1,1.20E-04,S334A
B1,1.30E-04,S334A
C1,4.60E-04,S334A
D1,9.49E-03,S334A
E1,3.23E-02,S334A
F1,2.96E-02,S334A
G1,5.07E-02,S334A
H1,4.20E-02,S334A
A2,9.00E-05,S334A
B2,1.70E-04,S334A
C2,4.90E-04,S334A
D2,9.94E-03,S334A
E2,2.58E-02,S334A
F2,4.14E-02,S334A
G2,4.62E-02,S334A
H2,3.96E-02,S334A
A3,9.00E-05,S334A
B3,2.10E-04,S334A
C3,7.80E-04,S334A
D3,1.31E-02,S334A
E3,3.84E-02,S334A
F3,4.27E-02,S334A
G3,4.88E-02,S334A
H3,3.85E-02,S334A
A4,3.62E-05,S400A
B4,2.27E-05,S400A
C4,8.76E-05,S400A
D4,1.92E-03,S400A
E4,5.04E-03,S400A
F4,5.77E-03,S400A
G4,5.85E-03,S400A
H4,5.67E-03,S400A
A5,2.74E-05,S400A
B5,2.87E-05,S400A
C5,5.98E-05,S400A
D5,1.31E-03,S400A
E5,4.52E-03,S400A
F5,4.50E-03,S400A
G5,5.55E-03,S400A
H5,5.94E-03,S400A
A6,2.84E-05,S400A
B6,2.10E-05,S400A
C6,6.49E-05,S400A
D6,9.73E-04,S400A
E6,4.26E-03,S400A
F6,3.41E-03,S400A
G6,5.15E-03,S400A
H6,5.29E-03,S400A
A4,1.00E-04,T15A
B4,1.30E-04,T15A
C4,3.40E-04,T15A
D4,2.65E-02,T15A
E4,9.77E-02,T15A
F4,1.34E-01,T15A
G4,1.49E-01,T15A
H4,1.59E-01,T15A
A5,1.00E-04,T15A
B5,3.20E-04,T15A
C5,2.90E-04,T15A
D5,2.62E-02,T15A
E5,1.03E-01,T15A
F5,1.14E-01,T15A
G5,1.22E-01,T15A
H5,1.42E-01,T15A
A6,1.00E-04,T15A
B6,-9.00E-05,T15A
C6,2.90E-04,T15A
D6,2.09E-02,T15A
E6,1.00E-01,T15A
F6,1.13E-01,T15A
G6,1.26E-01,T15A
H6,1.40E-01,T15A
A1,8.48E-05,T178R
B1,4.00E-05,T178R
C1,4.85E-05,T178R
D1,1.59E-04,T178R
E1,6.76E-04,T178R
F1,1.15E-03,T178R
G1,1.36E-03,T178R
H1,1.50E-03,T178R
A2,7.52E-05,T178R
B2,-3.52E-05,T178R
C2,4.30E-05,T178R
D2,1.72E-04,T178R
E2,6.83E-04,T178R
F2,1.12E-03,T178R
G2,1.37E-03,T178R
H2,1.46E-03,T178R
A3,2.97E-05,T178R
B3,2.24E-05,T178R
C3,3.27E-05,T178R
D3,1.66E-04,T178R
E3,6.01E-04,T178R
F3,1.03E-03,T178R
G3,1.30E-03,T178R
H3,1.34E-03,T178R
A7,1.40E-04,T218A
B7,3.20E-04,T218A
C7,2.19E-03,T218A
D7,4.17E-02,T218A
E7,2.49E-01,T218A
F7,2.86E-01,T218A
G7,2.89E-01,T218A
H7,2.88E-01,T218A
A8,1.40E-04,T218A
B8,3.40E-04,T218A
C8,3.65E-03,T218A
D8,5.55E-02,T218A
E8,2.45E-01,T218A
F8,2.65E-01,T218A
G8,2.74E-01,T218A
H8,2.96E-01,T218A
A9,1.40E-04,T218A
B9,7.00E-04,T218A
C9,2.32E-03,T218A
D9,5.15E-02,T218A
E9,2.58E-01,T218A
F9,2.68E-01,T218A
G9,2.81E-01,T218A
H9,2.97E-01,T218A
A7,1.78E-05,T296A
B7,-2.29E-05,T296A
C7,1.74E-05,T296A
D7,1.61E-05,T296A
E7,2.52E-05,T296A
F7,2.04E-05,T296A
G7,1.64E-05,T296A
H7,3.26E-05,T296A
A8,3.01E-05,T296A
B8,-4.35E-05,T296A
C8,1.58E-05,T296A
D8,2.02E-05,T296A
E8,1.38E-05,T296A
F8,-1.65E-05,T296A
G8,1.61E-05,T296A
H8,2.62E-05,T296A
A9,2.73E-05,T296A
B9,-5.83E-05,T296A
C9,8.57E-06,T296A
D9,2.63E-05,T296A
E9,1.35E-05,T296A
F9,1.91E-05,T296A
G9,1.99E-05,T296A
H9,2.35E-05,T296A
A10,-1.00E-04,T352A
B10,8.00E-05,T352A
C10,1.70E-04,T352A
D10,3.14E-03,T352A
E10,6.00E-05,T352A
F10,6.04E-02,T352A
G10,6.94E-02,T352A
H10,7.20E-02,T352A
A11,1.60E-04,T352A
B11,9.00E-05,T352A
C11,1.30E-04,T352A
D11,2.17E-03,T352A
E11,4.38E-02,T352A
F11,6.10E-02,T352A
G11,6.68E-02,T352A
H11,7.09E-02,T352A
A12,9.00E-05,T352A
B12,9.00E-05,T352A
C12,1.30E-04,T352A
D12,2.75E-03,T352A
E12,4.48E-02,T352A
F12,6.07E-02,T352A
G12,6.53E-02,T352A
H12,6.51E-02,T352A
A7,1.00E-04,V55G
B7,1.50E-04,V55G
C7,2.60E-04,V55G
D7,1.74E-02,V55G
E7,3.12E-01,V55G
F7,3.78E-01,V55G
G7,4.25E-01,V55G
H7,4.41E-01,V55G
A8,1.00E-04,V55G
B8,1.50E-04,V55G
C8,1.70E-04,V55G
D8,2.48E-02,V55G
E8,3.08E-01,V55G
F8,3.87E-01,V55G
G8,4.20E-01,V55G
H8,4.54E-01,V55G
A9,1.10E-04,V55G
B9,1.50E-04,V55G
C9,3.60E-04,V55G
D9,2.48E-02,V55G
E9,3.09E-01,V55G
F9,3.81E-01,V55G
G9,4.28E-01,V55G
H9,4.22E-01,V55G
A10,-3.07E-05,W120A
B10,-6.82E-05,W120A
C10,1.38E-05,W120A
D10,1.92E-05,W120A
E10,-2.35E-05,W120A
F10,3.38E-05,W120A
G10,2.09E-05,W120A
H10,2.62E-05,W120A
A11,2.20E-05,W120A
B11,-4.40E-05,W120A
C11,-3.40E-05,W120A
D11,2.07E-05,W120A
E11,1.80E-05,W120A
F11,1.68E-05,W120A
G11,2.51E-05,W120A
H11,-5.90E-05,W120A
A12,3.40E-05,W120A
B12,-6.43E-05,W120A
C12,1.37E-05,W120A
D12,1.88E-05,W120A
E12,1.87E-05,W120A
F12,2.92E-05,W120A
G12,2.56E-05,W120A
H12,2.13E-05,W120A
A4,1.08E-04,W120F
B4,1.15E-04,W120F
C4,4.48E-04,W120F
D4,1.94E-03,W120F
E4,2.82E-03,W120F
F4,2.78E-03,W120F
G4,2.48E-03,W120F
H4,2.54E-03,W120F
A5,4.85E-05,W120F
B5,2.08E-04,W120F
C5,4.38E-04,W120F
D5,1.52E-03,W120F
E5,2.04E-03,W120F
F5,2.15E-03,W120F
G5,1.97E-03,W120F
H5,2.44E-03,W120F
A6,7.45E-05,W120F
B6,8.48E-05,W120F
C6,4.72E-04,W120F
D6,1.25E-03,W120F
E6,2.04E-03,W120F
F6,2.67E-03,W120F
G6,2.55E-03,W120F
H6,2.46E-03,W120F
A4,4.48E-05,W120H
B4,3.52E-05,W120H
C4,5.52E-05,W120H
D4,6.30E-04,W120H
E4,1.49E-03,W120H
F4,1.75E-03,W120H
G4,1.93E-03,W120H
H4,1.69E-03,W120H
A5,-3.09E-05,W120H
B5,-2.91E-05,W120H
C5,4.67E-05,W120H
D5,5.97E-04,W120H
E5,1.45E-03,W120H
F5,1.73E-03,W120H
G5,1.86E-03,W120H
H5,1.96E-03,W120H
A6,-4.79E-05,W120H
B6,3.15E-05,W120H
C6,3.94E-05,W120H
D6,5.28E-04,W120H
E6,1.52E-03,W120H
F6,1.75E-03,W120H
G6,1.91E-03,W120H
H6,2.05E-03,W120H
A4,4.79E-05,W325A
B4,-7.76E-05,W325A
C4,-6.55E-05,W325A
D4,9.94E-05,W325A
E4,2.22E-04,W325A
F4,2.85E-04,W325A
G4,2.88E-04,W325A
H4,3.08E-04,W325A
A5,-9.94E-05,W325A
B5,-4.18E-05,W325A
C5,6.24E-05,W325A
D5,1.38E-04,W325A
E5,2.78E-04,W325A
F5,3.58E-04,W325A
G5,3.08E-04,W325A
H5,3.42E-04,W325A
A6,-6.18E-05,W325A
B6,6.97E-05,W325A
C6,7.27E-05,W325A
D6,8.85E-05,W325A
E6,2.46E-04,W325A
F6,3.34E-04,W325A
G6,3.26E-04,W325A
H6,2.75E-04,W325A
A10,-5.09E-05,W325G
B10,-1.21E-04,W325G
C10,-1.08E-04,W325G
D10,-8.55E-05,W325G
E10,-1.39E-04,W325G
F10,-6.48E-05,W325G
G10,-1.00E-04,W325G
H10,-7.88E-05,W325G
A11,1.70E-04,W325G
B11,-1.31E-04,W325G
C11,-1.51E-04,W325G
D11,-1.26E-04,W325G
E11,-7.39E-05,W325G
F11,-1.86E-04,W325G
G11,-6.79E-05,W325G
H11,-9.94E-05,W325G
A12,-1.04E-04,W325G
B12,-1.14E-04,W325G
C12,-1.15E-04,W325G
D12,-1.09E-04,W325G
E12,-8.06E-05,W325G
F12,-3.09E-05,W325G
G12,-1.24E-04,W325G
H12,3.70E-05,W325G
A10,-3.58E-05,W325L
B10,-5.52E-05,W325L
C10,9.88E-05,W325L
D10,6.85E-04,W325L
E10,7.15E-04,W325L
F10,8.03E-04,W325L
G10,8.06E-04,W325L
H10,8.20E-04,W325L
A11,-4.91E-05,W325L
B11,-4.97E-05,W325L
C11,6.67E-05,W325L
D11,7.58E-04,W325L
E11,6.71E-04,W325L
F11,8.41E-04,W325L
G11,6.45E-04,W325L
H11,8.29E-04,W325L
A12,-4.48E-05,W325L
B12,4.79E-05,W325L
C12,6.97E-05,W325L
D12,6.76E-04,W325L
E12,8.50E-04,W325L
F12,7.76E-04,W325L
G12,6.75E-04,W325L
H12,7.73E-04,W325L
A7,3.45E-05,W325R
B7,-2.36E-05,W325R
C7,-2.97E-05,W325R
D7,1.25E-04,W325R
E7,4.08E-04,W325R
F7,5.79E-04,W325R
G7,5.72E-04,W325R
H7,6.33E-04,W325R
A8,7.58E-05,W325R
B8,3.33E-05,W325R
C8,2.24E-05,W325R
D8,1.49E-04,W325R
E8,4.85E-04,W325R
F8,5.77E-04,W325R
G8,5.88E-04,W325R
H8,6.04E-04,W325R
A9,2.79E-05,W325R
B9,2.42E-05,W325R
C9,2.55E-05,W325R
D9,1.52E-04,W325R
E9,5.21E-04,W325R
F9,5.59E-04,W325R
G9,5.79E-04,W325R
H9,5.96E-04,W325R
A10,-4.00E-05,W328C
B10,7.00E-05,W328C
C10,-1.80E-04,W328C
D10,1.70E-03,W328C
E10,1.16E-02,W328C
F10,1.44E-02,W328C
G10,1.54E-02,W328C
H10,1.82E-02,W328C
A11,-1.30E-04,W328C
B11,7.00E-05,W328C
C11,-5.00E-05,W328C
D11,1.28E-03,W328C
E11,1.17E-02,W328C
F11,1.60E-02,W328C
G11,1.65E-02,W328C
H11,1.60E-02,W328C
A12,6.00E-05,W328C
B12,-9.00E-05,W328C
C12,1.00E-04,W328C
D12,1.29E-03,W328C
E12,1.27E-02,W328C
F12,1.78E-02,W328C
G12,1.58E-02,W328C
H12,1.53E-02,W328C
A10,4.02E-05,W328H
B10,4.97E-05,W328H
C10,5.02E-05,W328H
D10,9.39E-05,W328H
E10,6.23E-05,W328H
F10,5.12E-05,W328H
G10,3.89E-05,W328H
H10,5.84E-05,W328H
A11,3.31E-05,W328H
B11,-2.88E-05,W328H
C11,4.29E-05,W328H
D11,-3.73E-05,W328H
E11,5.68E-05,W328H
F11,6.06E-05,W328H
G11,7.09E-05,W328H
H11,7.89E-05,W328H
A12,-7.20E-05,W328H
B12,-5.92E-05,W328H
C12,1.25E-04,W328H
D12,-6.36E-05,W328H
E12,1.07E-04,W328H
F12,5.62E-05,W328H
G12,5.08E-05,W328H
H12,5.14E-05,W328H
A1,2.00E-04,W328L
B1,4.60E-04,W328L
C1,1.20E-04,W328L
D1,1.68E-03,W328L
E1,3.62E-03,W328L
F1,4.98E-03,W328L
G1,5.55E-03,W328L
H1,3.49E-03,W328L
A2,2.30E-04,W328L
B2,4.60E-04,W328L
C2,2.20E-04,W328L
D2,1.40E-03,W328L
E2,3.89E-03,W328L
F2,5.23E-03,W328L
G2,7.20E-03,W328L
H2,5.14E-03,W328L
A3,-2.10E-04,W328L
B3,1.70E-04,W328L
C3,4.70E-04,W328L
D3,2.19E-03,W328L
E3,4.36E-03,W328L
F3,4.79E-03,W328L
G3,7.06E-03,W328L
H3,5.53E-03,W328L
A7,-5.09E-05,W34A
B7,4.24E-05,W34A
C7,7.64E-05,W34A
D7,-9.03E-05,W34A
E7,-3.39E-05,W34A
F7,7.94E-05,W34A
G7,-8.79E-05,W34A
H7,3.33E-05,W34A
A8,-6.06E-05,W34A
B8,7.15E-05,W34A
C8,-4.42E-05,W34A
D8,-6.48E-05,W34A
E8,-3.58E-05,W34A
F8,-2.91E-05,W34A
G8,-2.24E-05,W34A
H8,-8.73E-05,W34A
A9,4.24E-05,W34A
B9,7.09E-05,W34A
C9,-4.73E-05,W34A
D9,-3.94E-05,W34A
E9,-4.97E-05,W34A
F9,-5.45E-05,W34A
G9,-7.03E-05,W34A
H9,3.45E-05,W34A
A10,-6.55E-05,W399A
B10,-2.30E-05,W399A
C10,-7.09E-05,W399A
D10,2.24E-05,W399A
E10,2.42E-05,W399A
F10,-4.06E-05,W399A
G10,-4.73E-05,W399A
H10,-2.18E-05,W399A
A11,-4.36E-05,W399A
B11,-7.03E-05,W399A
C11,5.52E-05,W399A
D11,-2.06E-05,W399A
E11,-3.45E-05,W399A
F11,1.64E-05,W399A
G11,-5.39E-05,W399A
H11,-1.94E-05,W399A
A12,-8.36E-05,W399A
B12,-4.61E-05,W399A
C12,-1.01E-04,W399A
D12,-4.18E-05,W399A
E12,-4.67E-05,W399A
F12,-2.36E-05,W399A
G12,-4.97E-05,W399A
H12,-2.91E-05,W399A
A7,2.21E-04,W399C
B7,1.87E-04,W399C
C7,2.16E-04,W399C
D7,2.54E-04,W399C
E7,2.28E-04,W399C
F7,2.75E-04,W399C
G7,2.32E-04,W399C
H7,1.79E-04,W399C
A8,2.47E-04,W399C
B8,1.71E-04,W399C
C8,2.02E-04,W399C
D8,1.72E-04,W399C
E8,2.02E-04,W399C
F8,2.11E-04,W399C
G8,2.06E-04,W399C
H8,2.09E-04,W399C
A9,2.33E-04,W399C
B9,2.05E-04,W399C
C9,1.78E-04,W399C
D9,-2.04E-04,W399C
E9,2.03E-04,W399C
F9,2.58E-04,W399C
G9,2.21E-04,W399C
H9,1.80E-04,W399C
A4,1.00E-04,W399G
B4,-1.19E-04,W399G
C4,-1.01E-04,W399G
D4,-4.79E-05,W399G
E4,7.45E-05,W399G
F4,7.21E-05,W399G
G4,9.27E-05,W399G
H4,9.33E-05,W399G
A5,6.61E-05,W399G
B5,6.36E-05,W399G
C5,8.18E-05,W399G
D5,6.85E-05,W399G
E5,6.97E-05,W399G
F5,1.96E-04,W399G
G5,1.13E-04,W399G
H5,-1.80E-04,W399G
A6,8.12E-05,W399G
B6,6.48E-05,W399G
C6,-1.42E-04,W399G
D6,1.65E-04,W399G
E6,8.73E-05,W399G
F6,-3.84E-04,W399G
G6,8.73E-05,W399G
H6,2.87E-04,W399G
H10,3.28E-04,W399R
G10,4.61E-05,W399R
F10,5.58E-05,W399R
E10,3.70E-05,W399R
D10,2.36E-05,W399R
C10,2.79E-05,W399R
B10,-2.79E-05,W399R
A10,2.30E-05,W399R
H11,-5.61E-04,W399R
G11,4.48E-05,W399R
F11,4.36E-05,W399R
E11,2.79E-05,W399R
D11,2.18E-05,W399R
C11,3.58E-05,W399R
B11,-1.79E-04,W399R
A11,1.39E-05,W399R
H12,-1.35E-03,W399R
G12,3.52E-05,W399R
F12,-1.83E-04,W399R
E12,3.16E-04,W399R
D12,2.24E-05,W399R
C12,3.82E-05,W399R
B12,-1.08E-04,W399R
A12,1.13E-03,W399R
A10,1.63E-04,W399S
B10,2.13E-04,W399S
C10,1.64E-04,W399S
D10,1.99E-04,W399S
E10,1.78E-04,W399S
F10,2.03E-04,W399S
G10,1.58E-04,W399S
H10,2.10E-04,W399S
A11,2.70E-04,W399S
B11,2.45E-04,W399S
C11,2.00E-04,W399S
D11,1.82E-04,W399S
E11,1.87E-04,W399S
F11,1.66E-04,W399S
G11,1.90E-04,W399S
H11,2.55E-04,W399S
A12,2.40E-04,W399S
B12,1.95E-04,W399S
C12,2.49E-04,W399S
D12,1.59E-04,W399S
E12,2.39E-04,W399S
F12,2.40E-04,W399S
G12,1.70E-04,W399S
H12,1.58E-04,W399S
A10,2.67E-05,W399S
B10,1.32E-04,W399S
C10,2.06E-05,W399S
D10,3.09E-05,W399S
E10,-3.15E-05,W399S
F10,2.30E-05,W399S
G10,-7.39E-05,W399S
H10,-2.91E-05,W399S
A11,3.33E-05,W399S
B11,-4.12E-05,W399S
C11,4.73E-05,W399S
D11,2.36E-05,W399S
E11,6.24E-05,W399S
F11,3.94E-05,W399S
G11,-3.15E-05,W399S
H11,-2.79E-05,W399S
A12,3.15E-05,W399S
B12,-6.42E-05,W399S
C12,5.09E-05,W399S
D12,8.91E-05,W399S
E12,-2.67E-05,W399S
F12,2.55E-05,W399S
G12,2.91E-05,W399S
H12,3.70E-05,W399S
A1,1.29E-05,W402C
B1,2.28E-05,W402C
C1,2.05E-05,W402C
D1,3.17E-05,W402C
E1,4.12E-05,W402C
F1,3.47E-05,W402C
G1,4.27E-05,W402C
H1,3.34E-05,W402C
A2,2.23E-05,W402C
B2,-7.98E-05,W402C
C2,3.08E-05,W402C
D2,-3.79E-05,W402C
E2,-4.79E-05,W402C
F2,-3.06E-05,W402C
G2,2.37E-05,W402C
H2,3.71E-05,W402C
A3,-2.45E-05,W402C
B3,-7.38E-05,W402C
C3,-4.05E-05,W402C
D3,3.27E-05,W402C
E3,6.65E-05,W402C
F3,-5.29E-05,W402C
G3,4.44E-05,W402C
H3,3.62E-05,W402C
A1,1.80E-04,W407A
B1,4.70E-04,W407A
C1,8.00E-05,W407A
D1,-5.00E-05,W407A
E1,3.10E-04,W407A
F1,1.10E-04,W407A
G1,1.20E-04,W407A
H1,9.00E-05,W407A
A2,1.30E-04,W407A
B2,-1.00E-04,W407A
C2,5.00E-05,W407A
D2,-1.30E-04,W407A
E2,1.50E-04,W407A
F2,-8.00E-05,W407A
G2,-9.00E-05,W407A
H2,8.00E-05,W407A
A3,-1.30E-04,W407A
B3,1.50E-04,W407A
C3,-8.00E-05,W407A
D3,-1.70E-04,W407A
E3,9.00E-05,W407A
F3,1.30E-04,W407A
G3,1.30E-04,W407A
H3,7.00E-05,W407A
A4,-7.82E-05,W407G
B4,-6.18E-05,W407G
C4,-2.47E-04,W407G
D4,1.01E-04,W407G
E4,1.82E-04,W407G
F4,2.09E-04,W407G
G4,1.81E-04,W407G
H4,3.18E-04,W407G
A5,7.94E-05,W407G
B5,5.21E-05,W407G
C5,2.95E-04,W407G
D5,5.88E-05,W407G
E5,1.04E-04,W407G
F5,1.92E-04,W407G
G5,2.38E-04,W407G
H5,5.96E-04,W407G
A6,4.55E-05,W407G
B6,4.79E-05,W407G
C6,9.39E-05,W407G
D6,-5.94E-05,W407G
E6,1.53E-04,W407G
F6,1.77E-04,W407G
G6,3.13E-04,W407G
H6,2.28E-04,W407G
A4,-4.73E-05,W407Q
B4,-9.94E-05,W407Q
C4,-5.64E-05,W407Q
D4,-6.42E-05,W407Q
E4,-5.64E-05,W407Q
F4,4.24E-05,W407Q
G4,-6.48E-05,W407Q
H4,-2.12E-05,W407Q
A5,-2.91E-05,W407Q
B5,-7.82E-05,W407Q
C5,-1.33E-04,W407Q
D5,-5.94E-05,W407Q
E5,-3.52E-05,W407Q
F5,-3.64E-05,W407Q
G5,5.15E-05,W407Q
H5,8.79E-05,W407Q
A6,-8.97E-05,W407Q
B6,-7.52E-05,W407Q
C6,-1.02E-04,W407Q
D6,-7.15E-05,W407Q
E6,1.80E-04,W407Q
F6,-4.61E-05,W407Q
G6,-4.79E-05,W407Q
H6,1.88E-05,W407Q
A1,1.52E-04,W407R
B1,6.91E-05,W407R
C1,-7.70E-05,W407R
D1,-8.79E-05,W407R
E1,5.33E-05,W407R
F1,-1.57E-04,W407R
G1,9.52E-05,W407R
H1,7.64E-05,W407R
A2,-1.14E-04,W407R
B2,1.69E-04,W407R
C2,-5.76E-05,W407R
D2,-5.45E-05,W407R
E2,9.21E-05,W407R
F2,-1.36E-04,W407R
G2,4.61E-05,W407R
H2,4.73E-05,W407R
A3,-9.58E-05,W407R
B3,3.39E-05,W407R
C3,9.33E-05,W407R
D3,-1.35E-04,W407R
E3,-9.45E-05,W407R
F3,-1.79E-04,W407R
G3,8.73E-05,W407R
H3,7.94E-05,W407R
A7,-5.70E-05,W407R
B7,-8.06E-05,W407R
C7,-8.06E-05,W407R
D7,-1.02E-04,W407R
E7,-3.94E-05,W407R
F7,-2.73E-05,W407R
G7,2.36E-05,W407R
H7,1.88E-05,W407R
A8,-7.70E-05,W407R
B8,-3.82E-05,W407R
C8,-7.39E-05,W407R
D8,-5.70E-05,W407R
E8,-3.27E-05,W407R
F8,-4.67E-05,W407R
G8,-3.52E-05,W407R
H8,4.61E-05,W407R
A9,-1.15E-04,W407R
B9,-9.15E-05,W407R
C9,-6.06E-05,W407R
D9,-9.52E-05,W407R
E9,-3.27E-05,W407R
F9,-3.15E-05,W407R
G9,8.06E-05,W407R
H9,-3.76E-05,W407R
H7,6.66E-02,W409Y
G7,5.42E-02,W409Y
F7,4.08E-02,W409Y
E7,2.49E-02,W409Y
D7,8.64E-03,W409Y
C7,2.60E-03,W409Y
B7,9.49E-04,W409Y
A7,2.21E-04,W409Y
H8,6.94E-02,W409Y
G8,5.22E-02,W409Y
F8,4.19E-02,W409Y
E8,2.68E-02,W409Y
D8,7.77E-03,W409Y
C8,2.99E-03,W409Y
B8,1.21E-03,W409Y
A8,2.55E-05,W409Y
H9,7.00E-02,W409Y
G9,5.49E-02,W409Y
F9,3.95E-02,W409Y
E9,2.10E-02,W409Y
D9,6.02E-03,W409Y
C9,2.38E-03,W409Y
B9,1.04E-03,W409Y
A9,2.42E-05,W409Y
A1,3.38E-04,WT
B1,2.77E-04,WT
C1,8.50E-04,WT
D1,5.58E-02,WT
E1,1.57E-01,WT
F1,1.70E-01,WT
G1,1.73E-01,WT
H1,1.76E-01,WT
A2,-1.66E-04,WT
B2,1.49E-04,WT
C2,7.58E-04,WT
D2,5.73E-02,WT
E2,1.55E-01,WT
F2,1.61E-01,WT
G2,1.58E-01,WT
H2,1.72E-01,WT
A3,-1.31E-04,WT
B3,2.04E-04,WT
C3,8.81E-04,WT
D3,6.55E-02,WT
E3,1.54E-01,WT
F3,1.61E-01,WT
G3,1.48E-01,WT
H3,1.75E-01,WT
A10,9.00E-05,Y169P
B10,-1.00E-04,Y169P
C10,-1.60E-04,Y169P
D10,9.00E-05,Y169P
E10,6.00E-05,Y169P
F10,-8.00E-05,Y169P
G10,-2.10E-04,Y169P
H10,-9.00E-05,Y169P
A11,-1.10E-04,Y169P
B11,-1.10E-04,Y169P
C11,8.00E-05,Y169P
D11,8.00E-05,Y169P
E11,-1.90E-04,Y169P
F11,-8.00E-05,Y169P
G11,-3.03E-03,Y169P
H11,-1.40E-04,Y169P
A12,-8.00E-05,Y169P
B12,1.30E-04,Y169P
C12,-1.00E-04,Y169P
D12,-8.00E-05,Y169P
E12,-1.50E-04,Y169P
F12,9.00E-05,Y169P
G12,-1.10E-04,Y169P
H12,-8.00E-05,Y169P
A4,4.50E-04,Y18A
B4,1.30E-04,Y18A
C4,1.40E-04,Y18A
D4,1.79E-03,Y18A
E4,6.04E-03,Y18A
F4,8.69E-03,Y18A
G4,9.83E-03,Y18A
H4,1.31E-02,Y18A
A5,-7.00E-05,Y18A
B5,1.50E-04,Y18A
C5,1.30E-04,Y18A
D5,1.59E-03,Y18A
E5,6.02E-03,Y18A
F5,9.40E-03,Y18A
G5,9.80E-03,Y18A
H5,1.16E-02,Y18A
A6,6.00E-05,Y18A
B6,7.00E-05,Y18A
C6,2.50E-04,Y18A
D6,1.35E-03,Y18A
E6,5.77E-03,Y18A
F6,8.39E-03,Y18A
G6,9.28E-03,Y18A
H6,9.82E-03,Y18A
A1,4.06E-05,Y294A
B1,7.39E-05,Y294A
C1,1.52E-04,Y294A
D1,4.22E-03,Y294A
E1,1.52E-02,Y294A
F1,1.62E-02,Y294A
G1,1.67E-02,Y294A
H1,1.92E-02,Y294A
A2,-1.28E-04,Y294A
B2,-7.70E-05,Y294A
C2,1.04E-04,Y294A
D2,4.14E-03,Y294A
E2,1.70E-02,Y294A
F2,1.65E-02,Y294A
G2,1.69E-02,Y294A
H2,1.53E-02,Y294A
A3,6.36E-05,Y294A
B3,-8.73E-05,Y294A
C3,1.08E-04,Y294A
D3,4.55E-03,Y294A
E3,1.43E-02,Y294A
F3,1.40E-02,Y294A
G3,1.52E-02,Y294A
H3,1.53E-02,Y294A
A4,9.82E-05,Y294F
B4,1.79E-04,Y294F
C4,1.28E-03,Y294F
D4,1.42E-01,Y294F
E4,3.47E-01,Y294F
F4,3.37E-01,Y294F
G4,3.33E-01,Y294F
H4,3.69E-01,Y294F
A5,1.26E-04,Y294F
B5,1.98E-04,Y294F
C5,8.24E-04,Y294F
D5,1.14E-01,Y294F
E5,3.50E-01,Y294F
F5,3.35E-01,Y294F
G5,3.51E-01,Y294F
H5,3.72E-01,Y294F
A6,1.38E-04,Y294F
B6,1.58E-04,Y294F
C6,8.85E-04,Y294F
D6,9.46E-02,Y294F
E6,3.37E-01,Y294F
F6,3.56E-01,Y294F
G6,3.39E-01,Y294F
H6,3.67E-01,Y294F
A7,-1.54E-04,Y295A
B7,1.36E-04,Y295A
C7,5.03E-05,Y295A
D7,-3.70E-05,Y295A
E7,-4.73E-05,Y295A
F7,-1.01E-04,Y295A
G7,1.64E-04,Y295A
H7,-1.92E-04,Y295A
A8,1.18E-04,Y295A
B8,7.45E-05,Y295A
C8,-1.79E-04,Y295A
D8,-9.52E-05,Y295A
E8,-1.22E-04,Y295A
F8,1.48E-04,Y295A
G8,-2.70E-04,Y295A
H8,4.48E-05,Y295A
A9,1.15E-04,Y295A
B9,5.64E-05,Y295A
C9,4.67E-05,Y295A
D9,5.03E-05,Y295A
E9,4.48E-05,Y295A
F9,-1.27E-04,Y295A
G9,-7.21E-05,Y295A
H9,5.52E-05,Y295A
A7,6.85E-05,Y295G
B7,1.14E-04,Y295G
C7,1.02E-04,Y295G
D7,1.36E-04,Y295G
E7,-7.33E-05,Y295G
F7,3.22E-04,Y295G
G7,1.25E-04,Y295G
H7,-2.25E-04,Y295G
A8,7.82E-05,Y295G
B8,1.28E-04,Y295G
C8,6.55E-05,Y295G
D8,-8.67E-05,Y295G
E8,9.52E-05,Y295G
F8,1.19E-04,Y295G
G8,-2.65E-04,Y295G
H8,7.27E-05,Y295G
A9,1.13E-04,Y295G
B9,-2.76E-04,Y295G
C9,9.94E-05,Y295G
D9,2.27E-04,Y295G
E9,1.96E-04,Y295G
F9,1.05E-04,Y295G
G9,-8.36E-05,Y295G
H9,7.88E-05,Y295G
A1,1.90E-04,Y297F
B1,2.20E-04,Y297F
C1,3.45E-04,Y297F
D1,9.64E-03,Y297F
E1,3.59E-02,Y297F
F1,3.02E-02,Y297F
G1,3.55E-02,Y297F
H1,3.66E-02,Y297F
A2,1.93E-04,Y297F
B2,1.91E-04,Y297F
C2,4.30E-04,Y297F
D2,8.56E-03,Y297F
E2,3.50E-02,Y297F
F2,3.39E-02,Y297F
G2,3.50E-02,Y297F
H2,3.32E-02,Y297F
A3,1.73E-04,Y297F
B3,1.68E-04,Y297F
C3,4.22E-04,Y297F
D3,1.00E-02,Y297F
E3,2.62E-02,Y297F
F3,3.09E-02,Y297F
G3,4.11E-02,Y297F
H3,3.62E-02,Y297F