name,y,km,ekm,kcat,ekcat,ki,eki,kcatkm,ekcatkm
H315N,,,,,,,,,
M323K,,,,,,,,,
P329W,,,,,,,,,
G355A,,,,,,,,,
D403A,,,,,,,,,
F405A,,,,,,,,,
W407A,,,,,,,,,
W407G,,,,,,,,,
W407Q,,,,,,,,,
W407R,,,,,,,,,
W409A,,,,,,,,,
I300N,1.51,4.48,0.32,693,13,,,154732,11520
W399S,1.5,,,,,,,1,0
E154D,1.42,3.46,0.76,878,47,,,254004,57175
N404A,1.41,9.42,0.42,4,1,,,393,18
R240K,1.4,17.67,3.32,898,59,,,50829,10102
E222Q,1.3,12.16,0.65,668,11,,,54923,3084
W399G,1.27,,,,,,,1,0
H119A,1.21,15.1,3.36,143,11,,,9483,2222
BglB,1.2,5,0.2,880,10,,,176000,8000
H373R,1.19,6.31,0.3,707,9,,,112169,5512
A192S,1.17,5.09,0.18,946,10,,,185848,6994
N220H,1.12,5.14,0.21,123,1,,,23874,1031
W325H,1.12,3.08,0.43,35,1,143.45,25.04,11358,1645
R240A,1.11,19.46,1.17,11011,258,,,565763,36384
K413A,1.11,2.92,0.48,835,33,,,285858,48589
N163C,1.1,5.42,0.32,26,1,,,4766,291
S298E,1.1,5.28,0.05,809,2,,,153264,1391
W325L,1.08,5.74,0.35,109,2,,,18909,1198
E423S,1.08,6.6,0.42,646,12,317.35,65.22,97777,6431
Q313R,1.07,3.58,0.51,689,24,,,192373,28109
L171R,1.06,3.36,0.23,403,7,,,120146,8506
N163D,1.05,15.19,1.41,12,1,,,789,77
H101R,1.03,10.62,0.53,1059,16,,,99708,5225
H119N,1.02,23.22,2.2,2,1,,,82,8
S17E,1.01,7.32,0.38,641,9,,,87596,4719
W120H,1,89.18,4.31,84,2,,,943,53
T218A,0.98,6.51,0.94,464,18,,,71280,10669
V52G,0.97,8.25,0.54,687,13,,,83371,5707
E177A,0.96,5.98,0.22,986,10,,,164804,6408
W399A,0.96,16.65,2.52,0,0,,,14,2
E177K,0.95,6.19,0.3,555,7,362.94,36.97,89609,4493
C167Q,0.94,4.92,0.19,504,6,590.71,86.56,102415,4149
W399C,0.93,70.33,5.89,3,1,,,39,4
K341A,0.92,5.46,0.33,1046,17,,,191689,12041
S331A,0.89,4.34,0.11,817,5,,,188306,5055
M323G,0.88,19.21,2.91,154,9,,,7998,1302
T175R,0.86,3.59,0.15,801,8,,,223033,9663
S16A,0.83,14.01,0.4,154,1,,,10997,331
R240D,0.8,10.82,0.47,282,4,,,26093,1196
W120F,0.78,16.08,2.07,472,21,,,29334,3980
E177L,0.77,7.48,0.36,670,10,,,89478,4555
Y295G,0.77,,,,,,,1,0
N163A,0.74,11.95,0.91,7,1,,,558,44
M221A,0.73,6.25,0.6,547,15,,,87554,8701
Y294F,0.73,5.99,0.32,735,11,,,122751,6883
E222H,0.7,8.54,0.53,160,3,,,18695,1212
E222Y,0.7,18.43,3.14,12,1,,,636,116
T352A,0.7,14.26,1.76,60,2,,,4174,541
Y295A,0.69,,,,,,,1,0
N293A,0.68,9.67,0.44,13,0,,,1313,63
S17A,0.65,18.45,3.72,848,76,,,45978,10135
M358T,0.62,4.83,0.48,436,11,,,90241,9225
N220A,0.61,10.27,0.68,405,8,,,39425,2745
S14A,0.6,8.25,1.02,320,11,,,38823,4972
I244E,0.6,5.97,1.04,497,23,,,83137,14963
Y294A,0.59,4.98,0.17,166,2,,,33260,1180
E406A,0.57,,,,,,,1,0
E353A,0.56,,,,,,,1,0
F415A,0.53,16.63,4,0,1,,,80,20
Q284R,0.52,9.68,1.35,370,15,,,38182,5550
E222K,0.5,7.22,0.75,108,3,,,14955,1618
I91E,0.49,6.71,0.79,846,35,,,126071,15714
C167A,0.48,14.56,1.27,479,14,,,32884,3026
L219A,0.47,7.87,0.6,199,5,,,25262,2010
F72A,0.44,5.47,0.28,613,8,,,112224,6000
Q19S,0.43,,,,,,,13,3
E164A,0.42,1.01,0.17,0,0,,,190,33
S400A,0.41,3.22,0.22,531,9,,,164795,11833
Q19C,0.4,,,,,,,1,0
T296A,0.39,11.05,0.77,109,2,142.75,28.67,9904,722
L171A,0.38,11.09,0.42,807,9,,,72719,2851
M323A,0.35,9.34,0.8,416,11,126.29,25.47,44477,3991
N354A,0.34,5.38,0.67,3,1,,,547,70
E222A,0.29,0.63,0.15,90,4,95.24,13.7,143604,36130
E406D,0.27,34.13,2.57,39,1,,,1146,94
Q19A,0.26,,,,,,,11,3
W325A,0.26,1.61,0.23,29,1,171.02,19.85,18243,2607
H178A,0.25,7.67,0.73,113,3,173.34,42.79,14697,1463
V147S,0.23,6.45,0.62,5,1,,,706,70
W325C,0.22,4.18,0.53,10,1,159.19,34.38,2503,327
I244N,0.21,2.15,0.13,271,4,,,126176,7795
Y166P,0.18,2.5,0.45,27,1,94.95,10.18,10596,1981
Y18A,0.17,31.55,3.61,197,9,,,6230,773
W120A,0.16,,,,,,,1,0
E222R,0.15,2.48,0.44,42,2,,,17098,3148
H379R,0.14,6.24,0.84,2,1,,,380,53
M261E,0.11,,,,,,,702,73
W34A,,,,,,,,,
R76A,,,,,,,,,
H119E,,,,,,,,,