,kcat,km,kcatkm,ki,err_kcat,err_km,err_kcatkm,err_ki
E406A,,,4.6382306512841955,,,,0.2980629683343821,
G355A,1.0428066225188666,0.0058431158410314505,178.46755924229393,,0.0834062396164442,0.0015555937850207108,93.18398702309439,
E177A,986.1840217690099,0.005983979961409867,164804.0314521137,,9.964425481186892,0.00022469298911978976,31978.428812860166,
M323G,153.67280394195882,0.019213989260971308,7997.964496321902,,9.099297307043026,0.002912837342453839,3149.877262338237,
H119N,1.8969632448043316,0.023215789325562602,81.71004733901553,,0.06760519685567827,0.0021960578961782544,25.298914257192745,
W325H,49.3370633617052,0.006148988821230747,,0.14344801128521345,2.6348292136063116,0.0006882177461117447,,
E423S,645.6374005801022,0.006603147308747445,97777.22204149546,,12.211196033075323,0.00041593559693308,24609.620396177976,
W399C,2.71462670019332,0.0703317799445573,38.597440621199496,,0.1260947177952382,0.005886165843048948,11.309051629559768,
F72A,613.3457891198825,0.0054653914798536915,112223.57838057408,,8.381283900085053,0.00028251732422120314,25561.068814717037,
Q19S,,,5.444055159591969,,,,0.27726602133558614,
V52G,687.4950536618186,0.008246264884882172,83370.47903011205,,13.01218518402439,0.0005424892377910058,21441.662672595638,
W325L,108.50530159537786,0.005738376962019703,18908.709259349158,,1.8429541197423958,0.00035031829741451583,4682.981945154583,
M261E,61.633429994010385,0.010120267745146069,6090.098754904118,,4.963118983890364,0.0027035197111853677,3185.672690226866,
M358T,436.1495945850293,0.004833186970908727,90240.57981001824,,11.14730534268121,0.000478366293383641,28483.530639210505,
K341A,1045.8940844541507,0.005456217438363495,191688.4904733287,,16.785861242532025,0.0003313647680180804,47339.36229240019,
N404A,49.518575306658825,0.011091681131252654,4464.478803590198,,0.9711297561760597,0.0006419956859115159,1077.6463562334275,
N163D,11.983121142782132,0.01519295844634331,788.728619584046,,0.3726797971126708,0.0014146234676115088,241.919541529177,
S16A,154.0444168487734,0.0140084315922529,10996.549887423856,,1.4423616654810407,0.0004012382063921257,1863.9165932953022,
Y166P,39.6323181663017,0.005404534302782715,,0.09495142480138724,1.4605571947695248,0.00040991382975940477,,
I244N,271.4388373123219,0.0021512708564626914,126176.03984960103,,3.686290922546716,0.00012965961588894665,31023.812955103782,
T175R,801.2638693012032,0.0035925827759888504,223032.8204701302,,8.253359460635446,0.00015118516195317022,45810.681552311464,
L171R,403.47213073320506,0.003358172449708557,120146.34053954581,,6.717011884409641,0.0002310810320809991,31580.140683732105,
A192S,945.8448477700764,0.005089358196796176,185847.56882812834,,9.72765624491689,0.00018424669969292423,35412.67666428459,
S331A,816.802399235834,0.0043376391468273375,188305.75149001606,,5.3807656220175435,0.00011288828223046774,30403.465784889573,
Q313R,689.2522567363222,0.003582883386899304,192373.62266842136,,23.931806831891915,0.000508465965033799,72777.48004809425,
I300N,693.3751829821588,0.004481113743855638,154732.77908486323,,12.737790631755137,0.00032328259238136134,41657.57036767118,
E177L,669.545892583781,0.007482776807758365,89478.26586108727,,10.055073336108576,0.0003640070513529678,19780.8738880961,
E177K,554.9386457041669,0.006192871188536764,89609.26665669699,,7.277063803639216,0.0002997374013792518,19749.10810341008,
Y294F,734.8905648340653,0.0059868485213163646,122750.81993764568,,10.708842991745557,0.0003241741771511822,28619.653239052015,
N220H,122.61188704253594,0.00513571024018143,23874.377896795908,,1.3381373594172317,0.0002145706046718813,4886.918343755045,
H119E,,,2.699458645721868,,,,0.07709579053376578,
C167Q,503.6722109182193,0.004917972752594814,102414.59972556222,,5.540024341583247,0.00019176033863650173,20254.47215007078,
H315N,47.697904193584414,0.004970968131856406,9595.294704850914,,0.4326350757889512,0.00017368072774333755,1795.661029889989,
S17E,641.1882788134932,0.0073198129548050555,87596.26547459635,,9.326055555600348,0.0003796775467967105,19990.64973722929,
E406D,39.10268644247718,0.03412862885659741,1145.7444307762817,,1.2540640382410881,0.002574442558563815,316.81868132615705,
F405A,0.5654233006893612,0.003530441394320519,160.15654631711698,,0.07901933520189433,0.001548898595557596,108.41751025233631,
E154D,878.0774555554583,0.0034569383447155253,254004.37265470412,,46.70031836271044,0.0007561084551278037,119557.73266945765,
H379R,2.3738396872585157,0.00624011350843467,380.41610686245235,,0.08664456777999284,0.0008397674258794459,140.24301613966097,
W120F,471.7722572768917,0.016082821815023858,29333.923033095038,,20.563806344507398,0.0020666429526696637,10592.75425523814,
W407R,,,3.991906948230799,,,,0.4142909887800096,
C167A,478.9431807017791,0.014564738407849376,32883.747533952424,,14.377549297961423,0.0012670436998859778,9749.078992784262,
M323K,1.199359245213548,0.017058917766191586,70.30687770771203,,0.16295799052070897,0.008331820718945771,50.05510358219225,
W407G,,,0.9040068909178895,,,,0.08615817051847514,
R240A,11010.591083775173,0.019461498281160675,565762.7652663187,,258.38948309345363,0.001165274882906158,139074.8278066421,
R76A,2.6045559166315004,0.013533997281206526,192.44542927817923,,0.15948986169084622,0.002558129398602522,84.49314025200098,
S400A,530.6812880516276,0.0032202315065173737,164796.00518707754,,8.900117036906114,0.00022481546455789485,43630.41329246496,
T296A,109.41503831082036,0.0110477827834322,9903.800649928105,,2.34663739198763,0.0007696605028429637,2622.665763355843,
H178A,112.76166238146293,0.007672453634735664,14696.949339772433,,3.328977558115087,0.0007295627218135956,4552.737814295545,
L171A,806.7871153365859,0.011094554003304172,72719.20215056045,,9.31438919101421,0.0004156379275855155,14100.125199919969,
M323A,415.5728791794343,0.009343627441421809,44476.610586712035,,10.580919464511952,0.0008039799849177456,13095.629813118565,
N220A,404.92468644058937,0.010270657940606286,39425.38917975943,,8.164591947870655,0.0006845892173405438,10209.684771993598,
E164A,0.19130506320257773,0.0010051626162809243,190.32250115946565,,0.0069111493158070985,0.00016968748408285826,78.4999140239018,
E222A,123.47037621759667,0.0012902172262848988,,0.09524077003739151,4.929977360041377,0.00014679851071673563,,
E353A,,,1.9635647717418114,,,,0.11981356882522247,
N293A,12.703795520693603,0.009673859781629084,1313.2085648810464,,0.18942067576920932,0.0004401394339684361,280.7937631105504,
Q19A,,,3.294157518269691,,,,0.2233469331004164,
W120A,66.00720165565535,0.06668234905336008,989.87517075674,,1.8801021954642723,0.0035469353325511496,230.03219897980605,
W325A,37.92900962653527,0.002843344766738063,,0.17102041207400245,1.0491496590720795,0.00020020452350860249,,
W34A,,,3.5477432804924196,,,,0.6946294123245889,
W409A,0.402369591488048,0.031134561941578327,12.923566814367403,,0.12759110199956947,0.023922375788885265,12.046721257323922,
W407Q,,,5.965141916460563,,,,1.2194272377144224,
Y295G,,,0.9040685369832966,,,,0.9138925273870987,
W399S,,,1.7062054982955224,,,,0.25693505729014543,
W399G,,,1.2436890596356696,,,,0.1732816474221462,
W407A,11.413115576927009,0.007607705270713224,1500.204749106563,,0.4890157025077123,0.001152979548601219,587.5557824818396,
Q284R,369.77490969830535,0.009684460570373357,38182.292860948655,,15.36843452897493,0.0013490716506861901,14338.967557699514,
W120H,84.07526357320349,0.0891765922427557,942.7952050952404,,2.4042473568060827,0.004308876342866571,208.9865034235451,
S298E,809.1674665051354,0.005279568085613579,153263.9514035353,,1.8648209085171223,4.6335050370595786e-05,14362.3998846441,
R240K,898.3144799716065,0.01767321082845405,50829.16107837694,,58.70174510012041,0.0033170923821002917,22269.93665715452,
E222H,159.7132314975487,0.008542931021820797,18695.36709234815,,3.1403443087648593,0.0005278404697905742,4661.614763298647,
E222K,107.9984342166271,0.007221789448728032,14954.525465381545,,3.1464521294875936,0.0007524512598227242,4846.757004516021,
E222Q,667.6345070487613,0.012155743202256803,54923.38032649538,,11.270129791426353,0.0006509772419873922,12743.883355237143,
R240D,282.27018620980914,0.010818005506806061,26092.62733617774,,3.78947983151325,0.00047416752814581853,5473.954438863471,
E222Y,11.726903832283552,0.018431750863482532,636.2338509857575,,0.7720000051316473,0.0031411181265547784,265.9675593517876,
I244E,496.6407121778519,0.0059739630719594,83134.21194533075,,23.220442068103242,0.0010383647724769686,34876.867311114846,
N163C,25.840534365407013,0.0054222421709549,4765.6547883135745,,0.4026695159649875,0.0003201152396726508,1160.3195559454516,
E222R,59.9144316767818,0.004865214649168873,,0.1129835823262379,3.5138893134583973,0.0006123386921571767,,
Q19C,,,8.170924891322235,,,,0.7103153858387455,
S17A,848.4583381444902,0.018454132033306692,45976.604947507774,,75.630951906648,0.003721203678594412,21048.645331256324,
D403A,,,9.84356249393998,,,,0.9582721043488123,
Y18A,196.54178396231757,0.03154695375270185,6230.135102838089,,9.331388992470881,0.003614121956450253,2129.3706143235136,
W325C,14.615342610144443,0.00788753170235602,,0.15919510323507205,0.951143243792017,0.0010205778575844262,,
N163A,6.662353933052908,0.011945390640668836,557.7342870956855,,0.15892385418223354,0.0009079440961361111,154.33921347658116,
H373R,707.3554861934477,0.00630615036091516,112169.14372634703,,9.121570868751961,0.00029905300707599005,24469.519214644773,
V147S,4.558260273867337,0.00645276403811192,706.4043016209663,,0.12005592180317272,0.0006172379490587824,219.2682939385727,
N354A,2.9467675730966163,0.005384971632144969,547.2206307469154,,0.10487557055622003,0.0006667604908695295,193.53779365920727,
W399A,0.23517170791714775,0.016650108848815893,14.124334564567876,,0.012213761703303445,0.0025252878598728073,5.549358226213758,
T218A,464.3623293873703,0.006514794142206251,71278.12778902525,,18.474404911728964,0.0009400693565106737,27224.17994290896,
M221A,547.0900004455265,0.006248589359044107,87554.16126900342,,15.463778821164393,0.0005953341681334661,27138.105387707943,
T352A,59.514495303771234,0.014257930416293575,4174.132820550148,,2.4059185138257853,0.0017550271903718849,1474.157762929015,
S14A,320.47629956897384,0.008254941167472751,38822.36021641904,,11.351359574680021,0.0010160711309511418,13689.548844946083,
Y295A,0.24788843475840716,0.012952109710273744,19.13884612649471,,0.030375799896966926,0.0049549749945939255,12.067749516975617,
Y294A,165.5505122610136,0.00497745371937736,33260.08067468735,,1.5982605083750294,0.0001699277338595152,6153.80654974334,
H101R,1059.1151519872383,0.010622165628095764,99708.02462219805,,16.18984152206871,0.0005324641077028206,22375.802353214112,
I91E,846.1391492126868,0.006711607206809678,126071.0174388906,,34.986377580817745,0.000789136552708646,43542.44718863751,
L219A,198.72319410908045,0.007866631715376134,25261.535215975055,,4.712291094844477,0.0005974320944160018,6987.3330566226905,
F415A,1.3225217276387264,0.016630847138288506,79.52221054295784,,0.10878414521097418,0.003996232372592451,39.52631997437337,
K413A,834.7511907710003,0.002920159982061509,285858.0337717324,,32.63669832209872,0.000483053258333084,116799.7703772752,
H119A,143.234606213271,0.01510416785949774,9483.118007272597,,10.619354576764469,0.003357942219795158,4526.29524489293,
