mutant,designed_res,sequence_pos,in_plos_paper,expression,tm_exists,tm,note,km,ekm,kcat,ekcat,ki,eki,kcatkm,ekcatkm
S14A,A,14,1,1,1,40.01786873,,8.25,1.02,320,11,,,38823,4972
T15A,A,15,0,1,1,38.69692256,,,,,,,,,
S16A,A,16,1,1,0,,below detection,14.01,0.4,154,1,,,10997,331
S16N,N,16,0,0,0,,below detection,,,,,,,,
S17E,E,17,1,1,1,39.42989154,,7.32,0.38,641,9,,,87596,4719
S17A,A,17,1,1,1,41.64904222,,18.45,3.72,848,76,,,45978,10135
Y18A,A,18,1,1,1,37.17290318,,31.55,3.61,197,9,,,6230,773
Q19S,S,19,1,1,1,36.47097293,,,,,,,,13,3
Q19A,A,19,1,1,0,,below detection,,,,,,,11,3
Q19C,C,19,1,1,0,,below detection,,,,,,,10,0
W34A,A,34,1,0,0,,no expression,,,,,,,,
V52G,G,52,1,1,1,39.20629853,,8.25,0.54,687,13,,,83371,5707
F72H,H,72,1,0,0,,no protein,,,,,,,,
R76A,A,76,1,0,0,,no expression,,,,,,,,
I91E,E,91,1,1,1,39.19952473,,6.71,0.79,846,35,,,126071,15714
H101R,R,101,1,1,1,40.02170796,,10.62,0.53,1059,16,,,99708,5225
H119A,A,119,1,1,1,40.15804486,,15.1,3.36,143,11,,,9483,2222
H119E,E,119,1,0,0,,no expression,,,,,,,,
H119N,N,119,1,1,0,,below detection,23.22,2.2,2,1,,,82,8
W120H,H,120,1,1,1,39.88839454,,89.18,4.31,84,2,,,943,53
W120F,F,120,1,1,1,41.51052689,,16.08,2.07,472,21,,,29334,3980
W120A,A,120,1,0,0,,below detection,,,,,,,10,0
E154D,D,154,1,1,1,38.69910415,,3.46,0.76,878,47,,,254004,57175
N163C,C,163,1,1,1,37.69860811,,5.42,0.32,26,1,,,4766,291
N163D,D,163,1,1,1,38.25875361,,15.19,1.41,12,1,,,789,77
N163A,A,163,1,1,1,40.8019296,,11.95,0.91,7,1,,,558,44
E164A,A,164,1,1,0,,catalytic residue,1.01,0.17,0,0,,,190,33
E164G,G,164,0,0,0,,catalytic residue,,,,,,,,
E164R,R,164,0,1,0,,catalytic residue,,,,,,,,
Y166P,P,166,1,0,0,,no protein,2.5,0.45,27,1,94.95,10.18,10596,1981
C167Q,Q,167,1,1,1,38.47156734,,4.92,0.19,504,6,590.71,86.56,102415,4149
C167A,A,167,1,1,1,39.735604,,14.56,1.27,479,14,,,32884,3026
L171A,A,171,1,1,1,38.28835703,,11.09,0.42,807,9,,,72719,2851
L171R,R,171,1,1,1,38.69910415,,3.36,0.23,403,7,,,120146,8506
T175R,R,175,1,1,1,37.82697936,,3.59,0.15,801,8,,,223033,9663
E177K,K,177,1,1,1,36.64970183,,6.19,0.3,555,7,362.94,36.97,89609,4493
E177A,A,177,1,1,1,37.30765525,,5.98,0.22,986,10,,,164804,6408
E177L,L,177,1,1,1,39.22350318,,7.48,0.36,670,10,,,89478,4555
H178A,A,178,1,0,0,,no expression,7.67,0.73,113,3,173.34,42.79,14697,1463
H178R,R,178,0,0,0,,below detection,,,,,,,,
A192S,S,192,1,1,1,39.08260139,,5.09,0.18,946,10,,,185848,6994
T218A,A,218,1,1,1,40.04565324,,6.51,0.94,464,18,,,71280,10669
N220A,A,220,1,1,1,38.63105708,,10.27,0.68,405,8,,,39425,2745
N220R,R,220,0,1,1,39.42249484,,,,,,,,,
N220H,H,220,1,1,1,39.45829075,,5.14,0.21,123,1,,,23874,1031
N220Y,Y,220,0,1,1,41.63037405,,,,,,,,,
N220G,G,220,0,1,1,41.8736114,,,,,,,,,
M221A,A,221,1,0,0,,no protein,6.25,0.6,547,15,,,87554,8701
E222H,H,222,1,1,1,34.70831193,,8.54,0.53,160,3,,,18695,1212
E222A,A,222,1,1,1,36.74381433,,0.63,0.15,90,4,95.24,13.7,143604,36130
E222K,K,222,1,1,1,38.52686761,,7.22,0.75,108,3,,,14955,1618
E222Q,Q,222,1,1,1,39.42164542,,12.16,0.65,668,11,,,54923,3084
E222R,R,222,1,0,0,,no protein,2.48,0.44,42,2,,,17098,3148
E222Y,Y,222,1,0,0,,no expression,18.43,3.14,12,1,,,636,116
R240K,K,240,1,1,1,39.31426782,,17.67,3.32,898,59,,,50829,10102
R240A,A,240,1,1,1,39.87611457,,19.46,1.17,11011,258,,,565763,36384
R240D,D,240,1,0,0,,below detection,10.82,0.47,282,4,,,26093,1196
R240E,E,240,0,0,0,,no protein,,,,,,,,
I244E,E,244,1,1,1,37.79312885,,5.97,1.04,497,23,,,83137,14963
I244N,N,244,1,0,0,,no protein,2.15,0.13,271,4,,,126176,7795
N293C,C,293,0,1,1,38.66739191,,,,,,,,,
N293A,A,293,1,1,0,,below detection,9.67,0.44,13,0,,,1313,63
N293D,D,293,0,1,0,,below detection,,,,,,,,
N293Q,Q,293,0,1,0,,below detection,,,,,,,,
Y294A,A,294,1,1,1,39.99976639,,4.98,0.17,166,2,,,33260,1180
Y294F,F,294,1,1,0,,below detection,5.99,0.32,735,11,,,122751,6883
Y295A,A,295,1,0,0,,catalytic residue,,,,,,,10,0
T296A,A,296,1,0,0,,no protein,11.05,0.77,109,2,142.75,28.67,9904,722
S298E,E,298,1,1,1,39.56683791,,5.28,0.05,809,2,,,153264,1391
I300N,N,300,1,1,1,37.65337458,,4.48,0.32,693,13,,,154732,11520
Q313R,R,313,1,1,1,35.81800542,,3.58,0.51,689,24,,,192373,28109
H315E,E,315,0,1,0,,below detection,,,,,,,,
H315N,N,315,1,0,0,,no protein,,,,,,,,
M323A,A,323,1,1,1,36.85834703,,9.34,0.8,416,11,126.29,25.47,44477,3991
M323K,K,323,1,0,0,,no protein,,,,,,,,
W325C,C,325,1,1,1,39.18184169,,4.18,0.53,10,1,159.19,34.38,2503,327
W325R,R,325,0,1,1,39.87379178,,,,,,,,,
W325R,R,325,0,1,1,39.87379178,,,,,,,,,
W325A,A,325,1,1,1,40.1882422,,1.61,0.23,29,1,171.02,19.85,18243,2607
W325G,G,325,0,0,0,,no protein,,,,,,,,
W325H,H,325,1,1,0,,below detection,3.08,0.43,35,1,143.45,25.04,11358,1645
W325L,L,325,1,1,0,,below detection,5.74,0.35,109,2,,,18909,1198
W325L,L,325,1,1,0,,below detection,5.74,0.35,109,2,,,18909,1198
P329N,N,329,1,0,0,,no expression,,,,,,,,
S331A,A,331,1,1,1,38.95957149,,4.34,0.11,817,5,,,188306,5055
K341A,A,341,1,1,1,39.98458912,,5.46,0.33,1046,17,,,191689,12041
T352A,A,352,1,1,1,38.02706561,,14.26,1.76,60,2,,,4174,541
E353A,A,353,1,1,0,,catalytic residue,,,,,,,10,0
N354A,A,354,1,1,1,40.5577929,,5.38,0.67,3,1,,,547,70
G355A,A,355,1,0,0,,no protein,,,,,,,,
M358T,T,358,1,1,1,39.4891321,,4.83,0.48,436,11,,,90241,9225
L362M,M,362,0,1,1,39.8488593,,,,,,,,,
H373R,R,373,1,1,1,39.08260139,,6.31,0.3,707,9,,,112169,5512
H379T,T,379,0,0,0,,below detection,,,,,,,,
W399A,A,399,1,0,0,,below detection,16.65,2.52,0,0,,,14,2
W399C,C,399,1,1,0,,below detection,70.33,5.89,3,1,,,39,4
W399G,G,399,1,1,0,,below detection,,,,,,,10,0
W399R,R,399,0,1,0,,below detection,,,,,,,,
W399S,S,399,1,1,0,,below detection,,,,,,,10,0
S400A,A,400,1,1,1,39.80689539,,3.22,0.22,531,9,,,164795,11833
D403A,A,403,1,0,0,,no expression,,,,,,,,
N404A,A,404,1,1,1,42.00579072,,9.42,0.42,4,1,,,393,18
N404C,C,404,0,1,1,42.5779609,,,,,,,,,
E406A,A,406,1,1,1,39.93431035,,,,,,,,10,0
E406D,D,406,1,1,1,40.55459923,,34.13,2.57,39,1,,,1146,94
W407A,A,407,1,0,0,,no expression,,,,,,,,
W407G,G,407,1,0,0,,no expression,,,,,,,,
W407Q,Q,407,1,0,0,,no expression,,,,,,,,
W407R,R,407,1,0,0,,no expression,,,,,,,,
W409Y,Y,409,0,1,1,36.61492149,,,,,,,,,
F415A,A,415,1,1,0,,no expression,16.63,4,0,1,,,80,20
F415N,N,415,0,1,0,,no expression,,,,,,,,
BglB,B,NA,1,1,,39.6,,0.05,,880,,NA,,174000,