mutant,expression,tm,kcat,km,kcatkm
G12N,0,,,,
S14A,1,0.22999999999999687,-0.43933269383026263,-0.21748394421390627,-0.6514601563568644
T15A,1,-0.759999999999998,-0.15631430100900093,-0.025305865264770234,-0.17665695893827385
S16A,1,-0.5200000000000031,-0.7569619513137056,-0.4474681309497558,-1.1992750232283695
S16N,0,,,,
S17E,1,-0.46000000000000085,-0.1376246426313512,-0.16554107672237314,-0.29806497336555116
S17A,1,1.7299999999999969,-0.016086819893454805,-0.5670263661590604,-0.5779991723422698
Y18A,1,-1.6700000000000017,-0.6500164459885757,-0.8000293592441343,-1.4460612016234302
Q19S,1,-3.1099999999999994,,,-4.1266058959757626
Q19C,1,,,,-4.2405492482825995
Q19A,1,,,,-4.2405492482825995
Q19P,0,,,,
S32L,0,,,,
W34A,0,,,,
V52G,1,-0.6499999999999986,-0.10752593509061821,-0.21748394421390627,-0.31953423757509036
F72H,0,,,,
R76A,0,,,,
I91E,1,-0.2700000000000031,-0.017112309111145117,-0.12775251583297334,-0.13993405059468503
H101R,1,0.1600000000000037,0.08041328795731637,-0.32715451240943144,-0.24181924326612686
H119A,1,0.29999999999999716,-0.7891466346851068,-0.4800069429571506,-1.2636034977233577
H119N,1,0.38000000000000256,-2.6434526764861874,-0.6668922110665362,-3.3267353958988832
H119E,0,,,,
W120H,1,0.1600000000000037,-1.0202033860882869,-1.2512974636775698,-2.2660375555452714
W120F,1,1.75,-0.27054067351608085,-0.5073160400764136,-0.7731779606351205
W120A,0,,,,
D121F,0,,,,
E154D,1,-1.1000000000000014,-0.000988156244066079,0.1598939055432422,0.16429130756666585
N163E,0,,,,
N163A,1,1.2299999999999969,-2.0993846321359118,-0.37839790094813763,-2.493915049345021
N163K,0,,,,
N163C,1,-1.8800000000000026,-1.5295093241793507,-0.03502928220236815,-1.5623952102721623
N163D,1,-1.4099999999999966,-1.8653014261025438,-0.4825877695267675,-2.3434722450731793
E164A,1,6.060000000000002,-2.9444826721501687,0.6946486305533762,-3.9617956473297706
E164G,0,,,,
E164R,0,,,,
Y166P,1,-5.060000000000002,-1.5131189079911813,0.3010299956639812,-1.2154072986574063
C167Q,1,-1.0700000000000003,-0.24205213570464332,0.007004901568658425,-0.23018567894605957
C167A,1,-0.0899999999999963,-0.2641471587356054,-0.46419137064099963,-0.7235646087494888
L171A,1,-1.1300000000000026,-0.03760913742809823,-0.34596154181314126,-0.37890135025609245
L171R,1,-1.1000000000000014,-0.3391776260090592,0.1726307269461747,-0.16083993179307676
T175R,1,-1.8699999999999974,-0.04085015606593095,0.14387555575769967,0.10781987780407586
E177K,1,-3.200000000000003,-0.20018968902749235,-0.0927206446840992,-0.28819761748157613
E177A,1,-2.3900000000000006,0.04939424279104255,-0.07773117965239204,-0.023581499921225428
E177L,1,-0.3299999999999983,-0.1184078694493422,-0.17493159352844262,-0.28883298004029445
H178R,0,,,,
H178A,1,-5.68,-0.8914042286667488,-0.18582535961296215,-1.0733205541066067
A192S,1,-0.6899999999999977,0.03140846425162412,-0.007747778000739945,0.028608643521824875
T218A,1,0.14999999999999858,-0.2779646915952878,-0.11461098423217315,-0.38758155725378135
N220A,1,-1.0799999999999983,-0.3370276489355001,-0.3126004392612594,-0.6447775462816592
N220R,1,-0.4299999999999997,-1.7683914130944873,-0.39794000867203766,-2.164272992878382
N220H,1,-0.3299999999999983,-0.8545775607107707,-0.011993114659256935,-0.8626240587525678
N220Y,1,1.8100000000000023,-0.14652302841297252,1.0969100130080565,0.955350404126634
N220G,1,1.9600000000000009,-0.6243363860391147,-0.8234742291703011,-1.4428663133677007
M221A,1,0.490000000000002,-0.20649534581673787,-0.09691001300805645,-0.2982732561927227
E222H,1,-5.020000000000003,-0.7403626894942439,-0.23248786635298627,-0.9688237787923613
E222A,1,-3.0700000000000003,-0.9902401627108437,0.8996294548824371,-0.08338271120547287
E222Y,1,-2.799999999999997,-1.8653014261025438,-0.5665553308830551,-2.4370921326341857
E222K,1,-0.9600000000000009,-0.9110589166632189,-0.15956719323362029,-1.0657628309152627
E222R,1,-0.8299999999999983,-1.3212333817522681,0.3045183235098025,-1.0076039355373725
E222Q,1,-0.17999999999999972,-0.11970620967462299,-0.3859635706006973,-0.5007949970692649
A236E,0,,,,
R240E,0,,,,
R240A,1,-0.030000000000001137,1.097344090487375,-0.5901728315963143,0.5120852935989607
R240D,1,-2.75,-0.4942335638308076,-0.3352572564345318,-0.8240252340139469
R240K,1,-0.6000000000000014,0.008793664517135764,-0.5482665451707454,-0.5344376827222135
I244N,1,-3.0899999999999963,-0.5115133812757628,0.3665315444204134,-0.13957249288947052
I244E,1,-2.0899999999999963,-0.24812628341683649,-0.07700432679335026,-0.32075489935311474
A249E,0,,,,
M261D,0,,,,
N293C,1,-1.0499999999999972,-1.9030899869919435,-0.5976951859255124,-2.495474456700542
N293A,1,0.8400000000000034,-1.830539319843332,-0.28645646974698297,-2.1222845221931204
N293Q,1,,,,-4.2405492482825995
N293K,0,,,,
N293D,0,,,,
Y294L,0,,,,
Y294A,1,0.4399999999999977,-0.7243745841101136,0.0017406615763011942,-0.7186270033990994
Y294F,1,0.8299999999999983,-0.07819533306597373,-0.07845681805329258,-0.15152420946141937
Y295A,1,,,,-4.2405492482825995
Y295G,1,,,,-4.2405492482825995
T296A,0,,,,
T296E,0,,,,
S298E,1,-0.3200000000000003,-0.036534150537896326,-0.023663918197793482,-0.05510909236756759
I300N,1,-1.3699999999999974,-0.1037494375383619,0.04769199033787473,-0.050969109203372005
Q313R,1,2.1799999999999997,-0.10626345024254281,0.14508697769214438,0.04359486945113209
H315E,1,,,,-4.2405492482825995
H315N,0,,,,
M323A,1,-2.8100000000000023,-0.3253893415234259,-0.2713768718940746,-0.5924137621408121
M323K,0,,,,
W325L,1,2.6899999999999977,-0.907056174209545,-0.059941888061954794,-0.9638806864373223
W325A,1,0.20000000000000284,-1.4820846742512126,0.49214412830416904,-0.9794529901502662
W325G,0,,,,
W325C,1,-0.6300000000000026,-1.9444826721501687,0.07779372256098362,-1.8420883986743766
W325H,1,-2.270000000000003,-1.400414627799893,0.21041928783557454,-1.1852473839351594
W325R,1,0.0799999999999983,,,-4.199156563124375
P329N,0,,,,
S331A,1,-0.6400000000000006,-0.03226061561775311,0.06148027482350806,0.03431490989326404
K341A,1,0.0799999999999983,0.07504901238108684,-0.038222638368718496,0.04204794348764679
F343S,0,,,,
T352A,1,-1.8200000000000003,-1.166331421766525,-0.455149521179828,-1.6199968035531644
E353A,1,,,,-4.2405492482825995
N354A,1,0.8200000000000003,-2.467361417430506,-0.03181227133037037,-2.502561921949169
G355A,0,,,,
M358T,1,-0.39000000000000057,-0.3049961828815826,0.015022873584506578,-0.2851453490095162
L362M,1,0.09000000000000341,0.017886663519852446,-0.017033339298780394,0.00581636486959375
H373R,1,-0.6899999999999977,-0.09506325835326919,-0.1010593549081155,-0.19067640017851162
H379R,1,,,,-4.2405492482825995
H379T,0,,,,
W399S,1,,,,-4.2405492482825995
W399A,1,,,,-4.2405492482825995
W399G,1,,,,-4.2405492482825995
W399C,1,1.7700000000000031,-2.467361417430506,-1.1481706130773874,-3.6494846412561004
W399R,1,,,,-4.2405492482825995
S400A,1,-0.020000000000003126,-0.21938815106869958,0.19111413264018784,-0.02360521753164357
D403A,0,,,,
N404A,1,1.9699999999999989,-2.342422680822206,-0.27508089845685857,-2.646156697907173
N404C,1,2.719999999999999,-1.0150637464358758,-0.45939248775923086,-1.4684476790055878
E406A,1,0.14999999999999858,,,-4.199156563124375
E406D,1,0.740000000000002,-1.3534180651236694,-0.8341662839426202,-2.1813646306512284
W407G,0,,,,
W407Y,0,,,,
W407A,0,,,,
W407Q,0,,,,
W407R,0,,,,
W407K,0,,,,
W409Y,1,-3.1799999999999997,-0.036534150537896326,0.28399665636520083,0.252426140090313
F415N,0,,,,
F415A,1,0.6099999999999994,-2.9444826721501687,-0.5219222448835005,-3.337459261290656
E423S,1,-0.4299999999999997,-0.1342501541550845,-0.12057393120584987,-0.250312540200693
BglB,1,0.0,0.0,0.0,0.0
