mutant,sequence_pos,tm,why_no_tm,kcat,err_kcat,percent_err_kcat,km,err_km,percent_err_km,ki,eki,kcatkm,err_kcatkm,in_plos_paper,expression,gel_number,tm_new,k,err_tm,err_k
G12N,12.0,,no expression,,,,,,,,,,,0,0,16.0,,,,
S14A,14.0,40.0,,320.0,11.0,3.4,8.25,1.02,12.4,,,38823.0,4972.0,1,1,9.0,40.16,-1.72,0.3,0.37
T15A,15.0,38.7,,614.0,14.7,2.4,5.3,0.48,9.0,,,115849.0,1.7,0,1,2.0,39.17,-0.58,0.23,0.07
S16A,16.0,,below detection,154.0,1.0,0.6,14.01,0.4,2.9,,,10997.0,331.0,1,1,5.0,,,,
S16N,16.0,,below detection,,,,,,,,,,,0,0,8.0,,,,
S17A,17.0,41.6,,848.0,76.0,9.0,18.45,3.72,20.2,,,45978.0,10135.0,1,1,9.0,41.66,-1.31,0.14,0.44
S17E,17.0,39.4,,641.0,9.0,1.4,7.32,0.38,5.2,,,87596.0,4719.0,1,1,15.0,39.47,-0.82,0.14,0.08
Y18A,18.0,37.2,,197.0,9.0,4.6,31.55,3.61,11.4,,,6230.0,773.0,1,1,1.0,38.26,-0.47,0.23,0.04
Q19C,19.0,,below detection,,,,,,,,,10.0,1.0,1,1,3.0,,,,
Q19A,19.0,,below detection,,,,,,,,,11.0,3.0,1,1,13.0,,,,
Q19S,19.0,36.5,,,,,,,,,,13.0,3.0,1,1,14.0,36.82,-0.58,0.18,0.05
Q19P,19.0,,no expression,,,,,,,,,,,0,0,17.0,,,,
S32L,32.0,,no expression,,,,,,,,,,,0,0,1.0,,,,
W34A,34.0,,no expression,,,,,,,,,,,1,0,6.0,,,,
V52G,52.0,39.2,,687.0,13.0,1.9,8.25,0.54,6.5,,,83371.0,5707.0,1,1,12.0,39.28,-1.13,0.12,0.13
F72H,72.0,,no expression,,,,,,,,,,,1,0,7.0,38.99,-0.48,0.38,0.08
R76A,76.0,,no expression,,,,,,,,,,,1,0,5.0,,,,
I91E,91.0,39.2,,846.0,35.0,4.1,6.71,0.79,11.8,,,126071.0,15714.0,1,1,10.0,39.66,-0.55,0.32,0.08
H101R,101.0,40.0,,1059.0,16.0,1.5,10.62,0.53,5.0,,,99708.0,5225.0,1,1,12.0,40.09,-0.95,0.1,0.07
H119E,119.0,,no expression,,,,,,,,,,,1,0,7.0,,,,
H119A,119.0,40.2,,143.0,11.0,7.7,15.1,3.36,22.3,,,9483.0,2222.0,1,1,9.0,40.23,-1.08,0.19,0.14
H119N,119.0,,below detection,2.0,1.0,50.0,23.22,2.2,9.5,,,82.0,8.0,1,1,14.0,,,,
W120H,120.0,39.9,,84.0,2.0,2.4,89.18,4.31,4.8,,,943.0,53.0,1,1,3.0,40.09,-0.65,0.14,0.05
W120A,120.0,,below detection,,,,,,,,,10.0,1.0,1,0,9.0,,,,
W120F,120.0,41.5,,472.0,21.0,4.4,16.08,2.07,12.9,,,29334.0,3980.0,1,1,15.0,41.68,-0.51,0.36,0.08
D121F,121.0,,no expression,,,,,,,,,,,0,0,1.0,,,,
E154D,154.0,38.7,,878.0,47.0,5.4,3.46,0.76,22.0,,,254004.0,57175.0,1,1,14.0,38.83,-0.77,0.32,0.18
N163K,163.0,,no expression,,,,,,,,,,,0,0,1.0,,,,
N163C,163.0,37.7,,26.0,1.0,3.8,5.42,0.32,5.9,,,4766.0,291.0,1,1,4.0,38.05,-0.37,0.31,0.04
N163A,163.0,40.8,,7.0,1.0,14.3,11.95,0.91,7.6,,,558.0,44.0,1,1,9.0,41.16,-0.5,0.29,0.06
N163E,163.0,,no expression,,,,,,,,,,,0,0,17.0,,,,
N163D,163.0,38.3,,12.0,1.0,8.3,15.19,1.41,9.3,,,789.0,77.0,1,1,3.0,38.52,-0.51,0.3,0.07
E164G,164.0,,catalytic residue,,,,,,,,,,,0,0,2.0,,,,
E164R,164.0,,catalytic residue,,,,,,,,,,,0,0,10.0,,,,
E164A,164.0,,catalytic residue,1.0,0.1,10.0,1.01,0.17,16.8,,,19.0,1.0,1,1,10.0,,,,
Y166P,166.0,,no expression,27.0,1.0,3.7,2.5,0.45,18.0,94.95,10.18,10596.0,1981.0,1,0,14.0,,,,
C167A,167.0,39.7,,479.0,14.0,2.9,14.56,1.27,8.7,,,32884.0,3026.0,1,1,11.0,39.84,-1.47,0.54,0.58
C167Q,167.0,38.5,,504.0,6.0,1.2,4.92,0.19,3.9,590.71,86.56,102415.0,4149.0,1,1,15.0,38.86,-0.65,0.12,0.05
L171A,171.0,38.3,,807.0,9.0,1.1,11.09,0.42,3.8,,,72719.0,2851.0,1,1,11.0,38.8,-0.66,0.53,0.21
L171R,171.0,38.7,,403.0,7.0,1.7,3.36,0.23,6.8,,,120146.0,8506.0,1,1,14.0,38.83,-0.77,0.32,0.18
T175R,175.0,37.8,,801.0,8.0,1.0,3.59,0.15,4.2,,,223033.0,9663.0,1,1,7.0,38.06,-0.54,0.11,0.03
E177L,177.0,39.2,,670.0,10.0,1.5,7.48,0.36,4.8,,,89478.0,4555.0,1,1,7.0,39.6,-0.76,0.42,0.2
E177K,177.0,36.6,,555.0,7.0,1.3,6.19,0.3,4.8,362.94,36.97,89609.0,4493.0,1,1,10.0,36.73,-0.7,0.25,0.1
E177A,177.0,37.3,,986.0,10.0,1.0,5.98,0.22,3.7,,,164804.0,6408.0,1,1,14.0,37.54,-0.52,0.24,0.06
H178R,178.0,,below detection,,,,,,,,,,,0,0,8.0,,,,
H178A,178.0,32.9,,113.0,3.0,2.7,7.67,0.73,9.5,173.34,42.79,14697.0,1463.0,1,1,13.0,34.25,-0.73,0.12,0.05
A192S,192.0,39.1,,946.0,10.0,1.1,5.09,0.18,3.5,,,185848.0,6994.0,1,1,14.0,39.24,-1.29,0.29,0.46
T218A,218.0,40.0,,464.0,18.0,3.9,6.51,0.94,14.4,,,71280.0,10669.0,1,1,2.0,40.08,-1.15,0.09,0.07
N220A,220.0,38.6,,405.0,8.0,2.0,10.27,0.68,6.6,,,39425.0,2745.0,1,1,5.0,38.85,-0.77,0.19,0.11
N220R,220.0,39.4,,14.9,0.5,3.5,12.5,1.39,11.1,,,1192.0,1.0,0,1,8.0,39.5,-0.72,0.32,0.14
N220Y,220.0,41.6,,628.0,6.3,1.0,0.4,0.02,4.1,,,1570000.0,10.3,0,1,8.0,41.74,-0.38,0.17,0.02
N220H,220.0,39.5,,123.0,1.0,0.8,5.14,0.21,4.1,,,23874.0,1031.0,1,1,10.0,39.6,-0.93,0.4,0.27
N220G,220.0,41.9,,209.0,6.3,3.0,33.3,2.36,7.1,,,6276.0,1.0,0,1,13.0,41.89,-1.6,0.22,0.71
M221A,221.0,,no expression,547.0,15.0,2.7,6.25,0.6,9.6,,,87554.0,8701.0,1,0,4.0,,,,
E222H,222.0,34.7,,160.0,3.0,1.9,8.54,0.53,6.2,,,18695.0,1212.0,1,1,2.0,34.91,-0.7,0.15,0.07
E222Y,222.0,,no expression,12.0,1.0,8.3,18.43,3.14,17.0,,,636.0,116.0,1,0,4.0,37.13,-0.93,0.51,0.32
E222R,222.0,,no expression,42.0,2.0,4.8,2.48,0.44,17.7,,,17098.0,3148.0,1,0,4.0,39.1,-0.86,0.21,0.14
E222K,222.0,38.5,,108.0,3.0,2.8,7.22,0.75,10.4,,,14955.0,1618.0,1,1,4.0,38.97,-0.59,0.44,0.14
E222Q,222.0,39.4,,668.0,11.0,1.6,12.16,0.65,5.3,,,54923.0,3084.0,1,1,4.0,39.75,-1.09,0.28,0.23
E222A,222.0,36.7,,90.0,4.0,4.4,0.63,0.15,23.8,95.24,13.7,143604.0,36130.0,1,1,5.0,36.86,-0.69,0.12,0.05
A236E,236.0,,no expression,,,,,,,,,,,0,0,1.0,,,,
R240E,240.0,,no expression,,,,,,,,,,,0,0,3.0,,,,
R240K,240.0,39.3,,898.0,59.0,6.6,17.67,3.32,18.8,,,50829.0,10102.0,1,1,3.0,39.33,-1.47,0.19,0.33
R240D,240.0,,below detection,282.0,4.0,1.4,10.82,0.47,4.3,,,26093.0,1196.0,1,1,10.0,,,,
R240A,240.0,39.9,,11011.0,258.0,2.3,19.46,1.17,6.0,,,565763.0,36384.0,1,1,13.0,39.9,-1.06,0.12,0.09
I244N,244.0,,no expression,271.0,4.0,1.5,2.15,0.13,6.0,,,126176.0,7795.0,1,0,7.0,36.84,-0.48,0.57,0.12
I244E,244.0,37.8,,497.0,23.0,4.6,5.97,1.04,17.4,,,83137.0,14963.0,1,1,1.0,37.84,-0.9,0.09,0.06
A249E,249.0,,no expression,,,,,,,,,,,0,0,1.0,,,,
M261D,261.0,,no expression,,,,,,,,,,,0,0,12.0,,,,
N293D,293.0,,below detection,,,,,,,,,,,0,0,8.0,,,,
N293C,293.0,38.7,,11.0,0.4,3.8,19.8,2.08,10.5,,,556.0,1.0,0,1,8.0,38.88,-0.65,0.37,0.14
N293Q,293.0,,below detection,,,,,,,,,10.0,1.0,0,1,8.0,,,,
N293A,293.0,,below detection,13.0,1.0,7.7,9.67,0.44,4.6,,,1313.0,63.0,1,1,10.0,,,,
N293K,293.0,,no expression,,,,,,,,,,,0,0,16.0,,,,
Y294L,294.0,,no expression,,,,,,,,,,,0,0,1.0,,,,
Y294A,294.0,40.0,,166.0,2.0,1.2,4.98,0.17,3.4,,,33260.0,1180.0,1,1,15.0,40.37,-1.03,0.2,0.15
Y294F,294.0,,below detection,735.0,11.0,1.5,5.99,0.32,5.3,,,122751.0,6883.0,1,1,15.0,,,,
Y295G,295.0,,catalytic residue,,,,,,,,,10.0,1.0,0,1,3.0,,,,
Y295A,295.0,,catalytic residue,,,,,,,,,10.0,1.0,1,1,7.0,,,,
T296E,296.0,,no expression,,,,,,,,,,,0,0,16.0,,,,
T296A,296.0,,no expression,109.0,2.0,1.8,11.05,0.77,7.0,142.75,28.67,9904.0,722.0,1,0,16.0,,,,
S298E,298.0,39.6,,809.0,2.0,0.2,5.28,0.05,0.9,,,153264.0,1391.0,1,1,3.0,39.61,-0.98,0.15,0.11
I300N,300.0,37.7,,693.0,13.0,1.9,4.48,0.32,7.1,,,154732.0,11520.0,1,1,7.0,38.56,-0.42,0.54,0.08
Q313R,313.0,39.6,,689.0,24.0,3.5,3.58,0.51,14.2,,,192373.0,28109.0,1,1,15.0,,,,
H315E,315.0,,below detection,,,,,,,,,10.0,1.0,0,1,13.0,,,,
H315N,315.0,,no expression,,,,,,,,,,,1,0,15.0,,,,
M323A,323.0,36.9,,416.0,11.0,2.6,9.34,0.8,8.6,126.29,25.47,44477.0,3991.0,1,1,11.0,37.12,-0.83,0.08,0.04
M323K,323.0,,no expression,,,,,,,,,,,1,0,13.0,,,,
W325R,325.0,,no expression,,,,,,,,,,,0,0,3.0,40.01,-0.82,0.15,0.08
W325A,325.0,40.2,,29.0,1.0,3.4,1.61,0.23,14.3,171.02,19.85,18243.0,2607.0,1,1,6.0,40.13,-0.61,0.45,0.15
W325H,325.0,,below detection,35.0,1.0,2.9,3.08,0.43,14.0,143.45,25.04,11358.0,1645.0,1,1,7.0,,,,
W325G,325.0,,no expression,,,,,,,,,,,0,0,10.0,,,,
W325C,325.0,39.2,,10.0,1.0,10.0,4.18,0.53,12.7,159.19,34.38,2503.0,327.0,1,1,12.0,39.3,-1.03,0.15,0.14
W325L,325.0,,below detection,109.0,2.0,1.8,5.74,0.35,6.1,,,18909.0,1198.0,1,1,15.0,,,,
P329N,329.0,,no expression,,,,,,,,,,,1,0,5.0,,,,
S331A,331.0,39.0,,817.0,5.0,0.6,4.34,0.11,2.5,,,188306.0,5055.0,1,1,14.0,39.29,-0.52,0.33,0.08
K341A,341.0,40.0,,1046.0,17.0,1.6,5.46,0.33,6.0,,,191689.0,12041.0,1,1,12.0,40.01,-1.73,0.06,0.07
F343S,343.0,,no expression,,,,,,,,,,,0,0,16.0,,,,
T352A,352.0,38.0,,60.0,2.0,3.3,14.26,1.76,12.3,,,4174.0,541.0,1,1,2.0,38.11,-0.78,0.3,0.17
E353A,353.0,,catalytic residue,,,,,,,,,10.0,1.0,1,1,11.0,,,,
N354A,354.0,40.6,,3.0,1.0,33.3,5.38,0.67,12.5,,,547.0,70.0,1,1,9.0,40.75,-0.61,0.36,0.12
G355A,355.0,,no expression,,,,,,,,,,,1,0,9.0,,,,
M358T,358.0,39.5,,436.0,11.0,2.5,4.83,0.48,9.9,,,90241.0,9225.0,1,1,12.0,39.54,-1.51,0.18,0.25
L362M,362.0,39.8,,917.0,9.2,1.0,5.2,0.19,3.7,,,176346.0,1.0,0,1,8.0,40.02,-0.68,0.16,0.06
H373R,373.0,39.1,,707.0,9.0,1.3,6.31,0.3,4.8,,,112169.0,5512.0,1,1,14.0,39.24,-1.29,0.29,0.46
H379T,379.0,,no expression,,,,,,,,,,,0,0,12.0,,,,
H379R,379.0,,below detection,2.0,1.0,50.0,6.24,0.84,13.5,,,380.0,53.0,1,1,14.0,,,,
W399G,399.0,,below detection,,,,,,,,,10.0,1.0,1,1,3.0,,,,
W399S,399.0,,below detection,,,,,,,,,10.0,1.0,1,1,3.0,,,,
W399R,399.0,,below detection,1.0,0.1,6.4,3.3,0.86,26.2,,,303.0,10.2,0,1,8.0,,,,
W399C,399.0,,below detection,3.0,1.0,33.3,70.33,5.89,8.4,,,39.0,4.0,1,1,12.0,,,,
W399A,399.0,,below detection,1.0,0.1,10.0,16.65,2.52,15.1,,,14.0,2.0,1,0,15.0,,,,
S400A,400.0,39.8,,531.0,9.0,1.7,3.22,0.22,6.8,,,164795.0,11833.0,1,1,13.0,39.91,-0.65,0.31,0.11
D403A,403.0,,no expression,,,,,,,,,,,1,0,14.0,,,,
N404A,404.0,42.0,,4.0,1.0,25.0,9.42,0.42,4.5,,,393.0,18.0,1,1,9.0,41.9,-1.36,0.12,0.28
N404C,404.0,42.6,,85.2,3.7,4.3,14.4,1.9,13.2,,,5917.0,1.0,0,1,12.0,42.65,-1.37,0.24,0.25
E406A,406.0,39.9,,,,,,,,,,10.0,1.0,1,1,4.0,40.08,-1.71,0.71,0.86
E406D,406.0,40.6,,39.0,1.0,2.6,34.13,2.57,7.5,,,1146.0,94.0,1,1,15.0,40.67,-1.12,0.26,0.27
W407Y,407.0,,no expression,,,,,,,,,,,0,0,1.0,,,,
W407A,407.0,,no expression,,,,,,,,,,,1,0,2.0,,,,
W407Q,407.0,,no expression,,,,,,,,,,,1,0,5.0,,,,
W407R,407.0,,no expression,,,,,,,,,,,1,0,5.0,,,,
W407G,407.0,,no expression,,,,,,,,,,,1,0,6.0,,,,
W407K,407.0,,no expression,,,,,,,,,,,0,0,17.0,,,,
W409Y,409.0,36.6,,809.0,12.9,1.6,2.6,0.18,7.1,,,311154.0,2.7,0,1,8.0,36.75,-0.4,0.14,0.02
F415A,415.0,,no expression,1.0,0.1,10.0,16.63,4.0,24.1,,,80.0,20.0,1,1,9.0,,,,
F415N,415.0,,below detection,1.0,0.0,3.1,23.1,1.92,8.3,,,43.0,3.1,0,1,13.0,,,,
E423S,423.0,39.9,,646.0,42.0,6.5,6.6,0.42,6.4,,,97777.0,6431.0,1,1,12.0,39.5,-1.49,0.09,0.13
BglB,,39.9,,880.0,10.0,1.1,5.0,0.2,4.0,,,174000.0,8000.0,1,1,,39.93,-1.19,0.09,0.08
