mutant,sequence_pos,expression,tm,why_no_tm,kcat,km,kcatkm,ki,eki,percent_err_kcat,err_kcat,percent_err_km,err_km,err_kcatkm,in_plos_paper,gel_number,k,err_tm,err_k,Siena gel levels,Alex gel levels
G12N,12,0,,no expression,,,,,,,,,,,0,16,,,,0,
S14A,14,1,40.16,,320,8.25,38823,,,3.4,11,12.4,1.02,4972,1,9,-1.72,0.3,0.37,1,
T15A,15,1,39.17,,614,5.3,115849,,,2.4,14.7,9,0.48,1.7,0,2,-0.58,0.23,0.07,1,
S16A,16,1,39.52,,154,14.01,10997,,,0.6,1,2.9,0.4,331,1,5,,,,1,
S16N,16,0,,below detection,,,,,,,,,,,0,8,,,,0.5,
S17E,17,1,39.47,,641,7.32,87596,,,1.4,9,5.2,0.38,4719,1,15,-0.82,0.14,0.08,0.5,
S17A,17,1,41.66,,848,18.45,45978,,,9,76,20.2,3.72,10135,1,9,-1.31,0.14,0.44,1,
Y18A,18,1,38.26,,197,31.55,6230,,,4.6,9,11.4,3.61,773,1,2,-0.47,0.23,0.04,0.5,
Q19S,19,1,36.82,,,,13,,,,,,,3,1,14,-0.58,0.18,0.05,1,
Q19P,19,0,,no expression,,,,,,,,,,,0,17,,,,0,
Q19C,19,1,,below detection,,,10,,,,,,,1,1,3,,,,1,
Q19A,19,1,,below detection,,,11,,,,,,,3,1,13,,,,1,
S32L,32,0,,no expression,,,,,,,,,,,0,1,,,,0,
W34A,34,0,,no expression,,,,,,,,,,,1,6,,,,0.5,
V52G,52,1,39.28,,687,8.25,83371,,,1.9,13,6.5,0.54,5707,1,12,-1.13,0.12,0.13,1,
F72H,72,0,,,,,,,,,,,,,0,7,-0.48,0.38,0.08,0,
R76A,76,0,,no expression,,,,,,,,,,,1,5,,,,1,
I91E,91,1,39.66,,846,6.71,126071,,,4.1,35,11.8,0.79,15714,1,10,-0.55,0.32,0.08,1,
H101R,101,1,40.09,,1059,10.62,99708,,,1.5,16,5,0.53,5225,1,12,-0.95,0.1,0.07,1,
H119A,119,1,40.23,,143,15.1,9483,,,7.7,11,22.3,3.36,2222,1,9,-1.08,0.19,0.14,1,
H119N,119,1,,below detection,2,23.22,82,,,50,1,9.5,2.2,8,1,14,,,,1,
H119E,119,0,,no expression,,,,,,,,,,,1,7,,,,1,
W120H,120,1,40.09,,84,89.18,943,,,2.4,2,4.8,4.31,53,1,3,-0.65,0.14,0.05,1,
W120F,120,1,41.68,,472,16.08,29334,,,4.4,21,12.9,2.07,3980,1,15,-0.51,0.36,0.08,0.5,
W120A,120,0,,below detection,,,10,,,,,,,1,1,9,,,,0.5,
D121F,121,0,,no expression,,,,,,,,,,,0,1,,,,0,
E154D,154,1,38.83,,878,3.46,254004,,,5.4,47,22,0.76,57175,1,14,-0.77,0.32,0.18,1,
N163C,163,1,38.05,,26,5.42,4766,,,3.8,1,5.9,0.32,291,1,4,-0.37,0.31,0.04,1,
N163D,163,1,38.52,,12,15.19,789,,,8.3,1,9.3,1.41,77,1,3,-0.51,0.3,0.07,1,
N163A,163,1,41.16,,7,11.95,558,,,14.3,1,7.6,0.91,44,1,9,-0.5,0.29,0.06,1,
N163K,163,0,,no expression,,,,,,,,,,,0,1,,,,0,
N163E,163,0,,no expression,,,,,,,,,,,0,17,,,,0,
E164A,164,1,,catalytic residue,1,1.01,19,,,10,0.1,16.8,0.17,1,1,10,,,,1,
E164G,164,0,,catalytic residue,,,,,,,,,,,0,2,,,,0,
E164R,164,0,,catalytic residue,,,,,,,,,,,0,10,,,,1,
Y166P,166,1,,,27,2.5,10596,94.95,10.18,3.7,1,18,0.45,1981,1,14,,,,0,"missing good gel, should have Tm"
C167Q,167,1,38.86,,504,4.92,102415,590.71,86.56,1.2,6,3.9,0.19,4149,1,15,-0.65,0.12,0.05,1,
C167A,167,1,39.84,,479,14.56,32884,,,2.9,14,8.7,1.27,3026,1,11,-1.47,0.54,0.58,1,
L171A,171,1,38.8,,807,11.09,72719,,,1.1,9,3.8,0.42,2851,1,11,-0.66,0.53,0.21,1,
L171R,171,1,38.83,,403,3.36,120146,,,1.7,7,6.8,0.23,8506,1,14,-0.77,0.32,0.18,1,
T175R,175,1,38.06,,801,3.59,223033,,,1,8,4.2,0.15,9663,1,7,-0.54,0.11,0.03,1,
E177K,177,1,36.73,,555,6.19,89609,362.94,36.97,1.3,7,4.8,0.3,4493,1,10,-0.7,0.25,0.1,1,
E177A,177,1,37.54,,986,5.98,164804,,,1,10,3.7,0.22,6408,1,14,-0.52,0.24,0.06,1,
E177L,177,1,39.6,,670,7.48,89478,,,1.5,10,4.8,0.36,4555,1,7,-0.76,0.42,0.2,1,
H178A,178,1,34.25,,113,7.67,14697,173.34,42.79,2.7,3,9.5,0.73,1463,1,13,-0.73,0.12,0.05,0,
H178R,178,0,,below detection,,,,,,,,,,,0,8,,,,0.5,
A192S,192,1,39.24,,946,5.09,185848,,,1.1,10,3.5,0.18,6994,1,14,-1.29,0.29,0.46,1,
T218A,218,1,40.08,,464,6.51,71280,,,3.9,18,14.4,0.94,10669,1,2,-1.15,0.09,0.07,1,
N220A,220,1,38.85,,405,10.27,39425,,,2,8,6.6,0.68,2745,1,5,-0.77,0.19,0.11,1,
N220R,220,1,39.5,,14.9,12.5,1192,,,3.5,0.5,11.1,1.39,1,0,8,-0.72,0.32,0.14,1,
N220H,220,1,39.6,,123,5.14,23874,,,0.8,1,4.1,0.21,1031,1,10,-0.93,0.4,0.27,1,
N220Y,220,1,41.74,,628,0.4,1570000,,,1,6.3,4.1,0.02,10.3,0,8,-0.38,0.17,0.02,1,
N220G,220,1,41.89,,209,33.3,6276,,,3,6.3,7.1,2.36,1,0,13,-1.6,0.22,0.71,1,
M221A,221,1,,,547,6.25,87554,,,2.7,15,9.6,0.6,8701,1,4,,,,0.5,should have Tm
E222R,222,1,39.1,,42,2.48,17098,,,4.8,2,17.7,0.44,3148,1,4,-0.86,0.21,0.14,0,missing good gel
E222H,222,1,34.91,,160,8.54,18695,,,1.9,3,6.2,0.53,1212,1,2,-0.7,0.15,0.07,0.5,
E222A,222,1,36.86,,90,0.63,143604,95.24,13.7,4.4,4,23.8,0.15,36130,1,5,-0.69,0.12,0.05,1,
E222Y,222,1,37.13,,12,18.43,636,,,8.3,1,17,3.14,116,1,4,-0.93,0.51,0.32,0.5,
E222K,222,1,38.97,,108,7.22,14955,,,2.8,3,10.4,0.75,1618,1,4,-0.59,0.44,0.14,0.5,
E222Q,222,1,39.75,,668,12.16,54923,,,1.6,11,5.3,0.65,3084,1,4,-1.09,0.28,0.23,1,
A236E,236,0,,no expression,,,,,,,,,,,0,1,,,,0,
R240D,240,1,,,282,10.82,26093,,,1.4,4,4.3,0.47,1196,1,10,,,,1,should have Tm
R240K,240,1,39.33,,898,17.67,50829,,,6.6,59,18.8,3.32,10102,1,3,-1.47,0.19,0.33,1,
R240A,240,1,39.9,,11011,19.46,565763,,,2.3,258,6,1.17,36384,1,13,-1.06,0.12,0.09,1,
R240E,240,0,,no expression,,,,,,,,,,,0,3,,,,0,
I244N,244,1,36.84,,271,2.15,126176,,,1.5,4,6,0.13,7795,1,7,-0.48,0.57,0.12,0.5,
I244E,244,1,37.84,,497,5.97,83137,,,4.6,23,17.4,1.04,14963,1,1,-0.9,0.09,0.06,1,
A249E,249,0,,no expression,,,,,,,,,,,0,1,,,,0,
M261D,261,0,,no expression,,,,,,,,,,,0,12,,,,0,
N293A,293,1,,below detection,13,9.67,1313,,,7.7,1,4.6,0.44,63,1,10,,,,1,should have Tm
N293C,293,1,38.88,,11,19.8,556,,,3.8,0.4,10.5,2.08,1,0,8,-0.65,0.37,0.14,1,
N293D,293,0,,below detection,,,,,,,,,,,0,8,,,,1,
N293K,293,0,,no expression,,,,,,,,,,,0,16,,,,0,
N293Q,293,1,,below detection,,,10,,,,,,,1,0,8,,,,1,
Y294A,294,1,40.37,,166,4.98,33260,,,1.2,2,3.4,0.17,1180,1,15,-1.03,0.2,0.15,1,
Y294F,294,1,40.79,,735,5.99,122751,,,1.5,11,5.3,0.32,6883,1,15,,,,1,
Y294L,294,0,,no expression,,,,,,,,,,,0,1,,,,0,
Y295G,295,1,,catalytic residue,,,10,,,,,,,1,0,3,,,,0.5,
Y295A,295,1,,catalytic residue,,,10,,,,,,,1,1,7,,,,1,
T296A,296,1,,no expression,109,11.05,9904,142.75,28.67,1.8,2,7,0.77,722,1,16,,,,0,"should express, missing good gel"
T296E,296,0,,no expression,,,,,,,,,,,0,16,,,,0,
S298E,298,1,39.61,,809,5.28,153264,,,0.2,2,0.9,0.05,1391,1,3,-0.98,0.15,0.11,1,
I300N,300,1,38.56,,693,4.48,154732,,,1.9,13,7.1,0.32,11520,1,7,-0.42,0.54,0.08,1,
Q313R,313,1,42.1,,689,3.58,192373,,,3.5,24,14.2,0.51,28109,1,15,,,,1,
H315N,315,0,,no expression,,,,,,,,,,,1,15,,,,0,
H315E,315,1,,below detection,,,10,,,,,,,1,0,13,,,,1 (on gel 13 & 16),
M323A,323,1,37.12,,416,9.34,44477,126.29,25.47,2.6,11,8.6,0.8,3991,1,11,-0.83,0.08,0.04,1,
M323K,323,0,,no expression,,,,,,,,,,,1,13,,,,0,
W325R,325,1,40.01,,,,,,,,,,,,0,3,-0.82,0.15,0.08,1,missing kinetics
W325H,325,1,,below detection,35,3.08,11358,143.45,25.04,2.9,1,14,0.43,1645,1,7,,,,1,should have Tm
W325C,325,1,39.3,,10,4.18,2503,159.19,34.38,10,1,12.7,0.53,327,1,12,-1.03,0.15,0.14,1,
W325A,325,1,40.13,,29,1.61,18243,171.02,19.85,3.4,1,14.3,0.23,2607,1,6,-0.61,0.45,0.15,1,
W325L,325,1,42.5,,109,5.74,18909,,,1.8,2,6.1,0.35,1198,1,15,,,,1,
W325G,325,0,,no expression,,,,,,,,,,,0,10,,,,0,
P329N,329,0,,no expression,,,,,,,,,,,1,5,,,,1,
S331A,331,1,39.29,,817,4.34,188306,,,0.6,5,2.5,0.11,5055,1,14,-0.52,0.33,0.08,1,
K341A,341,1,40.01,,1046,5.46,191689,,,1.6,17,6,0.33,12041,1,12,-1.73,0.06,0.07,1,
F343S,343,0,,no expression,,,,,,,,,,,0,16,,,,0,
T352A,352,1,38.11,,60,14.26,4174,,,3.3,2,12.3,1.76,541,1,2,-0.78,0.3,0.17,1,
E353A,353,1,,catalytic residue,,,10,,,,,,,1,1,11,,,,1,
N354A,354,1,40.75,,3,5.38,547,,,33.3,1,12.5,0.67,70,1,9,-0.61,0.36,0.12,0,
G355A,355,0,,no expression,,,,,,,,,,,1,9,,,,0,
M358T,358,1,39.54,,436,4.83,90241,,,2.5,11,9.9,0.48,9225,1,12,-1.51,0.18,0.25,1,
L362M,362,1,40.02,,917,5.2,176346,,,1,9.2,3.7,0.19,1,0,8,-0.68,0.16,0.06,1,
H373R,373,1,39.24,,707,6.31,112169,,,1.3,9,4.8,0.3,5512,1,14,-1.29,0.29,0.46,1,
H379R,379,1,,below detection,2,6.24,380,,,50,1,13.5,0.84,53,1,14,,,,1,
H379T,379,0,,no expression,,,,,,,,,,,0,12,,,,0.5,
W399A,399,1,,below detection,1,16.65,14,,,10,0.1,15.1,2.52,2,1,15,,,,1,
W399R,399,1,,below detection,1,3.3,303,,,6.4,0.1,26.2,0.86,10.2,0,8,,,,1,
W399C,399,1,,below detection,3,70.33,39,,,33.3,1,8.4,5.89,4,1,12,,,,1,
W399G,399,1,,below detection,,,10,,,,,,,1,1,3,,,,1,
W399S,399,1,,below detection,,,10,,,,,,,1,1,3,,,,1,
S400A,400,1,39.91,,531,3.22,164795,,,1.7,9,6.8,0.22,11833,1,13,-0.65,0.31,0.11,0,
D403A,403,0,,no expression,,,,,,,,,,,1,14,,,,0.5,
N404A,404,1,41.9,,4,9.42,393,,,25,1,4.5,0.42,18,1,9,-1.36,0.12,0.28,1,
N404C,404,1,42.65,,85.2,14.4,5917,,,4.3,3.7,13.2,1.9,1,0,12,-1.37,0.24,0.25,1,
E406A,406,1,40.08,,,,10,,,,,,,1,1,4,-1.71,0.71,0.86,1,
E406D,406,1,40.67,,39,34.13,1146,,,2.6,1,7.5,2.57,94,1,15,-1.12,0.26,0.27,1,
W407Y,407,0,,no expression,,,,,,,,,,,0,1,,,,0,
W407A,407,0,,no expression,,,,,,,,,,,1,2,,,,0,
W407Q,407,0,,no expression,,,,,,,,,,,1,5,,,,0,
W407R,407,0,,no expression,,,,,,,,,,,1,5,,,,0,
W407G,407,0,,no expression,,,,,,,,,,,1,6,,,,1,
W407K,407,0,,no expression,,,,,,,,,,,0,17,,,,0,
W409Y,409,1,36.75,,809,2.6,311154,,,1.6,12.9,7.1,0.18,2.7,0,8,-0.4,0.14,0.02,1,
F415A,415,1,,no expression,1,16.63,80,,,10,0.1,24.1,4,20,1,9,,,,1,
F415N,415,1,,below detection,1,23.1,43,,,3.1,0,8.3,1.92,3.1,0,13,,,,0,
E423S,423,1,39.5,,646,6.6,97777,,,6.5,42,6.4,0.42,6431,1,12,-1.49,0.09,0.13,1,
BglB,,1,39.93,,880,5,174000,,,1.1,10,4,0.2,8000,1,,-1.19,0.09,0.08,1,