name,total_score,fa_rep,hbond_sc,tot_pstat_pm,tot_nlpstat_pm,tot_burunsat_pm,tot_hbond_pm,tot_NLconts_pm,tot_nlsurfaceE_pm,SR_1_total_score,SR_1_fa_rep,SR_1_hbond_sc,SR_1_hbond_pm,SR_1_burunsat_pm,SR_1_pstat_pm,SR_1_nlpstat_pm,SR_2_total_score,SR_2_fa_rep,SR_2_hbond_sc,SR_2_hbond_pm,SR_2_burunsat_pm,SR_2_pstat_pm,SR_2_nlpstat_pm,SR_3_total_score,SR_3_fa_rep,SR_3_hbond_sc,SR_3_hbond_pm,SR_3_burunsat_pm,SR_3_pstat_pm,SR_3_nlpstat_pm,SR_4_total_score,SR_4_fa_rep,SR_4_hbond_sc,SR_4_hbond_pm,SR_4_burunsat_pm,SR_4_pstat_pm,SR_4_nlpstat_pm,SR_5_total_score,SR_5_fa_rep,SR_5_hbond_sc,SR_5_interf_E_1_2,SR_5_dsasa_1_2,SR_5_hbond_pm,SR_5_burunsat_pm
A192S,-710.334,278.289,-72.983,0.697,0.694,144.3,440.4,148.7,0.739,1.883,1.106,0.0,2.0,1.0,0.81,0.849,0.158,1.074,-0.699,4.8,1.0,0.887,0.869,1.883,1.106,0.0,2.0,1.0,0.81,0.849,-2.202,0.675,-0.547,2.0,0.0,0.808,0.861,-5.746,0.882,-3.778,-11.493,0.901,7.8,1.0
A227W,6521.247,7494.209,-71.589,0.698,0.698,146.4,438.3,149.2,0.772,1.872,1.109,0.0,2.0,1.0,0.86,0.887,0.219,1.088,-0.688,4.7,1.0,0.819,0.83,1.872,1.109,0.0,2.0,1.0,0.86,0.887,-2.123,0.701,-0.538,2.0,0.0,0.816,0.816,-5.765,0.866,-3.743,-11.531,0.904,7.7,1.0
A236E,738.813,1682.824,-71.227,0.695,0.693,147.8,438.0,148.2,0.684,1.872,1.109,0.0,2.0,1.0,0.865,0.858,0.194,1.066,-0.69,4.7,1.0,0.824,0.825,1.872,1.109,0.0,2.0,1.0,0.865,0.858,-2.173,0.708,-0.534,2.0,0.0,0.88,0.876,-5.678,0.89,-3.684,-11.36,0.901,7.6,1.0
A249E,-707.006,281.61,-72.129,0.708,0.7,146.0,439.8,149.4,0.689,1.931,1.126,0.0,2.0,1.0,0.803,0.826,0.137,1.076,-0.729,4.8,1.0,0.873,0.862,1.931,1.126,0.0,2.0,1.0,0.803,0.826,-2.132,0.742,-0.52,2.0,0.1,0.767,0.862,-5.671,0.931,-3.778,-11.347,0.906,7.8,1.0
A356A,-711.028,278.509,-71.699,0.697,0.696,144.3,438.7,148.6,0.66,1.906,1.113,0.0,2.0,1.0,0.781,0.823,0.242,1.066,-0.643,4.6,1.0,0.767,0.784,1.906,1.113,0.0,2.0,1.0,0.781,0.823,-2.169,0.682,-0.535,2.0,0.0,0.776,0.809,-5.768,0.872,-3.693,-11.538,0.9,7.6,1.0
A357A,-711.436,278.431,-71.282,0.698,0.691,144.5,438.7,148.3,0.674,1.869,1.099,0.0,2.0,1.0,0.761,0.817,0.317,1.063,-0.641,4.5,1.0,0.805,0.826,1.869,1.099,0.0,2.0,1.0,0.761,0.817,-2.148,0.712,-0.53,2.0,0.0,0.818,0.826,-5.617,0.895,-3.595,-11.24,0.9,7.5,1.0
A408A,-711.533,278.3,-71.296,0.699,0.69,145.2,438.5,148.1,0.746,1.843,1.074,0.0,2.0,1.0,0.87,0.873,0.176,1.048,-0.687,4.7,1.0,0.778,0.75,1.843,1.074,0.0,2.0,1.0,0.87,0.873,-2.147,0.699,-0.538,2.0,0.0,0.884,0.871,-5.694,0.904,-3.726,-11.385,0.903,7.7,1.0
C167A,-712.06,278.039,-71.261,0.705,0.692,144.1,438.8,147.9,0.682,1.856,1.07,0.0,2.0,1.0,0.829,0.787,0.233,1.045,-0.655,4.5,1.0,0.783,0.781,1.856,1.07,0.0,2.0,1.0,0.829,0.787,-2.18,0.687,-0.526,2.0,0.0,0.856,0.849,-5.609,0.88,-3.63,-11.22,0.894,7.5,1.0
C167F,-707.786,281.082,-70.778,0.704,0.699,148.9,437.7,147.0,0.73,1.913,1.126,0.0,1.9,1.1,0.821,0.842,0.194,1.094,-0.593,4.6,1.0,0.779,0.78,1.913,1.126,0.0,1.9,1.1,0.821,0.842,-2.194,0.684,-0.551,2.0,0.0,0.88,0.88,-6.884,1.118,-3.599,-13.768,0.938,7.5,1.0
C167Q,-708.14,280.503,-70.552,0.701,0.699,148.5,437.2,148.1,0.733,1.884,1.138,0.0,2.0,1.0,0.856,0.877,0.502,1.198,-0.648,4.8,1.0,0.802,0.81,1.884,1.138,0.0,2.0,1.0,0.856,0.877,-2.206,0.733,-0.548,2.0,0.0,0.912,0.896,-5.576,0.988,-3.586,-11.15,0.888,7.6,1.0
C167S,-709.179,278.58,-71.653,0.699,0.692,145.1,438.3,148.3,0.711,1.858,1.13,0.0,2.0,1.0,0.795,0.806,0.109,1.042,-0.787,5.0,0.7,0.852,0.831,1.858,1.13,0.0,2.0,1.0,0.795,0.806,-2.148,0.696,-0.545,2.0,0.0,0.842,0.873,-5.746,0.824,-3.815,-11.493,0.897,7.7,1.0
D121F,-705.053,283.092,-70.998,0.693,0.69,147.8,437.6,149.8,0.804,1.853,1.076,0.0,2.0,1.0,0.887,0.856,0.221,0.983,-0.595,4.2,1.0,0.757,0.756,1.853,1.076,0.0,2.0,1.0,0.887,0.856,-2.227,0.651,-0.539,2.0,0.0,0.86,0.863,-4.904,1.009,-3.031,-9.812,0.903,6.5,1.0
D322A,-711.635,278.19,-70.648,0.7,0.696,144.7,437.9,148.5,0.698,1.849,1.082,0.0,2.0,1.0,0.903,0.874,0.257,1.028,-0.63,4.5,1.0,0.769,0.78,1.849,1.082,0.0,2.0,1.0,0.903,0.874,-2.117,0.68,-0.546,2.0,0.0,0.906,0.89,-5.695,0.844,-3.618,-11.392,0.903,7.5,1.0
D403A,-708.193,276.598,-70.48,0.698,0.693,145.0,436.1,146.7,0.485,1.891,1.107,0.0,2.0,1.0,0.849,0.853,0.113,1.056,-0.733,4.8,1.0,0.818,0.787,1.891,1.107,0.0,2.0,1.0,0.849,0.853,-2.071,0.756,-0.531,2.0,0.0,0.778,0.799,-5.858,0.88,-3.859,-11.717,0.903,7.8,1.0
E154D,-710.651,278.539,-71.395,0.703,0.688,144.6,438.4,147.4,0.615,1.832,1.079,0.0,2.0,1.0,0.8,0.816,0.325,1.067,-0.637,4.5,1.0,0.76,0.782,1.832,1.079,0.0,2.0,1.0,0.8,0.816,-2.177,0.701,-0.539,2.0,0.0,0.817,0.82,-5.598,0.88,-3.574,-11.195,0.903,7.5,1.0
E177A,-710.352,278.288,-70.582,0.706,0.697,145.5,437.9,149.3,0.736,1.874,1.1,0.0,2.0,1.0,0.852,0.838,0.125,1.045,-0.704,4.7,1.0,0.783,0.838,1.874,1.1,0.0,2.0,1.0,0.852,0.838,-2.169,0.702,-0.539,2.0,0.0,0.882,0.876,-5.775,0.86,-3.753,-11.551,0.902,7.7,1.0
E177D,-710.762,278.874,-71.292,0.699,0.698,144.0,437.5,148.6,0.644,1.933,1.133,0.0,2.0,1.0,0.855,0.834,0.276,1.068,-0.617,4.4,1.0,0.842,0.813,1.933,1.133,0.0,2.0,1.0,0.855,0.834,-2.145,0.704,-0.538,2.0,0.0,0.869,0.867,-5.742,0.859,-3.59,-11.486,0.901,7.4,1.0
E177K,-710.378,278.479,-70.238,0.705,0.696,146.6,437.0,147.7,0.737,1.869,1.104,0.0,2.0,1.0,0.835,0.861,0.248,1.071,-0.636,4.5,1.0,0.724,0.738,1.869,1.104,0.0,2.0,1.0,0.835,0.861,-2.205,0.692,-0.541,2.0,0.0,0.853,0.885,-5.746,0.868,-3.65,-11.493,0.904,7.5,1.0
E177L,-710.547,278.118,-70.022,0.7,0.694,146.4,437.5,147.3,0.755,1.823,1.077,0.0,2.0,1.0,0.791,0.845,0.217,1.068,-0.675,4.7,1.0,0.79,0.822,1.823,1.077,0.0,2.0,1.0,0.791,0.845,-2.183,0.688,-0.541,2.0,0.0,0.892,0.897,-5.736,0.868,-3.705,-11.468,0.906,7.7,1.0
E177N,-709.991,278.721,-70.555,0.705,0.694,145.9,438.1,147.2,0.7,1.832,1.078,0.0,2.0,1.0,0.827,0.839,0.271,1.072,-0.666,4.6,1.0,0.81,0.797,1.832,1.078,0.0,2.0,1.0,0.827,0.839,-2.198,0.672,-0.538,2.0,0.0,0.828,0.799,-5.604,0.889,-3.614,-11.206,0.902,7.6,1.0
E222A,-709.006,276.714,-69.393,0.705,0.697,145.1,436.1,147.0,0.746,1.857,1.088,0.0,2.0,1.0,0.782,0.838,0.231,1.021,-0.646,4.5,1.0,0.869,0.833,1.857,1.088,0.0,2.0,1.0,0.782,0.838,-2.224,0.688,-0.539,2.0,0.0,0.875,0.856,-5.686,0.864,-3.62,-11.374,0.903,7.5,1.0
E222H,-708.153,278.358,-69.002,0.705,0.693,150.0,436.1,149.2,0.738,1.874,1.159,0.0,2.0,1.0,0.789,0.843,0.304,1.031,-0.65,4.7,1.0,0.744,0.723,1.874,1.159,0.0,2.0,1.0,0.789,0.843,-2.364,0.673,-0.546,2.0,1.0,0.879,0.85,-5.645,0.854,-3.648,-11.291,0.921,7.7,1.0
E222K,-711.194,277.231,-69.831,0.695,0.684,150.9,436.8,147.9,0.751,1.907,1.107,0.0,2.0,1.0,0.854,0.858,0.208,1.022,-0.735,4.7,1.0,0.726,0.722,1.907,1.107,0.0,2.0,1.0,0.854,0.858,-2.096,0.737,-0.541,2.0,1.0,0.852,0.9,-6.452,0.888,-4.031,-12.904,0.958,8.7,1.0
E222Q,-709.572,277.803,-70.417,0.697,0.693,146.7,438.1,147.9,0.708,1.86,1.11,0.0,2.0,1.0,0.804,0.817,0.139,1.005,-0.745,4.8,1.0,0.755,0.785,1.86,1.11,0.0,2.0,1.0,0.804,0.817,-2.142,0.686,-0.539,2.0,0.1,0.859,0.837,-5.734,0.87,-3.815,-11.467,0.922,7.8,1.0
E222R,-711.095,278.199,-71.537,0.7,0.692,149.6,438.3,148.1,0.675,1.859,1.118,0.0,2.0,1.0,0.873,0.908,0.08,1.006,-0.773,4.9,1.0,0.768,0.777,1.859,1.118,0.0,2.0,1.0,0.873,0.908,-2.192,0.684,-0.549,2.0,1.0,0.858,0.873,-6.546,1.043,-4.306,-13.094,0.947,8.9,1.0
E222Y,-710.622,278.721,-69.757,0.71,0.698,151.1,437.0,147.9,0.671,1.865,1.099,0.0,2.0,1.0,0.839,0.876,0.375,0.972,-0.613,4.4,1.0,0.821,0.862,1.865,1.099,0.0,2.0,1.0,0.839,0.876,-2.339,0.715,-0.553,2.0,1.0,0.722,0.744,-5.528,0.931,-3.558,-11.06,0.93,7.4,1.0
E281H,-708.567,278.614,-71.514,0.701,0.695,144.0,438.6,148.8,0.762,1.855,1.1,0.0,2.0,1.0,0.839,0.864,0.209,1.057,-0.66,4.6,1.0,0.808,0.81,1.855,1.1,0.0,2.0,1.0,0.839,0.864,-2.112,0.676,-0.545,2.0,0.0,0.86,0.847,-5.743,0.842,-3.689,-11.486,0.901,7.6,1.0
E388C,-709.477,278.38,-71.073,0.7,0.692,145.2,438.2,148.9,0.803,1.868,1.084,0.0,2.0,1.0,0.761,0.825,0.238,1.039,-0.636,4.5,1.0,0.818,0.788,1.868,1.084,0.0,2.0,1.0,0.761,0.825,-2.097,0.719,-0.535,2.0,0.0,0.864,0.868,-5.656,0.872,-3.588,-11.314,0.902,7.4,1.0
E406A,-708.288,276.75,-68.922,0.698,0.687,141.5,436.7,148.5,0.83,1.78,1.063,0.0,2.0,1.0,0.92,0.892,0.276,1.051,-0.64,4.4,1.0,0.793,0.803,1.78,1.063,0.0,2.0,1.0,0.92,0.892,-2.151,0.63,-0.549,2.0,0.0,0.823,0.874,-4.458,0.799,-3.016,-8.913,0.896,6.4,1.0
E406D,-708.875,276.741,-68.472,0.699,0.692,144.1,435.7,147.7,0.692,1.742,1.05,0.0,2.0,1.0,0.835,0.868,0.421,1.006,-0.525,4.0,1.0,0.79,0.795,1.742,1.05,0.0,2.0,1.0,0.835,0.868,-2.194,0.658,-0.551,2.0,0.0,0.872,0.89,-4.678,0.765,-2.84,-9.352,0.9,6.0,1.0
E406N,-708.144,278.124,-69.477,0.697,0.695,147.1,437.6,148.5,0.853,1.859,1.105,0.0,2.0,1.0,0.848,0.864,0.249,1.094,-0.668,4.6,1.0,0.825,0.814,1.859,1.105,0.0,2.0,1.0,0.848,0.864,-2.206,0.646,-0.55,2.0,0.0,0.893,0.874,-4.972,0.746,-3.25,-9.947,0.905,7.6,1.0
E406Q,-707.183,278.681,-69.325,0.703,0.692,148.2,437.1,146.5,0.969,1.811,1.095,0.0,2.0,1.0,0.835,0.825,0.251,1.011,-0.615,4.3,1.0,0.786,0.815,1.811,1.095,0.0,2.0,1.0,0.835,0.825,-2.204,0.668,-0.552,2.0,0.0,0.833,0.844,-5.322,0.763,-3.478,-10.646,0.908,7.3,1.0
E406V,-709.277,277.023,-68.296,0.698,0.692,145.2,435.3,148.6,0.805,1.819,1.043,0.0,2.0,1.0,0.855,0.869,0.188,1.044,-0.665,4.6,1.0,0.819,0.821,1.819,1.043,0.0,2.0,1.0,0.855,0.869,-2.192,0.658,-0.53,2.0,0.0,0.874,0.896,-4.643,0.788,-3.12,-9.291,0.9,6.6,1.0
E426S,-709.151,278.821,-71.216,0.694,0.691,144.8,438.9,148.0,0.756,1.893,1.119,0.0,2.0,1.0,0.765,0.752,0.296,1.091,-0.673,4.7,1.0,0.824,0.843,1.893,1.119,0.0,2.0,1.0,0.765,0.752,-2.201,0.709,-0.528,2.0,0.0,0.912,0.889,-5.661,0.88,-3.659,-11.324,0.901,7.7,1.0
F248K,-701.591,278.532,-71.447,0.699,0.69,145.2,439.2,145.8,0.741,1.871,1.093,0.0,2.0,1.0,0.843,0.823,0.491,1.054,-0.555,4.2,1.0,0.793,0.806,1.871,1.093,0.0,2.0,1.0,0.843,0.823,-2.192,0.696,-0.533,2.0,0.0,0.887,0.893,-5.541,0.906,-3.461,-11.085,0.903,7.2,1.0
F343S,-706.031,277.965,-71.431,0.699,0.695,144.2,438.1,148.7,0.769,1.928,1.128,0.0,2.0,1.0,0.898,0.867,0.251,1.088,-0.646,4.5,1.0,0.765,0.764,1.928,1.128,0.0,2.0,1.0,0.898,0.867,-2.131,0.72,-0.54,2.0,0.0,0.827,0.885,-5.774,0.864,-3.68,-11.548,0.903,7.5,1.0
F405A,-705.151,277.618,-70.413,0.695,0.688,144.0,437.9,146.9,0.709,1.871,1.1,0.0,2.0,1.0,0.891,0.86,0.246,1.063,-0.655,4.7,1.0,0.856,0.859,1.871,1.1,0.0,2.0,1.0,0.891,0.86,-2.189,0.695,-0.535,2.0,0.0,0.891,0.897,-5.579,0.931,-3.64,-11.158,0.901,7.7,1.0
F415A,-709.441,274.518,-71.268,0.692,0.691,138.8,439.7,146.7,0.734,1.758,1.003,0.0,2.0,1.0,0.863,0.849,0.286,1.06,-0.626,4.5,1.0,0.817,0.798,1.758,1.003,0.0,2.0,1.0,0.863,0.849,-1.938,0.577,-0.551,2.0,0.0,0.865,0.866,-5.465,0.943,-3.644,-10.93,0.898,7.5,0.0
F415D,-708.459,276.498,-71.546,0.695,0.685,145.1,438.7,146.8,0.753,1.849,1.027,0.0,2.0,1.0,0.903,0.881,0.265,1.061,-0.645,4.5,1.0,0.811,0.827,1.849,1.027,0.0,2.0,1.0,0.903,0.881,-2.056,0.587,-0.566,2.0,0.0,0.906,0.89,-5.489,1.008,-3.665,-10.978,0.903,7.5,1.0
F415N,-711.228,276.227,-72.421,0.694,0.688,144.8,440.1,146.0,0.707,1.8,1.036,0.0,2.0,1.0,0.865,0.876,0.126,1.04,-0.716,4.8,1.0,0.821,0.807,1.8,1.036,0.0,2.0,1.0,0.865,0.876,-2.191,0.564,-0.563,2.0,0.0,0.814,0.841,-5.546,0.946,-3.853,-11.089,0.902,7.8,1.0
F72H,-706.213,277.48,-71.786,0.698,0.695,146.8,439.0,145.9,0.732,1.833,1.079,0.0,2.0,1.0,0.775,0.789,0.255,1.063,-0.664,4.6,1.0,0.806,0.807,1.833,1.079,0.0,2.0,1.0,0.775,0.789,-2.199,0.692,-0.532,2.0,0.0,0.837,0.858,-5.672,0.897,-3.674,-11.341,0.904,7.6,1.0
G12N,-682.851,294.206,-72.004,0.702,0.695,148.9,437.7,145.2,0.637,1.872,1.14,0.0,2.0,1.0,0.922,0.915,0.191,1.13,-0.72,4.9,1.0,0.827,0.783,1.872,1.14,0.0,2.0,1.0,0.922,0.915,-2.144,0.716,-0.543,2.0,0.0,0.894,0.899,-5.863,0.863,-3.853,-11.722,0.901,7.9,1.0
G153A,-593.507,393.14,-71.418,0.704,0.697,145.0,439.1,148.6,0.723,1.848,1.103,0.0,2.0,1.0,0.822,0.832,0.201,1.073,-0.689,4.7,1.0,0.802,0.784,1.848,1.103,0.0,2.0,1.0,0.822,0.832,-2.165,0.687,-0.541,2.0,0.0,0.894,0.871,-5.793,0.858,-3.765,-11.586,0.901,7.7,1.0
G355A,-710.024,279.396,-71.205,0.704,0.697,145.7,438.8,147.2,0.669,1.906,1.1,0.0,2.0,1.0,0.851,0.827,0.238,1.046,-0.648,4.6,1.0,0.728,0.724,1.906,1.1,0.0,2.0,1.0,0.851,0.827,-2.185,0.697,-0.526,2.0,0.0,0.841,0.842,-5.688,0.878,-3.662,-11.375,0.902,7.6,1.0
H101R,-142.18,784.03,-71.755,0.697,0.697,146.3,438.9,149.8,0.711,1.836,1.071,0.0,2.0,1.0,0.833,0.798,0.178,1.057,-0.712,4.7,1.0,0.785,0.736,1.836,1.071,0.0,2.0,1.0,0.833,0.798,-2.148,0.693,-0.545,2.0,0.0,0.846,0.812,-5.598,0.89,-3.625,-11.194,0.904,7.6,1.0
H119A,-711.734,278.164,-70.365,0.699,0.691,145.4,437.3,146.6,0.709,1.876,1.107,0.0,2.0,1.0,0.868,0.859,0.41,1.048,-0.508,4.0,1.0,0.745,0.687,1.876,1.107,0.0,2.0,1.0,0.868,0.859,-2.11,0.731,-0.529,2.0,0.0,0.844,0.834,-5.414,0.914,-3.355,-10.828,0.899,7.0,1.0
H119D,-712.158,278.459,-71.236,0.702,0.697,147.0,438.8,148.4,0.677,1.865,1.112,0.0,2.0,1.0,0.826,0.835,0.343,1.003,-0.496,4.0,1.0,0.796,0.824,1.865,1.112,0.0,2.0,1.0,0.826,0.835,-2.171,0.683,-0.547,2.0,0.0,0.838,0.824,-5.317,0.86,-3.38,-10.633,0.901,7.0,1.0
H119E,-712.012,278.535,-73.009,0.696,0.696,144.6,439.8,148.2,0.695,1.827,1.109,0.0,2.0,1.0,0.873,0.865,0.254,1.012,-0.546,4.2,1.0,0.806,0.796,1.827,1.109,0.0,2.0,1.0,0.873,0.865,-2.122,0.675,-0.538,2.0,0.0,0.862,0.886,-5.234,0.874,-3.373,-10.465,0.904,7.0,1.0
H119N,-712.921,278.205,-71.773,0.697,0.691,148.2,438.5,148.7,0.74,1.873,1.12,0.0,2.0,1.0,0.85,0.841,0.34,1.019,-0.485,4.0,1.0,0.711,0.731,1.873,1.12,0.0,2.0,1.0,0.85,0.841,-2.123,0.732,-0.524,2.0,0.0,0.836,0.859,-5.334,0.909,-3.375,-10.666,0.9,7.0,1.0
H119S,-713.128,277.469,-72.746,0.699,0.689,144.4,438.9,149.0,0.715,1.896,1.085,0.0,2.0,1.0,0.857,0.897,0.405,1.03,-0.515,4.0,1.0,0.866,0.829,1.896,1.085,0.0,2.0,1.0,0.857,0.897,-2.129,0.698,-0.539,2.0,0.0,0.811,0.841,-5.398,0.89,-3.325,-10.795,0.9,7.0,1.0
H178A,-710.563,276.769,-71.494,0.696,0.695,143.9,437.9,146.0,0.669,1.889,1.085,0.0,2.0,1.0,0.813,0.837,0.263,1.041,-0.63,4.4,1.0,0.794,0.837,1.889,1.085,0.0,2.0,1.0,0.813,0.837,-2.194,0.693,-0.54,2.0,0.0,0.857,0.883,-5.727,0.85,-3.671,-11.451,0.892,7.4,1.0
H178C,-712.278,276.504,-71.242,0.693,0.691,143.8,438.6,144.5,0.744,1.782,1.05,0.0,2.0,1.0,0.81,0.85,0.16,1.004,-0.662,4.6,1.0,0.777,0.771,1.782,1.05,0.0,2.0,1.0,0.81,0.85,-2.202,0.7,-0.54,2.0,0.0,0.873,0.869,-5.598,0.849,-3.624,-11.202,0.895,7.6,1.0
H178F,-711.45,279.565,-70.973,0.7,0.696,144.3,438.4,149.1,0.705,1.857,1.075,0.0,2.0,1.0,0.858,0.876,0.109,1.052,-0.669,4.7,1.0,0.88,0.856,1.857,1.075,0.0,2.0,1.0,0.858,0.876,-2.222,0.698,-0.546,2.0,0.0,0.869,0.858,-6.003,0.886,-3.752,-12.006,0.899,7.7,1.0
H178K,-709.683,277.577,-71.169,0.701,0.696,145.3,437.8,147.0,0.677,1.838,1.094,0.0,2.0,1.0,0.885,0.888,0.153,1.022,-0.662,4.6,1.0,0.791,0.783,1.838,1.094,0.0,2.0,1.0,0.885,0.888,-2.233,0.661,-0.545,2.0,0.0,0.915,0.899,-5.671,0.838,-3.711,-11.342,0.9,7.6,1.0
H178N,-711.531,277.409,-71.52,0.698,0.689,144.6,439.3,148.5,0.601,1.812,1.084,0.0,2.0,1.0,0.848,0.882,0.156,0.996,-0.632,4.5,1.0,0.7,0.801,1.812,1.084,0.0,2.0,1.0,0.848,0.882,-2.215,0.672,-0.541,2.0,0.0,0.869,0.868,-5.615,0.845,-3.618,-11.233,0.899,7.4,1.0
H178R,-711.144,278.764,-71.91,0.702,0.699,143.3,439.9,150.1,0.671,1.967,1.077,0.0,2.0,1.0,0.887,0.894,0.146,0.991,-0.672,4.5,1.0,0.813,0.808,1.967,1.077,0.0,2.0,1.0,0.887,0.894,-2.211,0.703,-0.568,2.0,0.0,0.791,0.808,-5.543,1.023,-3.702,-11.083,0.901,7.5,1.0
H315D,-712.324,278.329,-71.201,0.7,0.698,143.6,438.3,148.7,0.636,1.831,1.059,0.0,2.0,1.0,0.834,0.868,0.353,1.035,-0.603,4.3,1.0,0.763,0.786,1.831,1.059,0.0,2.0,1.0,0.834,0.868,-2.203,0.699,-0.542,2.0,0.0,0.864,0.877,-5.545,0.877,-3.477,-11.092,0.903,7.3,1.0
H315E,-711.772,278.29,-71.789,0.713,0.702,143.9,439.1,147.7,0.654,1.865,1.09,0.0,2.0,1.0,0.784,0.797,0.107,1.041,-0.697,4.7,1.0,0.851,0.859,1.865,1.09,0.0,2.0,1.0,0.784,0.797,-2.199,0.689,-0.547,2.0,0.0,0.938,0.94,-5.8,0.85,-3.783,-11.601,0.901,7.7,1.0
H315N,-713.63,278.394,-72.024,0.7,0.699,143.8,439.9,148.3,0.653,1.843,1.078,0.0,2.0,1.0,0.836,0.845,0.201,1.069,-0.698,4.7,1.0,0.78,0.811,1.843,1.078,0.0,2.0,1.0,0.836,0.845,-2.14,0.723,-0.535,2.0,0.0,0.893,0.857,-5.692,0.907,-3.712,-11.387,0.903,7.7,1.0
H315R,-710.952,278.529,-71.276,0.7,0.697,145.5,438.8,148.2,0.588,1.904,1.109,0.0,2.0,1.0,0.781,0.818,0.364,1.061,-0.576,4.3,1.0,0.782,0.775,1.904,1.109,0.0,2.0,1.0,0.781,0.818,-2.197,0.69,-0.53,2.0,0.0,0.831,0.855,-5.636,0.855,-3.508,-11.277,0.899,7.3,1.0
H373R,-637.684,279.949,-71.127,0.7,0.696,145.3,440.4,149.0,0.819,1.911,1.112,0.0,2.0,1.0,0.784,0.826,0.317,1.07,-0.609,4.4,1.0,0.835,0.781,1.911,1.112,0.0,2.0,1.0,0.784,0.826,-2.181,0.721,-0.529,2.0,0.0,0.888,0.868,-5.629,0.894,-3.529,-11.257,0.901,7.3,1.0
H379R,-709.387,278.563,-72.021,0.699,0.693,146.7,440.2,149.7,0.902,1.919,1.089,0.0,2.0,1.0,0.802,0.856,0.211,1.031,-0.675,4.5,1.0,0.81,0.777,1.919,1.089,0.0,2.0,1.0,0.802,0.856,-2.241,0.811,-0.543,3.9,0.0,0.905,0.931,-5.703,0.863,-3.651,-11.409,0.902,7.5,1.0
H379T,-709.481,278.504,-72.15,0.696,0.692,141.0,438.8,146.8,0.725,1.796,1.066,0.0,2.0,1.0,0.896,0.894,0.318,1.065,-0.615,4.5,1.0,0.832,0.843,1.796,1.066,0.0,2.0,1.0,0.896,0.894,-2.14,0.686,-0.539,2.0,0.0,0.796,0.812,-5.598,0.859,-3.52,-11.195,0.901,7.4,1.0
I244E,-708.226,278.767,-71.128,0.698,0.688,148.5,438.7,147.5,0.723,1.91,1.112,0.0,2.0,1.0,0.79,0.844,0.401,1.013,-0.602,4.3,1.0,0.792,0.829,1.91,1.112,0.0,2.0,1.0,0.79,0.844,-2.182,0.697,-0.537,2.0,0.7,0.847,0.874,-5.447,0.874,-3.455,-10.896,0.918,7.3,1.0
I244M,-709.485,278.713,-71.656,0.698,0.691,145.7,438.8,148.2,0.659,1.851,1.098,0.0,2.0,1.0,0.831,0.826,0.271,1.045,-0.665,4.6,1.0,0.743,0.797,1.851,1.098,0.0,2.0,1.0,0.831,0.826,-2.172,0.677,-0.544,2.0,0.0,0.842,0.867,-5.701,0.864,-3.673,-11.403,0.902,7.6,1.0
I244N,-710.858,277.524,-71.685,0.701,0.696,144.6,439.8,149.0,0.726,1.85,1.123,0.0,2.0,1.0,0.85,0.86,0.428,0.989,-0.601,4.3,1.0,0.734,0.761,1.85,1.123,0.0,2.0,1.0,0.85,0.86,-2.18,0.695,-0.537,2.0,0.0,0.881,0.891,-5.35,0.928,-3.373,-10.699,0.903,7.2,1.0
I244V,-712.482,277.273,-71.506,0.699,0.691,145.3,437.9,148.3,0.665,1.842,1.117,0.0,2.0,1.0,0.883,0.867,0.367,1.086,-0.644,4.5,1.0,0.717,0.738,1.842,1.117,0.0,2.0,1.0,0.883,0.867,-2.15,0.683,-0.544,2.0,0.0,0.857,0.884,-5.615,0.854,-3.559,-11.23,0.902,7.5,1.0
I300N,-481.305,505.394,-71.345,0.701,0.694,147.0,439.8,148.1,0.77,1.826,1.099,0.0,2.0,1.0,0.862,0.856,0.292,1.049,-0.653,4.5,1.0,0.791,0.749,1.826,1.099,0.0,2.0,1.0,0.862,0.856,-2.168,0.704,-0.533,2.0,0.2,0.874,0.859,-5.53,0.873,-3.555,-11.055,0.912,7.5,1.0
I91E,-710.002,278.737,-71.27,0.702,0.695,144.7,437.8,148.2,0.665,1.816,1.092,0.0,2.0,1.0,0.845,0.854,0.381,1.059,-0.577,4.3,1.0,0.711,0.713,1.816,1.092,0.0,2.0,1.0,0.845,0.854,-2.23,0.68,-0.544,2.0,0.0,0.836,0.855,-5.565,0.86,-3.486,-11.128,0.901,7.3,1.0
K341A,-710.238,278.668,-71.195,0.705,0.698,143.5,438.5,147.8,0.744,1.854,1.079,0.0,2.0,1.0,0.861,0.869,0.24,1.066,-0.67,4.7,1.0,0.824,0.845,1.854,1.079,0.0,2.0,1.0,0.861,0.869,-2.167,0.713,-0.533,2.0,0.0,0.894,0.901,-5.728,0.879,-3.751,-11.457,0.904,7.7,1.0
K413A,-710.02,277.714,-71.739,0.691,0.69,145.5,437.5,149.6,0.71,1.944,1.134,0.0,2.0,1.0,0.835,0.85,0.101,1.082,-0.748,5.0,1.0,0.795,0.835,1.944,1.134,0.0,2.0,1.0,0.835,0.85,-2.109,0.702,-0.518,2.0,0.0,0.87,0.896,-5.778,0.97,-3.881,-11.559,0.903,7.9,1.0
L108N,-710.227,278.29,-70.555,0.696,0.693,144.8,438.2,147.8,0.76,1.832,1.084,0.0,2.0,1.0,0.882,0.829,0.36,1.057,-0.58,4.4,1.0,0.724,0.76,1.832,1.084,0.0,2.0,1.0,0.882,0.829,-2.187,0.7,-0.534,2.0,0.0,0.846,0.863,-5.547,0.876,-3.475,-11.089,0.903,7.4,1.0
L171A,-708.977,277.509,-71.046,0.698,0.692,144.8,438.6,147.0,0.662,1.865,1.088,0.0,2.0,1.0,0.849,0.88,0.256,1.077,-0.61,4.4,1.0,0.891,0.89,1.865,1.088,0.0,2.0,1.0,0.849,0.88,-2.179,0.696,-0.538,2.0,0.0,0.825,0.848,-5.757,0.889,-3.586,-11.519,0.889,7.4,1.0
L171D,-710.91,277.419,-71.127,0.701,0.696,146.0,438.9,149.3,0.733,1.828,1.091,0.0,2.0,1.0,0.779,0.807,0.209,1.009,-0.636,4.5,1.0,0.762,0.821,1.828,1.091,0.0,2.0,1.0,0.779,0.807,-2.224,0.67,-0.546,2.0,0.0,0.811,0.844,-5.722,0.836,-3.5,-11.445,0.894,7.4,1.0
L171E,-710.054,278.444,-70.599,0.699,0.694,145.7,438.6,148.2,0.701,1.813,1.065,0.0,2.0,1.0,0.863,0.848,0.334,1.091,-0.617,4.4,1.0,0.83,0.815,1.813,1.065,0.0,2.0,1.0,0.863,0.848,-2.181,0.694,-0.538,2.0,0.0,0.85,0.838,-5.766,0.876,-3.561,-11.536,0.893,7.4,1.0
L171M,-711.332,277.35,-71.241,0.703,0.693,145.4,439.3,149.6,0.766,1.853,1.105,0.0,2.0,1.0,0.868,0.869,0.063,1.027,-0.691,4.7,1.0,0.845,0.775,1.853,1.105,0.0,2.0,1.0,0.868,0.869,-2.208,0.699,-0.537,2.0,0.0,0.914,0.918,-5.98,0.878,-3.743,-11.958,0.911,7.7,1.0
L171R,-710.839,277.104,-70.941,0.691,0.688,145.2,439.3,149.5,0.679,1.879,1.07,0.0,2.0,1.0,0.875,0.893,0.141,0.988,-0.621,4.4,1.0,0.778,0.774,1.879,1.07,0.0,2.0,1.0,0.875,0.893,-2.239,0.684,-0.541,2.0,0.0,0.877,0.876,-6.361,0.955,-3.735,-12.721,0.938,8.3,1.0
L219A,-705.042,278.715,-71.235,0.694,0.687,144.4,438.8,148.2,0.874,1.809,1.102,0.0,2.0,1.0,0.716,0.759,0.264,1.049,-0.678,4.6,1.0,0.838,0.831,1.809,1.102,0.0,2.0,1.0,0.716,0.759,-2.171,0.688,-0.541,2.0,0.0,0.819,0.826,-5.604,0.864,-3.633,-11.207,0.903,7.6,1.0
L219I,-708.689,279.314,-71.183,0.693,0.697,147.1,437.7,148.9,0.701,1.946,1.17,0.0,2.0,1.0,0.855,0.843,0.231,1.025,-0.682,4.6,1.0,0.666,0.689,1.946,1.17,0.0,2.0,1.0,0.855,0.843,-2.156,0.711,-0.523,2.0,0.0,0.829,0.845,-5.676,0.925,-3.704,-11.351,0.898,7.6,1.0
L272N,-705.817,280.115,-71.511,0.702,0.692,144.1,438.7,148.2,0.715,1.832,1.082,0.0,2.0,1.0,0.854,0.849,0.207,1.049,-0.671,4.6,1.0,0.771,0.747,1.832,1.082,0.0,2.0,1.0,0.854,0.849,-2.137,0.694,-0.54,2.0,0.0,0.766,0.789,-5.766,0.864,-3.741,-11.536,0.9,7.6,1.0
L362M,-566.071,340.337,-71.383,0.705,0.696,145.6,438.5,147.6,0.827,1.881,1.108,0.0,2.0,1.0,0.835,0.829,0.156,1.041,-0.697,4.7,1.0,0.812,0.818,1.881,1.108,0.0,2.0,1.0,0.835,0.829,-2.137,0.719,-0.538,2.0,0.0,0.901,0.906,-5.727,0.869,-3.725,-11.455,0.901,7.7,1.0
M221A,-709.521,277.96,-71.892,0.7,0.698,143.8,438.6,149.8,0.676,1.849,1.097,0.0,2.0,1.0,0.87,0.874,0.069,1.002,-0.717,4.7,1.0,0.675,0.697,1.849,1.097,0.0,2.0,1.0,0.87,0.874,-2.19,0.687,-0.535,2.0,0.0,0.835,0.869,-5.73,0.836,-3.683,-11.457,0.901,7.7,1.0
M261D,-706.11,279.109,-71.228,0.693,0.689,146.3,437.8,148.4,0.755,1.861,1.09,0.0,2.0,1.0,0.794,0.852,0.38,1.077,-0.594,4.3,1.0,0.812,0.766,1.861,1.09,0.0,2.0,1.0,0.794,0.852,-2.242,0.683,-0.545,2.0,0.0,0.875,0.874,-5.591,0.857,-3.469,-11.186,0.901,7.3,1.0
M323A,-710.633,276.707,-71.345,0.694,0.699,144.8,439.0,147.6,0.691,1.866,1.067,0.0,2.0,1.0,0.863,0.863,0.249,1.06,-0.642,4.5,1.0,0.832,0.825,1.866,1.067,0.0,2.0,1.0,0.863,0.863,-2.159,0.619,-0.549,2.0,0.0,0.897,0.912,-5.701,0.923,-3.635,-11.403,0.896,7.5,0.2
M323K,-709.974,278.242,-71.594,0.698,0.697,146.5,439.0,148.4,0.752,1.876,1.057,0.0,2.0,1.0,0.889,0.848,0.315,1.075,-0.64,4.5,1.0,0.782,0.804,1.876,1.057,0.0,2.0,1.0,0.889,0.848,-2.223,0.718,-0.543,2.0,0.0,0.885,0.837,-5.414,0.876,-3.602,-10.826,0.907,7.5,1.0
M323T,-709.122,277.545,-71.623,0.7,0.7,144.5,439.3,147.8,0.608,1.857,1.075,0.0,2.0,1.0,0.87,0.847,0.211,1.061,-0.671,4.7,1.0,0.751,0.775,1.857,1.075,0.0,2.0,1.0,0.87,0.847,-2.176,0.679,-0.538,2.0,0.0,0.865,0.886,-5.834,0.923,-3.782,-11.668,0.898,7.7,0.3
M358T,-711.888,277.994,-71.585,0.699,0.696,144.9,439.8,146.9,0.739,1.887,1.089,0.0,2.0,1.0,0.832,0.87,0.195,1.06,-0.687,4.7,1.0,0.849,0.85,1.887,1.089,0.0,2.0,1.0,0.832,0.87,-2.115,0.696,-0.533,2.0,0.0,0.844,0.876,-5.783,0.872,-3.777,-11.565,0.901,7.7,1.0
N163A,-712.593,276.943,-70.368,0.695,0.689,143.7,436.8,148.4,0.659,1.929,1.094,0.0,2.0,1.0,0.824,0.839,0.508,0.987,-0.482,4.0,1.0,0.817,0.794,1.929,1.094,0.0,2.0,1.0,0.824,0.839,-2.203,0.686,-0.547,2.0,0.0,0.864,0.874,-5.551,0.865,-3.327,-11.103,0.905,7.0,1.0
N163C,-711.352,277.873,-69.493,0.7,0.693,146.1,436.1,148.8,0.666,1.952,1.127,0.0,2.0,1.0,0.833,0.857,0.426,1.011,-0.489,4.0,1.0,0.791,0.78,1.952,1.127,0.0,2.0,1.0,0.833,0.857,-2.19,0.685,-0.548,2.0,0.0,0.89,0.906,-5.56,0.887,-3.311,-11.117,0.904,6.9,1.0
N163D,-712.847,278.077,-70.413,0.699,0.693,147.8,438.1,150.1,0.62,1.845,1.099,0.0,2.0,1.0,0.878,0.851,0.811,1.132,-0.514,4.0,1.0,0.733,0.739,1.845,1.099,0.0,2.0,1.0,0.878,0.851,-2.105,0.7,-0.535,2.0,0.0,0.885,0.883,-5.016,0.921,-2.814,-10.035,0.9,6.0,1.0
N163E,-711.147,278.672,-70.179,0.708,0.7,147.4,437.7,148.3,0.713,1.797,1.056,0.0,2.0,1.0,0.826,0.82,0.266,0.976,-0.498,4.0,1.0,0.768,0.717,1.797,1.056,0.0,2.0,1.0,0.826,0.82,-2.187,0.7,-0.55,2.0,0.0,0.857,0.895,-5.316,0.886,-3.182,-10.628,0.903,6.8,1.0
N163K,-702.943,279.604,-67.896,0.702,0.699,144.5,436.2,146.7,0.701,1.494,0.79,0.0,2.0,1.0,0.838,0.861,0.189,1.039,-0.515,4.0,1.0,0.667,0.701,1.494,0.79,0.0,2.0,1.0,0.838,0.861,-2.233,0.665,-0.55,2.0,0.0,0.792,0.855,-4.962,0.918,-3.073,-9.922,0.903,7.0,1.0
N163S,-711.79,277.168,-70.041,0.7,0.694,144.5,437.1,147.4,0.693,1.88,1.087,0.0,2.0,1.0,0.83,0.862,0.575,0.989,-0.46,4.0,1.0,0.775,0.739,1.88,1.087,0.0,2.0,1.0,0.83,0.862,-2.234,0.686,-0.542,2.0,0.0,0.903,0.868,-5.526,0.889,-3.308,-11.051,0.9,7.0,1.0
N220A,-709.382,278.491,-70.52,0.704,0.695,144.9,437.5,147.8,0.757,1.939,1.093,0.0,2.0,1.0,0.876,0.849,0.583,1.033,-0.346,3.7,1.0,0.786,0.767,1.939,1.093,0.0,2.0,1.0,0.876,0.849,-2.146,0.724,-0.536,2.0,0.0,0.82,0.816,-5.75,0.842,-3.713,-11.503,0.892,7.6,1.0
N220D,-710.104,278.061,-70.669,0.703,0.695,144.5,437.5,148.2,0.738,1.918,1.1,0.0,2.0,1.0,0.867,0.835,0.742,1.037,-0.284,3.4,1.0,0.728,0.719,1.918,1.1,0.0,2.0,1.0,0.867,0.835,-2.19,0.714,-0.542,2.0,0.0,0.818,0.861,-5.875,0.821,-3.574,-11.751,0.902,7.4,1.0
N220E,-708.61,279.036,-70.796,0.697,0.693,146.0,437.5,148.5,0.724,1.79,1.06,0.0,2.0,1.0,0.854,0.876,0.575,1.031,-0.364,3.7,1.0,0.813,0.772,1.79,1.06,0.0,2.0,1.0,0.854,0.876,-2.167,0.691,-0.534,2.0,0.0,0.861,0.892,-5.745,0.937,-3.655,-11.49,0.92,7.7,1.0
N220G,-709.593,277.392,-71.205,0.698,0.696,146.2,437.8,148.6,0.743,2.071,1.225,0.0,2.0,1.0,0.849,0.869,0.342,0.822,-0.381,3.8,0.2,0.743,0.707,2.071,1.225,0.0,2.0,1.0,0.849,0.869,-2.111,0.741,-0.527,2.0,0.0,0.859,0.885,-5.771,0.814,-3.76,-11.543,0.883,7.8,1.0
N220H,-710.519,278.636,-70.807,0.698,0.694,149.2,437.0,148.3,0.713,1.884,1.162,0.0,2.0,1.0,0.837,0.852,0.288,0.957,-0.352,3.7,1.0,0.77,0.713,1.884,1.162,0.0,2.0,1.0,0.837,0.852,-2.414,0.725,-0.542,2.0,1.0,0.849,0.828,-6.086,0.82,-3.729,-12.171,0.922,7.7,1.0
N220K,-708.918,278.151,-70.778,0.698,0.695,147.3,437.6,148.2,0.75,1.916,1.148,0.0,2.0,1.0,0.874,0.852,0.433,1.038,-0.407,3.9,1.0,0.741,0.709,1.916,1.148,0.0,2.0,1.0,0.874,0.852,-2.308,0.721,-0.538,2.0,1.0,0.848,0.846,-5.937,0.841,-3.823,-11.872,0.919,7.9,1.0
N220Q,-709.008,278.741,-71.235,0.7,0.692,146.0,437.7,148.6,0.662,1.928,1.137,0.0,2.0,1.0,0.874,0.866,0.522,1.062,-0.371,3.8,1.0,0.817,0.749,1.928,1.137,0.0,2.0,1.0,0.874,0.866,-2.172,0.725,-0.536,2.0,0.5,0.867,0.896,-5.969,0.842,-3.805,-11.937,0.905,7.8,1.0
N220R,-712.341,279.3,-72.894,0.697,0.692,146.6,440.1,148.1,0.662,1.985,1.137,0.0,2.0,1.0,0.86,0.838,0.573,1.188,-0.359,3.7,1.0,0.806,0.793,1.985,1.137,0.0,2.0,1.0,0.86,0.838,-2.136,0.725,-0.54,2.0,0.0,0.814,0.825,-6.748,0.909,-4.076,-13.5,0.955,8.7,1.0
N220S,-710.933,278.06,-71.216,0.699,0.694,144.8,437.9,148.0,0.732,1.998,1.138,0.0,2.0,1.0,0.793,0.837,0.497,1.021,-0.389,3.9,1.0,0.796,0.79,1.998,1.138,0.0,2.0,1.0,0.793,0.837,-2.17,0.712,-0.533,2.0,0.0,0.83,0.82,-5.89,0.81,-3.874,-11.783,0.892,7.9,1.0
N220W,-712.188,279.331,-71.093,0.696,0.692,148.6,437.7,148.7,0.735,1.946,1.135,0.0,2.0,1.0,0.877,0.898,0.562,1.049,-0.307,3.6,1.0,0.79,0.798,1.946,1.135,0.0,2.0,1.0,0.877,0.898,-2.337,0.746,-0.53,2.0,1.0,0.844,0.847,-6.042,0.911,-3.565,-12.083,0.933,7.5,1.0
N220Y,-713.049,278.741,-72.059,0.701,0.692,148.8,438.1,149.5,0.817,2.049,1.18,0.0,2.0,1.0,0.848,0.794,0.432,1.011,-0.386,3.8,1.0,0.809,0.759,2.049,1.18,0.0,2.0,1.0,0.848,0.794,-2.443,0.736,-0.53,2.0,1.0,0.852,0.877,-6.306,0.858,-3.831,-12.612,0.943,7.8,1.0
N293A,-712.985,275.477,-70.701,0.697,0.691,143.8,437.1,149.2,0.69,1.545,0.692,0.0,2.0,1.0,0.853,0.829,-0.274,0.79,-0.717,4.7,1.0,0.744,0.722,1.545,0.692,0.0,2.0,1.0,0.853,0.829,-2.107,0.712,-0.537,2.0,0.0,0.869,0.858,-5.758,0.953,-3.657,-11.518,0.899,7.6,1.0
N293C,-711.938,276.634,-70.758,0.7,0.697,143.4,437.1,148.7,0.701,1.628,0.76,0.0,2.0,1.0,0.918,0.924,-0.227,0.781,-0.682,4.6,1.0,0.802,0.798,1.628,0.76,0.0,2.0,1.0,0.918,0.924,-2.295,0.674,-0.552,2.0,0.0,0.892,0.899,-5.845,0.92,-3.698,-11.688,0.901,7.6,1.0
N293D,-711.128,276.514,-70.543,0.705,0.694,145.7,437.7,147.1,0.728,1.998,0.993,0.0,2.0,1.0,0.894,0.873,0.189,0.873,-0.544,4.2,1.0,0.778,0.8,1.998,0.993,0.0,2.0,1.0,0.894,0.873,-2.119,0.722,-0.533,2.0,0.0,0.863,0.842,-5.753,0.903,-3.485,-11.505,0.9,7.2,1.0
N293K,-705.166,281.768,-71.646,0.698,0.695,145.6,438.1,145.5,0.702,1.755,1.178,0.0,2.0,1.0,0.857,0.86,0.315,1.185,-0.599,4.7,1.0,0.883,0.793,1.755,1.178,0.0,2.0,1.0,0.857,0.86,-2.041,0.778,-0.524,2.0,0.0,0.904,0.908,-5.595,0.845,-3.695,-11.189,0.903,7.8,1.0
N293Q,-709.726,280.229,-73.325,0.696,0.698,144.3,439.6,148.4,0.873,1.809,1.046,0.0,1.6,1.4,0.888,0.857,0.45,1.222,-0.782,4.9,1.0,0.801,0.78,1.809,1.046,0.0,1.6,1.4,0.888,0.857,-2.201,0.704,-0.54,2.0,0.0,0.842,0.851,-5.732,0.873,-3.858,-11.463,0.899,7.9,1.0
N293S,-712.01,275.922,-71.157,0.7,0.691,143.6,438.7,150.3,0.702,1.365,0.582,-0.278,2.9,0.9,0.812,0.795,-0.189,0.792,-0.688,4.5,1.0,0.679,0.756,1.365,0.582,-0.278,2.9,0.9,0.812,0.795,-2.268,0.602,-0.558,2.0,0.0,0.862,0.873,-5.703,0.986,-3.54,-11.403,0.908,7.4,1.0
N293T,-709.548,279.133,-71.513,0.698,0.691,142.4,437.3,148.8,0.707,2.944,1.292,0.0,2.0,1.0,0.861,0.883,-0.281,0.779,-0.749,4.4,1.0,0.82,0.834,2.944,1.292,0.0,2.0,1.0,0.861,0.883,-1.789,0.913,-0.634,2.4,0.0,0.894,0.895,-5.921,0.934,-3.713,-11.839,0.902,7.8,0.6
N354A,-707.849,278.139,-69.898,0.697,0.689,145.0,437.0,146.9,0.651,2.089,1.052,0.0,2.0,1.0,0.8,0.802,0.182,1.069,-0.691,4.7,1.0,0.773,0.777,2.089,1.052,0.0,2.0,1.0,0.8,0.802,-2.243,0.674,-0.535,2.0,0.0,0.837,0.846,-5.714,0.876,-3.72,-11.425,0.903,7.7,1.0
N404A,-709.124,277.943,-71.027,0.698,0.696,144.5,436.8,148.9,0.762,1.862,1.11,0.0,2.0,1.0,0.835,0.866,0.311,1.05,-0.603,4.4,1.0,0.795,0.734,1.862,1.11,0.0,2.0,1.0,0.835,0.866,-2.145,0.682,-0.538,2.0,0.0,0.839,0.843,-5.653,0.84,-3.524,-11.309,0.901,7.4,1.0
N404C,-710.841,277.975,-71.109,0.697,0.695,145.9,436.2,149.1,0.738,1.834,1.091,0.0,2.0,1.0,0.828,0.891,0.31,1.045,-0.594,4.3,1.0,0.843,0.835,1.834,1.091,0.0,2.0,1.0,0.828,0.891,-2.194,0.684,-0.545,2.0,0.0,0.792,0.857,-5.711,0.836,-3.561,-11.421,0.9,7.3,1.0
N404E,-710.374,279.251,-72.467,0.697,0.698,148.6,436.1,149.6,0.674,1.852,1.103,0.0,2.0,1.0,0.821,0.765,0.327,1.073,-0.605,4.4,1.0,0.785,0.772,1.852,1.103,0.0,2.0,1.0,0.821,0.765,-2.156,0.708,-0.538,2.0,0.0,0.842,0.865,-5.742,0.876,-3.617,-11.487,0.902,7.4,1.0
N404Q,-710.131,279.187,-71.926,0.704,0.701,148.1,436.9,148.7,0.758,1.803,1.069,0.0,2.0,1.0,0.871,0.825,0.222,1.03,-0.609,4.5,1.0,0.747,0.828,1.803,1.069,0.0,2.0,1.0,0.871,0.825,-2.202,0.696,-0.544,2.0,0.0,0.849,0.842,-5.65,0.884,-3.552,-11.3,0.9,7.3,1.0
N404S,-709.359,278.471,-71.628,0.693,0.692,146.4,436.8,147.8,0.71,1.888,1.088,0.0,2.0,1.0,0.825,0.836,0.227,1.083,-0.679,4.7,1.0,0.809,0.824,1.888,1.088,0.0,2.0,1.0,0.825,0.836,-2.169,0.698,-0.536,2.0,0.0,0.841,0.808,-5.761,0.858,-3.74,-11.52,0.902,7.7,1.0
P329N,-708.469,277.078,-71.247,0.699,0.699,145.4,438.7,147.8,0.905,1.848,1.078,0.0,2.0,1.0,0.851,0.862,0.264,1.061,-0.633,4.5,1.0,0.808,0.828,1.848,1.078,0.0,2.0,1.0,0.851,0.862,-2.27,0.691,-0.539,2.0,0.0,0.896,0.891,-5.759,0.858,-3.697,-11.519,0.902,7.5,1.0
Q124H,-707.851,278.343,-69.967,0.694,0.692,146.1,436.2,148.4,0.693,1.878,1.124,0.0,2.0,1.0,0.838,0.839,0.225,1.068,-0.678,4.7,1.0,0.729,0.723,1.878,1.124,0.0,2.0,1.0,0.838,0.839,-2.168,0.71,-0.529,2.0,0.0,0.887,0.851,-5.62,0.905,-3.623,-11.239,0.902,7.6,1.0
Q19A,-708.891,277.685,-68.766,0.698,0.692,146.7,433.6,146.9,0.829,1.876,1.084,0.0,2.0,1.0,0.823,0.847,0.283,1.043,-0.637,4.4,1.0,0.811,0.793,1.876,1.084,0.0,2.0,1.0,0.823,0.847,-2.318,0.665,-0.583,2.0,0.0,0.836,0.789,-4.837,0.95,-2.611,-9.676,0.9,5.4,1.0
Q19C,-708.267,277.652,-68.948,0.703,0.694,145.7,434.3,145.7,0.762,1.877,1.079,0.0,2.0,1.0,0.838,0.88,0.175,1.028,-0.68,4.6,1.0,0.785,0.806,1.877,1.079,0.0,2.0,1.0,0.838,0.88,-2.318,0.652,-0.584,2.0,0.0,0.866,0.882,-4.8,0.939,-2.625,-9.602,0.903,5.4,1.0
Q19N,-708.397,278.492,-70.012,0.696,0.697,143.7,436.4,148.1,0.678,1.903,1.127,0.0,2.0,1.0,0.829,0.836,0.147,1.101,-0.724,4.8,1.0,0.835,0.855,1.903,1.127,0.0,2.0,1.0,0.829,0.836,-2.203,0.684,-0.578,2.0,0.0,0.799,0.849,-4.655,0.911,-2.779,-9.312,0.9,5.8,1.0
Q19P,-711.496,279.6,-70.258,0.696,0.696,143.4,436.3,147.2,0.676,1.86,1.089,0.0,2.0,1.0,0.822,0.885,0.139,1.087,-0.756,4.8,1.0,0.808,0.785,1.86,1.089,0.0,2.0,1.0,0.822,0.885,-2.273,0.66,-0.584,2.0,0.0,0.832,0.905,-5.048,0.899,-2.836,-10.095,0.903,5.8,1.0
Q19S,-709.128,277.397,-69.441,0.703,0.693,144.7,435.3,146.8,0.754,1.831,1.056,0.0,2.0,1.0,0.879,0.883,0.262,1.072,-0.689,4.5,1.0,0.834,0.804,1.831,1.056,0.0,2.0,1.0,0.879,0.883,-2.328,0.662,-0.585,2.0,0.0,0.837,0.862,-4.917,0.913,-2.718,-9.837,0.901,5.5,1.0
Q313E,-710.394,278.978,-71.794,0.705,0.698,143.9,439.6,147.9,0.646,1.904,1.11,0.0,2.0,1.0,0.862,0.877,0.154,1.064,-0.722,4.8,1.0,0.742,0.774,1.904,1.11,0.0,2.0,1.0,0.862,0.877,-2.098,0.692,-0.536,2.0,0.0,0.891,0.898,-5.753,0.855,-3.777,-11.504,0.901,7.8,1.0
Q313R,-712.812,278.488,-72.441,0.7,0.69,145.9,440.7,147.9,0.771,1.865,1.086,0.0,2.0,1.0,0.885,0.873,0.194,1.06,-0.691,4.7,1.0,0.838,0.792,1.865,1.086,0.0,2.0,1.0,0.885,0.873,-2.188,0.706,-0.531,2.0,0.0,0.917,0.902,-5.794,0.884,-3.791,-11.589,0.903,7.7,1.0
R240A,-710.88,276.491,-69.496,0.7,0.693,147.5,436.0,147.1,0.699,1.882,1.092,0.0,2.0,1.0,0.859,0.87,0.2,0.985,-0.714,4.7,1.0,0.821,0.755,1.882,1.092,0.0,2.0,1.0,0.859,0.87,-2.196,0.702,-0.526,2.0,0.6,0.731,0.792,-5.532,0.892,-3.671,-11.067,0.927,7.7,1.0
R240D,-707.307,276.836,-69.747,0.694,0.688,148.9,435.6,148.9,0.703,1.916,1.134,0.0,2.0,1.0,0.763,0.81,0.233,1.022,-0.716,4.7,1.0,0.827,0.77,1.916,1.134,0.0,2.0,1.0,0.763,0.81,-2.129,0.681,-0.537,2.0,0.2,0.859,0.867,-5.642,0.855,-3.735,-11.287,0.929,7.7,1.0
R240E,-708.444,277.669,-69.744,0.697,0.687,147.0,436.4,148.1,0.686,1.903,1.108,0.0,2.0,1.0,0.794,0.795,0.203,1.021,-0.724,4.7,1.0,0.704,0.71,1.903,1.108,0.0,2.0,1.0,0.794,0.795,-2.15,0.689,-0.539,2.0,0.3,0.858,0.879,-5.58,0.869,-3.696,-11.158,0.927,7.7,1.0
R240K,-708.392,277.326,-68.914,0.691,0.689,147.5,435.2,147.1,0.724,1.878,1.109,0.0,2.0,1.0,0.85,0.831,0.296,0.993,-0.649,4.5,1.0,0.781,0.778,1.878,1.109,0.0,2.0,1.0,0.85,0.831,-2.194,0.687,-0.529,2.0,0.5,0.914,0.88,-5.572,0.859,-3.608,-11.144,0.921,7.5,1.0
R359E,-709.812,278.742,-71.243,0.705,0.691,146.0,437.0,148.8,0.665,1.891,1.103,0.0,2.0,1.0,0.838,0.831,0.259,1.06,-0.651,4.5,1.0,0.775,0.802,1.891,1.103,0.0,2.0,1.0,0.838,0.831,-2.155,0.697,-0.545,2.0,0.0,0.911,0.918,-5.723,0.847,-3.634,-11.448,0.905,7.5,1.0
R76A,-711.388,277.389,-67.986,0.683,0.683,140.8,435.8,147.4,0.665,1.828,1.063,0.0,2.0,1.0,0.827,0.831,0.566,1.091,-0.547,4.2,1.0,0.791,0.825,1.828,1.063,0.0,2.0,1.0,0.827,0.831,-2.182,0.705,-0.537,2.0,0.0,0.827,0.824,-5.474,0.906,-3.348,-10.947,0.901,7.1,1.0
R76Q,-709.996,278.502,-69.153,0.698,0.692,143.3,437.0,148.4,0.742,1.858,1.097,0.0,2.0,1.0,0.797,0.819,0.492,1.103,-0.578,4.3,1.0,0.719,0.734,1.858,1.097,0.0,2.0,1.0,0.797,0.819,-2.18,0.68,-0.547,2.0,0.0,0.871,0.892,-5.572,0.874,-3.435,-11.142,0.902,7.3,1.0
S14A,-711.807,278.28,-70.771,0.704,0.699,146.7,437.0,146.9,0.708,1.85,1.11,0.0,2.0,1.0,0.851,0.837,0.233,1.085,-0.687,4.7,1.0,0.847,0.826,1.85,1.11,0.0,2.0,1.0,0.851,0.837,-2.152,0.709,-0.535,2.0,0.0,0.861,0.849,-5.75,0.867,-3.711,-11.5,0.903,7.6,1.0
S16A,-711.366,278.583,-70.588,0.701,0.693,145.9,437.5,148.4,0.682,1.887,1.108,0.0,2.0,1.0,0.857,0.865,0.215,1.066,-0.666,4.7,1.0,0.835,0.843,1.887,1.108,0.0,2.0,1.0,0.857,0.865,-2.197,0.678,-0.538,2.0,0.0,0.927,0.914,-5.745,0.873,-3.691,-11.486,0.905,7.7,1.0
S16N,-707.057,279.891,-70.584,0.697,0.691,147.5,438.3,149.1,0.656,1.903,1.082,0.0,2.0,1.0,0.829,0.834,0.332,1.072,-0.576,4.2,1.0,0.846,0.829,1.903,1.082,0.0,2.0,1.0,0.829,0.834,-2.19,0.667,-0.543,2.0,0.0,0.867,0.856,-5.326,0.817,-3.222,-10.651,0.9,7.0,1.0
S16Q,-710.47,280.482,-69.025,0.704,0.697,147.4,438.4,148.1,0.728,1.876,1.063,0.0,2.0,1.0,0.798,0.842,0.46,1.065,-0.514,4.0,1.0,0.763,0.767,1.876,1.063,0.0,2.0,1.0,0.798,0.842,-2.199,0.673,-0.563,2.0,0.0,0.856,0.875,-5.363,0.819,-3.204,-10.729,0.9,7.0,1.0
S16T,-709.232,279.71,-70.161,0.697,0.696,147.5,438.2,146.2,0.679,1.813,1.021,0.0,2.0,1.0,0.914,0.896,0.387,1.064,-0.553,4.1,1.0,0.765,0.744,1.813,1.021,0.0,2.0,1.0,0.914,0.896,-2.242,0.668,-0.558,2.0,0.0,0.934,0.93,-5.648,0.876,-3.661,-11.299,0.9,8.1,1.0
S17A,-708.775,279.515,-70.455,0.695,0.689,147.5,436.4,148.1,0.71,1.817,1.119,0.0,2.0,1.0,0.865,0.817,0.312,1.064,-0.63,4.5,1.0,0.789,0.739,1.817,1.119,0.0,2.0,1.0,0.865,0.817,-2.19,0.691,-0.547,2.0,0.0,0.913,0.914,-5.519,0.887,-3.508,-11.036,0.902,7.5,1.0
S17E,-692.306,286.773,-67.394,0.699,0.697,150.7,433.7,145.7,0.709,1.798,1.073,0.0,2.0,1.0,0.848,0.834,0.184,1.024,-0.682,4.6,1.0,0.761,0.739,1.798,1.073,0.0,2.0,1.0,0.848,0.834,-2.23,0.679,-0.546,2.0,0.0,0.883,0.9,-5.521,0.907,-3.568,-11.042,0.9,7.4,1.0
S298E,-713.456,277.923,-72.826,0.693,0.692,149.5,438.1,149.9,0.803,1.973,1.14,0.0,2.0,1.0,0.863,0.815,0.099,1.016,-0.771,4.9,1.0,0.701,0.713,1.973,1.14,0.0,2.0,1.0,0.863,0.815,-2.129,0.705,-0.534,2.0,0.8,0.824,0.826,-5.778,0.879,-3.918,-11.558,0.928,7.9,1.0
S32L,-614.821,344.668,-69.514,0.704,0.697,152.0,431.8,149.9,0.694,2.04,1.215,0.0,2.0,1.0,0.844,0.851,0.025,1.009,-0.676,4.6,1.0,0.869,0.891,2.04,1.215,0.0,2.0,1.0,0.844,0.851,-2.012,0.765,-0.532,2.0,0.0,0.79,0.834,-5.636,1.011,-3.69,-11.272,0.895,7.6,1.0
S331A,-712.236,278.236,-71.395,0.701,0.701,144.9,437.4,148.7,0.754,1.873,1.1,0.0,2.0,1.0,0.774,0.842,0.245,1.064,-0.664,4.5,1.0,0.823,0.769,1.873,1.1,0.0,2.0,1.0,0.774,0.842,-2.19,0.696,-0.539,2.0,0.0,0.847,0.893,-5.762,0.87,-3.675,-11.526,0.901,7.5,1.0
S400A,-712.038,278.791,-71.174,0.701,0.695,144.3,439.6,149.4,0.773,1.882,1.014,0.0,2.0,1.0,0.869,0.867,0.248,1.042,-0.614,4.4,1.0,0.691,0.753,1.882,1.014,0.0,2.0,1.0,0.869,0.867,-2.112,0.698,-0.536,2.0,0.0,0.838,0.839,-5.649,0.849,-3.558,-11.296,0.901,7.4,1.0
T15A,-709.522,277.776,-70.348,0.693,0.687,145.5,437.2,146.9,0.71,1.866,1.068,0.0,2.0,1.0,0.883,0.873,0.32,1.064,-0.635,4.5,1.0,0.832,0.775,1.866,1.068,0.0,2.0,1.0,0.883,0.873,-2.159,0.702,-0.537,2.0,0.0,0.908,0.882,-5.665,0.871,-3.627,-11.332,0.903,7.5,1.0
T175R,-711.352,278.911,-71.329,0.699,0.693,144.2,438.6,148.9,0.661,1.898,1.102,0.0,2.0,1.0,0.864,0.864,0.136,1.084,-0.743,4.9,1.0,0.814,0.846,1.898,1.102,0.0,2.0,1.0,0.864,0.864,-2.139,0.702,-0.536,2.0,0.0,0.901,0.881,-5.822,0.879,-3.874,-11.647,0.906,7.9,1.0
T218A,-713.114,275.491,-69.695,0.698,0.695,143.7,437.3,147.9,0.689,1.597,0.868,0.0,2.0,0.8,0.786,0.786,-0.08,0.918,-0.674,4.6,1.0,0.789,0.808,1.597,0.868,0.0,2.0,0.8,0.786,0.786,-2.131,0.709,-0.532,2.0,0.0,0.929,0.888,-5.774,0.977,-3.638,-11.546,0.908,7.6,1.0
T296A,-709.88,278.073,-71.597,0.709,0.7,145.6,437.9,146.8,0.723,1.883,1.096,0.0,2.0,1.0,0.844,0.832,0.231,1.051,-0.655,4.6,1.0,0.773,0.771,1.883,1.096,0.0,2.0,1.0,0.844,0.832,-2.202,0.667,-0.55,2.0,0.0,0.929,0.926,-5.804,0.86,-3.74,-11.607,0.901,7.6,1.0
T296C,-708.916,279.199,-71.732,0.704,0.694,145.6,437.2,148.4,0.717,1.869,1.073,0.0,2.0,1.0,0.909,0.835,0.226,1.065,-0.652,4.5,1.0,0.725,0.731,1.869,1.073,0.0,2.0,1.0,0.909,0.835,-2.267,0.664,-0.542,2.0,0.0,0.879,0.876,-5.773,0.871,-3.685,-11.547,0.901,7.5,1.0
T296E,-708.072,278.777,-71.105,0.698,0.692,146.8,438.2,147.7,0.709,1.857,1.091,0.0,2.0,1.0,0.813,0.849,0.301,1.074,-0.649,4.5,1.0,0.797,0.833,1.857,1.091,0.0,2.0,1.0,0.813,0.849,-2.07,0.668,-0.536,2.0,0.0,0.885,0.833,-5.72,0.888,-3.649,-11.441,0.901,7.5,1.0
T352A,-712.098,277.194,-70.605,0.692,0.685,145.7,436.8,148.0,0.704,1.683,0.99,0.0,2.0,1.0,0.876,0.866,0.434,1.06,-0.58,4.2,1.0,0.817,0.778,1.683,0.99,0.0,2.0,1.0,0.876,0.866,-2.212,0.708,-0.538,2.0,0.0,0.896,0.905,-5.611,0.876,-3.477,-11.225,0.901,7.2,1.0
V147S,-707.964,278.29,-71.149,0.7,0.692,146.0,438.4,148.4,0.655,1.855,1.097,0.0,2.0,1.0,0.795,0.792,0.235,1.061,-0.658,4.6,1.0,0.82,0.788,1.855,1.097,0.0,2.0,1.0,0.795,0.792,-2.19,0.664,-0.542,2.0,0.0,0.862,0.87,-5.69,0.849,-3.623,-11.384,0.903,7.6,1.0
V311A,-710.223,276.699,-72.062,0.702,0.692,145.7,439.8,148.2,0.72,1.944,1.127,0.0,2.0,1.0,0.854,0.856,0.132,1.081,-0.731,4.8,1.0,0.769,0.77,1.944,1.127,0.0,2.0,1.0,0.854,0.856,-2.179,0.709,-0.529,2.0,0.0,0.898,0.899,-5.819,0.889,-3.826,-11.639,0.903,7.8,1.0
V311D,-701.599,279.846,-71.359,0.706,0.696,147.3,438.4,148.6,0.722,1.838,1.094,0.0,2.0,1.0,0.768,0.823,0.209,1.066,-0.678,4.7,1.0,0.835,0.825,1.838,1.094,0.0,2.0,1.0,0.768,0.823,-2.158,0.714,-0.54,2.0,0.0,0.843,0.876,-5.703,0.878,-3.729,-11.405,0.902,7.7,1.0
V320Q,-710.189,278.111,-70.899,0.698,0.691,146.3,438.6,148.4,0.682,1.839,1.097,0.0,2.0,1.0,0.789,0.799,0.339,1.093,-0.612,4.4,1.0,0.75,0.755,1.839,1.097,0.0,2.0,1.0,0.789,0.799,-2.209,0.698,-0.54,2.0,0.0,0.853,0.855,-5.565,0.889,-3.485,-11.131,0.901,7.4,1.0
V52G,-715.022,276.806,-71.665,0.698,0.695,145.0,437.5,148.2,0.755,1.868,1.099,0.0,2.0,1.0,0.86,0.858,0.163,1.059,-0.699,4.8,1.0,0.846,0.86,1.868,1.099,0.0,2.0,1.0,0.86,0.858,-2.172,0.706,-0.535,2.0,0.0,0.917,0.915,-5.783,0.882,-3.798,-11.561,0.901,7.8,1.0
W120A,-709.575,272.985,-70.874,0.685,0.678,148.0,437.5,149.1,0.883,1.854,1.013,0.0,2.0,1.0,0.781,0.76,0.651,0.806,-0.646,4.5,1.0,0.754,0.731,1.854,1.013,0.0,2.0,1.0,0.781,0.76,-2.271,0.649,-0.553,2.0,0.0,0.844,0.858,-5.032,0.812,-3.22,-10.065,0.9,7.1,1.0
W120F,-709.74,275.649,-69.932,0.686,0.684,146.3,435.9,148.3,0.653,1.837,1.028,0.0,2.0,1.0,0.794,0.831,0.463,0.928,-0.514,4.0,1.0,0.758,0.768,1.837,1.028,0.0,2.0,1.0,0.794,0.831,-2.189,0.658,-0.546,2.0,0.0,0.84,0.878,-4.998,0.79,-3.084,-9.997,0.905,6.6,1.0
W120H,-707.169,274.283,-68.633,0.697,0.686,151.8,436.0,147.9,0.928,1.853,1.067,0.0,2.0,1.0,0.844,0.829,0.537,1.031,-0.525,4.7,1.0,0.79,0.788,1.853,1.067,0.0,2.0,1.0,0.844,0.829,-2.274,0.618,-0.563,2.0,0.0,0.745,0.819,-4.762,0.77,-2.824,-9.528,0.908,6.3,1.0
W325A,-706.852,276.924,-71.017,0.701,0.698,142.2,438.6,146.5,0.657,1.792,1.075,0.0,2.0,1.0,0.888,0.869,0.322,1.062,-0.652,4.5,1.0,0.755,0.775,1.792,1.075,0.0,2.0,1.0,0.888,0.869,-1.384,0.534,-0.519,2.0,0.0,0.882,0.895,-5.003,0.745,-3.494,-10.003,0.863,7.5,0.0
W325C,-707.758,276.94,-71.367,0.692,0.689,144.7,438.4,147.5,0.708,1.856,1.098,0.0,2.0,1.0,0.893,0.897,0.337,1.085,-0.625,4.5,1.0,0.816,0.808,1.856,1.098,0.0,2.0,1.0,0.893,0.897,-1.347,0.529,-0.521,2.0,0.0,0.858,0.846,-5.144,0.75,-3.607,-10.293,0.863,7.5,0.1
W325E,-707.866,277.362,-72.298,0.701,0.694,146.1,439.8,146.6,0.671,1.875,1.099,0.0,2.0,1.0,0.851,0.867,0.302,1.079,-0.665,4.6,1.0,0.767,0.71,1.875,1.099,0.0,2.0,1.0,0.851,0.867,-1.361,0.561,-0.512,2.0,0.0,0.798,0.885,-5.089,0.79,-3.648,-10.179,0.862,7.6,0.0
W325G,-705.873,276.852,-71.422,0.707,0.695,143.5,439.1,147.9,0.672,1.829,1.096,0.0,2.0,1.0,0.921,0.906,0.249,1.052,-0.659,4.6,1.0,0.84,0.782,1.829,1.096,0.0,2.0,1.0,0.921,0.906,-1.311,0.515,-0.53,2.0,0.0,0.892,0.929,-5.144,0.775,-3.682,-10.288,0.862,7.6,0.1
W325H,-709.562,276.641,-72.016,0.706,0.698,145.2,439.6,147.2,0.738,1.84,1.075,0.0,2.0,1.0,0.865,0.861,0.109,1.06,-0.742,5.0,1.0,0.836,0.803,1.84,1.075,0.0,2.0,1.0,0.865,0.861,-1.682,0.589,-0.518,2.0,0.0,0.853,0.873,-5.397,0.828,-3.901,-10.793,0.894,7.9,1.0
W325K,-709.412,278.066,-71.577,0.701,0.696,144.2,439.1,148.3,0.834,1.882,1.097,0.0,2.0,1.0,0.901,0.907,0.228,1.064,-0.678,4.7,1.0,0.783,0.775,1.882,1.097,0.0,2.0,1.0,0.901,0.907,-1.607,0.611,-0.525,2.0,0.0,0.864,0.883,-5.76,0.93,-3.741,-11.516,0.912,7.7,1.0
W325L,-709.1,277.329,-71.564,0.704,0.698,142.9,439.0,147.8,0.721,1.882,1.115,0.0,2.0,1.0,0.875,0.894,0.165,1.04,-0.666,4.7,1.0,0.734,0.751,1.882,1.115,0.0,2.0,1.0,0.875,0.894,-1.632,0.572,-0.524,2.0,0.0,0.861,0.883,-5.259,0.749,-3.778,-10.515,0.879,7.7,0.0
W325R,-709.93,277.942,-71.643,0.705,0.702,145.7,439.5,146.4,0.644,1.811,1.071,0.0,2.0,1.0,0.916,0.878,0.371,1.044,-0.587,4.3,1.0,0.859,0.828,1.811,1.071,0.0,2.0,1.0,0.916,0.878,-1.694,0.587,-0.53,2.0,0.0,0.884,0.915,-6.148,0.925,-3.84,-12.299,0.91,8.3,1.0
W325Y,-710.7,277.118,-71.867,0.702,0.696,145.5,439.6,148.6,0.776,1.831,1.053,0.0,2.0,1.0,0.842,0.864,0.148,1.078,-0.725,5.0,1.0,0.732,0.733,1.831,1.053,0.0,2.0,1.0,0.842,0.864,-2.177,0.523,-0.508,2.0,0.0,0.858,0.85,-5.557,0.857,-3.902,-11.117,0.908,8.0,1.0
W34A,-707.221,274.483,-71.477,0.689,0.681,144.0,438.2,143.6,0.807,1.841,1.065,0.0,2.0,1.0,0.86,0.841,0.173,1.039,-0.686,4.8,1.0,0.864,0.864,1.841,1.065,0.0,2.0,1.0,0.86,0.841,-2.257,0.659,-0.549,2.0,0.0,0.869,0.875,-6.129,0.805,-3.931,-12.255,0.906,7.8,1.0
W34R,-706.302,277.562,-73.493,0.703,0.693,146.7,441.1,147.6,0.647,1.897,1.13,0.0,2.0,1.0,0.883,0.914,0.094,1.131,-0.766,5.0,1.0,0.844,0.847,1.897,1.13,0.0,2.0,1.0,0.883,0.914,-2.148,0.742,-0.536,2.0,0.0,0.866,0.876,-5.818,0.934,-3.943,-11.636,0.9,8.0,1.0
W399A,-706.788,276.098,-69.589,0.692,0.68,143.8,436.4,144.5,0.677,2.051,1.07,0.0,2.0,1.0,0.829,0.829,0.11,1.06,-0.696,4.7,1.0,0.779,0.751,2.051,1.07,0.0,2.0,1.0,0.829,0.829,-2.072,0.757,-0.538,2.0,0.0,0.876,0.872,-5.408,0.66,-3.392,-10.814,0.883,7.2,1.0
W399C,-707.414,275.997,-69.394,0.696,0.686,143.5,436.3,144.8,0.721,2.05,1.016,0.0,2.0,1.0,0.828,0.825,0.158,1.029,-0.636,4.4,1.0,0.723,0.71,2.05,1.016,0.0,2.0,1.0,0.828,0.825,-2.062,0.773,-0.557,2.0,0.0,0.846,0.836,-5.564,0.634,-3.438,-11.132,0.9,7.3,1.0
W399G,-705.907,275.251,-69.682,0.692,0.684,144.0,435.7,144.2,0.774,2.187,0.944,0.0,2.0,1.0,0.825,0.847,0.183,1.021,-0.605,4.2,1.0,0.763,0.725,2.187,0.944,0.0,2.0,1.0,0.825,0.847,-2.069,0.73,-0.561,2.0,0.0,0.861,0.911,-5.657,0.603,-3.495,-11.315,0.878,7.2,1.0
W399H,-706.208,277.742,-70.749,0.692,0.69,144.5,438.6,147.3,0.777,1.792,1.141,0.0,2.0,1.0,0.864,0.829,0.21,1.053,-0.677,4.5,1.0,0.798,0.827,1.792,1.141,0.0,2.0,1.0,0.864,0.829,-2.171,0.719,-0.524,2.0,0.0,0.864,0.87,-5.735,0.777,-3.951,-11.472,0.907,8.5,1.0
W399R,-702.894,280.286,-72.542,0.692,0.69,142.2,442.4,147.6,0.668,0.812,1.314,-0.945,4.0,1.0,0.86,0.836,0.009,1.123,-0.787,5.0,1.0,0.741,0.706,0.812,1.314,-0.945,4.0,1.0,0.86,0.836,-1.897,0.825,-0.543,2.0,0.0,0.881,0.875,-5.381,0.675,-3.883,-10.762,0.904,9.0,1.0
W399S,-708.249,275.95,-71.447,0.687,0.686,143.7,437.7,146.1,0.882,2.133,1.069,0.0,2.0,1.0,0.715,0.726,0.076,1.035,-0.699,4.6,1.0,0.692,0.738,2.133,1.069,0.0,2.0,1.0,0.715,0.726,-2.601,0.799,-1.205,3.0,0.0,0.88,0.835,-5.617,0.594,-3.609,-11.234,0.885,7.5,1.0
W407A,-705.298,273.906,-67.605,0.683,0.683,146.9,433.9,147.3,0.885,1.871,1.029,0.0,2.0,1.0,0.818,0.848,0.168,0.999,-0.694,4.6,1.0,0.818,0.8,1.871,1.029,0.0,2.0,1.0,0.818,0.848,-2.445,0.606,-0.631,2.0,0.0,0.947,0.95,-4.193,0.82,-2.007,-8.387,0.903,4.6,1.0
W407G,-704.328,273.292,-66.776,0.685,0.678,146.9,433.1,145.8,0.904,1.834,1.023,0.0,2.0,1.0,0.831,0.83,0.103,1.008,-0.716,4.7,1.0,0.739,0.763,1.834,1.023,0.0,2.0,1.0,0.831,0.83,-2.378,0.622,-0.618,2.0,0.0,0.889,0.913,-4.121,0.788,-1.981,-8.245,0.893,4.6,1.1
W407K,-700.487,276.436,-69.079,0.69,0.685,145.6,436.3,148.3,0.802,1.835,1.067,0.0,2.0,1.0,0.896,0.853,0.313,1.124,-0.649,4.5,1.0,0.826,0.839,1.835,1.067,0.0,2.0,1.0,0.896,0.853,-2.324,0.628,-0.587,2.0,0.0,0.878,0.918,-4.761,0.768,-2.565,-9.523,0.905,5.6,1.1
W407Q,-701.564,275.751,-68.106,0.688,0.684,146.4,434.3,147.6,0.942,1.902,1.095,0.0,2.0,1.0,0.863,0.852,0.346,1.087,-0.602,4.3,1.0,0.79,0.758,1.902,1.095,0.0,2.0,1.0,0.863,0.852,-2.35,0.615,-0.614,2.0,0.0,0.837,0.852,-4.427,0.816,-2.331,-8.852,0.902,5.0,1.0
W407R,-706.611,276.082,-69.985,0.698,0.695,149.7,436.9,148.1,0.666,1.794,1.069,0.0,2.0,1.0,0.887,0.898,0.358,1.096,-0.592,4.4,1.0,0.801,0.808,1.794,1.069,0.0,2.0,1.0,0.887,0.898,-2.26,0.658,-0.582,2.0,0.0,0.899,0.887,-5.083,0.789,-2.953,-10.165,0.904,6.2,1.0
W407Y,-706.47,278.025,-69.352,0.687,0.689,146.4,436.3,149.4,0.726,1.841,1.093,0.0,2.0,1.0,0.864,0.878,0.077,1.118,-0.77,4.9,1.0,0.822,0.812,1.841,1.093,0.0,2.0,1.0,0.864,0.878,-2.202,0.634,-0.559,2.0,0.0,0.85,0.852,-5.294,0.822,-3.201,-10.589,0.905,6.7,1.0
W409A,-710.864,277.725,-72.058,0.7,0.69,145.8,438.6,149.3,0.66,1.9,1.089,0.0,2.0,1.0,0.852,0.909,0.238,1.064,-0.668,4.5,1.0,0.822,0.814,1.9,1.089,0.0,2.0,1.0,0.852,0.909,-2.145,0.664,-0.557,2.0,0.0,0.835,0.842,-5.438,0.837,-3.63,-10.877,0.851,7.5,1.0
W409Y,-709.322,278.723,-71.747,0.696,0.688,143.8,438.5,149.2,0.731,1.909,1.125,0.0,2.0,1.0,0.844,0.837,0.189,1.024,-0.667,4.5,1.0,0.789,0.782,1.909,1.125,0.0,2.0,1.0,0.844,0.837,-2.17,0.689,-0.552,2.0,0.0,0.889,0.888,-5.507,0.794,-3.65,-11.018,0.887,7.5,1.0
Y166E,-709.036,276.011,-72.484,0.698,0.693,146.2,438.8,147.7,0.717,1.873,1.088,0.0,2.0,1.0,0.837,0.87,-0.017,1.004,-0.756,4.8,1.0,0.749,0.772,1.873,1.088,0.0,2.0,1.0,0.837,0.87,-2.167,0.697,-0.535,2.0,0.0,0.836,0.886,-5.836,0.855,-3.849,-11.671,0.902,7.8,1.0
Y166F,-710.714,278.285,-70.935,0.702,0.696,145.3,438.0,148.4,0.71,1.848,1.087,0.0,2.0,1.0,0.863,0.842,0.217,1.026,-0.602,4.4,1.0,0.881,0.875,1.848,1.087,0.0,2.0,1.0,0.863,0.842,-2.208,0.682,-0.542,2.0,0.0,0.886,0.913,-5.62,0.863,-3.547,-11.239,0.901,7.4,1.0
Y166P,-709.348,279.259,-72.461,0.696,0.694,145.6,440.7,150.5,0.667,1.901,1.133,0.0,2.0,1.0,0.82,0.84,0.004,1.155,-0.699,4.7,1.0,0.741,0.754,1.901,1.133,0.0,2.0,1.0,0.82,0.84,-2.149,0.688,-0.554,2.0,0.0,0.82,0.858,-5.725,0.87,-3.686,-11.449,0.907,7.7,1.0
Y18A,-707.665,277.03,-70.643,0.692,0.683,144.3,436.3,146.0,0.758,1.87,1.105,0.0,2.0,1.0,0.824,0.875,0.272,1.069,-0.646,4.6,1.0,0.785,0.825,1.87,1.105,0.0,2.0,1.0,0.824,0.875,-2.144,0.707,-0.531,2.0,0.0,0.879,0.876,-5.637,0.87,-3.571,-11.274,0.9,7.5,1.0
Y294A,-711.592,276.037,-72.175,0.694,0.694,144.3,438.3,147.8,0.921,1.922,1.115,0.0,2.0,1.0,0.828,0.831,0.006,1.032,-0.762,5.0,1.0,0.842,0.803,1.922,1.115,0.0,2.0,1.0,0.828,0.831,-1.779,0.575,-0.588,2.0,0.0,0.852,0.841,-5.933,0.872,-3.973,-11.866,0.901,8.0,1.0
Y294F,-712.511,278.254,-71.757,0.706,0.698,146.3,438.8,147.7,0.675,1.901,1.123,0.0,2.0,1.0,0.905,0.894,0.154,1.085,-0.724,4.8,1.0,0.791,0.767,1.901,1.123,0.0,2.0,1.0,0.905,0.894,-2.206,0.71,-0.527,2.0,0.0,0.849,0.882,-5.75,0.91,-3.79,-11.501,0.904,7.8,1.0
Y294H,-709.809,278.371,-71.119,0.698,0.696,145.7,438.4,147.3,0.697,1.883,1.137,0.0,2.0,1.0,0.829,0.811,0.283,1.07,-0.659,4.6,1.0,0.816,0.715,1.883,1.137,0.0,2.0,1.0,0.829,0.811,-2.068,0.614,-0.569,2.0,0.0,0.849,0.825,-5.794,0.878,-3.745,-11.585,0.901,7.6,1.0
Y294L,-705.402,279.733,-71.497,0.701,0.692,142.0,439.1,148.6,0.729,1.918,1.147,0.0,2.0,1.0,0.879,0.861,0.177,1.089,-0.69,4.8,1.0,0.783,0.769,1.918,1.147,0.0,2.0,1.0,0.879,0.861,-1.814,0.676,-0.542,2.0,0.0,0.838,0.795,-5.868,0.863,-3.832,-11.738,0.904,7.8,1.0
