description,total,fa_atr,fa_rep,fa_sol,fa_intra_rep,fa_elec,pro_close,hbond_bb_sc,hbond_sc,rama,omega,fa_dun,p_aa_pp,yhh_planarity
E281H,0.989,-0.621,0.020,-0.396,-0.002,0.140,-0.033,0.026,-0.007,0.188,0.000,-0.888,0.209,0.003
E222Y,-6.149,-7.222,1.494,-2.562,0.015,1.415,-0.024,-0.004,0.474,-0.140,0.000,-1.470,-0.281,0.032
E222R,-0.083,-3.363,0.147,2.551,-0.002,0.819,-0.017,-0.952,0.956,-0.124,0.000,-1.605,-0.132,0.002
E222Q,-2.453,-0.161,-0.045,-3.102,-0.001,0.459,-0.028,-0.003,0.183,-0.104,0.000,-0.046,-0.043,-0.004
N220A,1.125,4.652,-0.188,-4.797,-0.008,0.295,-0.042,-0.002,0.719,0.267,0.000,-1.991,0.255,0.000
L362M,-0.882,0.614,-0.157,0.163,-0.014,-0.197,0.003,-0.004,-0.001,0.035,0.000,-0.881,0.067,-0.001
M261E,6.287,-0.072,-0.420,7.925,0.004,-0.252,0.036,-0.018,0.008,-0.136,0.000,1.460,-0.037,-0.001
M261D,7.961,2.855,0.228,7.334,0.009,-0.915,0.030,-0.037,0.003,-0.065,0.000,0.234,0.161,0.006
M323T,3.249,4.212,-0.484,1.667,0.003,-0.365,0.019,0.133,-0.504,-0.025,0.000,-1.277,-0.080,-0.002
M221A,4.276,7.171,-1.199,-1.698,0.002,-0.114,-0.031,-0.004,-0.010,0.225,0.000,-0.840,0.248,0.001
M323K,4.952,-1.892,-0.183,6.622,0.005,-0.138,0.026,0.003,0.008,-0.043,0.000,1.235,-0.085,0.004
N163K,4.177,-4.243,4.152,6.059,0.017,-4.036,-0.040,0.019,-1.403,0.124,0.000,2.673,0.031,-0.009
N220E,4.224,-0.332,-0.148,2.643,-0.003,0.759,-0.022,0.011,0.609,0.074,0.000,1.434,-0.044,0.012
I91E,1.874,-0.025,-0.028,3.530,-0.016,-0.327,-0.027,0.001,-0.030,-0.462,0.000,2.475,-0.175,0.000
M323A,2.904,7.513,-1.338,-2.450,-0.002,-0.169,0.029,0.010,0.014,0.060,0.000,-1.345,0.063,-0.005
N220D,4.794,0.366,0.012,3.012,-0.002,1.231,-0.020,-0.009,0.617,-0.051,0.000,0.154,-0.078,0.000
L219A,6.715,6.455,-0.051,0.033,-0.008,-0.010,0.014,-0.001,-0.008,0.268,0.000,-0.244,0.255,-0.001
N163D,-0.559,0.783,0.428,3.907,0.016,-3.618,-0.028,0.002,-1.295,-0.049,0.000,-0.165,-0.099,-0.003
L219I,2.111,0.217,0.822,0.328,0.011,-0.155,0.001,0.000,-0.008,0.049,0.000,0.563,-0.034,-0.001
K341A,0.257,1.485,-0.016,-1.881,-0.007,0.343,0.015,0.007,-0.035,0.099,0.000,-0.871,-0.012,-0.003
L272N,1.834,0.815,-0.184,4.042,-0.004,-0.410,0.004,0.001,-0.016,-0.654,0.000,1.381,-1.188,-0.001
N163C,-2.359,5.145,-0.341,-5.362,-0.005,-0.947,-0.036,0.003,-0.021,0.043,0.000,-2.451,-0.018,-0.004
M358T,0.593,3.288,-0.105,1.569,0.003,-0.538,-0.020,0.002,0.014,-0.338,0.000,-2.756,-0.450,-0.029
N163S,-0.674,6.803,-0.721,-5.085,-0.014,-1.190,-0.041,0.025,-0.129,0.247,0.000,-2.275,0.361,-0.011
N163A,-2.007,7.481,-0.582,-7.882,-0.012,-0.910,-0.045,0.005,-0.292,0.411,0.000,-2.563,0.431,-0.015
H379T,3.794,10.287,-0.178,-3.028,-0.002,0.534,0.005,-0.018,-0.793,0.024,0.000,-2.892,0.056,-0.015
N163E,1.734,-2.589,1.328,6.577,0.011,-3.361,-0.040,0.009,-1.261,0.124,0.000,1.646,0.067,-0.006
H373R,-0.754,1.200,-0.351,3.314,-0.054,-2.277,0.004,0.000,-0.441,-0.002,0.000,-1.254,-0.177,-0.003
H315Y,-0.478,-0.493,0.073,-0.358,0.027,0.303,0.006,-0.024,0.030,-0.010,0.000,-0.048,0.212,0.028
H379R,8.902,-4.538,2.493,11.631,0.015,0.943,0.036,-0.554,0.019,-0.076,0.000,-0.218,-0.111,-0.025
E353A,-3.438,9.291,-1.504,-12.140,-0.007,1.372,-0.019,0.008,-0.038,0.114,0.000,-3.314,0.102,-0.038
I244M,1.717,-0.104,0.116,1.147,-0.019,0.155,-0.019,-0.022,-0.046,0.088,0.000,0.892,0.333,0.025
L171E,2.461,-0.561,-0.394,6.476,0.000,-2.505,0.018,-0.001,-1.269,-0.044,0.000,2.916,0.037,0.512
H315N,0.250,2.501,-0.036,-0.781,0.009,0.727,0.005,-0.027,0.001,-0.163,0.000,-0.251,-0.182,0.026
L171A,3.850,5.839,-0.338,-1.939,-0.008,0.130,0.016,-0.003,0.041,0.017,0.000,-0.117,0.202,-0.002
A408A,0.000,0.000,0.000,0.000,0.000,0.000,0.000,0.000,0.000,0.000,0.000,0.000,0.000,0.000
H315R,1.366,2.885,-0.035,-1.096,0.007,0.305,0.004,-0.006,0.008,0.056,0.000,-0.582,0.529,0.003
E388C,-0.935,1.318,-0.519,-1.778,-0.005,0.185,-0.012,0.001,-0.004,-0.001,0.000,-2.363,-0.162,0.002
L171M,1.869,0.156,-0.563,0.667,-0.001,0.003,0.017,-0.007,0.002,-0.001,0.000,2.034,0.072,0.000
L108N,-1.041,-0.093,-0.476,1.266,-0.002,-0.381,0.017,-0.002,0.010,0.105,0.000,0.247,0.221,-0.001
L171D,3.929,0.836,-0.431,6.580,-0.004,-2.560,-0.005,-0.006,0.038,-0.059,0.000,1.918,-0.020,0.033
I244E,5.133,-2.134,-0.100,8.207,-0.013,-0.367,-0.036,-0.011,-0.988,0.032,0.000,3.228,0.315,0.042
I244V,-3.845,-1.034,-0.068,2.494,0.001,-3.861,-0.002,-0.021,-2.784,0.012,0.000,1.340,0.120,0.058
L171R,4.812,-2.172,-0.116,6.668,0.000,-0.088,0.038,0.006,-0.014,-0.001,0.000,1.517,0.036,0.023
H178K,4.687,2.713,-0.201,1.970,0.007,0.732,-0.075,0.000,-0.023,0.141,0.000,0.056,0.113,0.001
E406A,-1.412,9.252,-0.650,-11.407,-0.007,1.003,0.000,0.054,1.293,-0.094,0.000,-3.552,-0.044,0.007
H178N,2.185,4.644,-0.729,0.620,0.002,-0.245,-0.033,-0.579,-0.016,0.181,0.000,-0.410,0.330,-0.001
G153A,32.924,-2.721,27.187,0.314,0.013,-0.413,-0.003,-0.003,-0.006,1.505,0.000,3.704,2.745,0.001
H178F,0.007,-1.978,3.071,-3.350,0.025,0.312,-0.082,0.060,-0.012,0.030,0.000,1.683,0.018,-0.001
H178C,2.634,8.702,-0.852,-3.189,-0.002,0.248,-0.021,0.019,-0.034,0.021,0.000,-2.357,0.066,-0.019
F415N,3.430,6.875,-1.309,3.971,-0.032,-1.221,-0.026,-0.021,-1.450,-0.079,0.000,-1.275,-0.186,-0.006
F343S,7.947,11.247,-0.264,-1.669,-0.031,0.280,0.023,0.001,0.004,-0.035,0.000,-2.629,1.489,-0.014
F72H,5.975,2.847,-0.574,3.792,-0.025,-0.083,0.047,0.002,0.013,0.044,0.000,0.086,0.063,-0.006
H178A,3.444,10.461,-0.809,-5.105,-0.002,0.253,-0.038,0.002,-0.015,0.296,0.000,-2.553,0.569,0.000
H178R,6.042,-0.391,-0.216,5.575,0.011,0.706,-0.057,0.011,0.003,0.061,0.000,0.823,0.231,-0.003
E406N,-1.738,3.381,-0.452,-5.914,-0.002,0.954,0.008,0.060,1.272,-0.218,0.000,-1.162,-0.437,0.002
H315E,1.015,3.034,-0.030,-1.040,0.004,0.390,0.004,-0.027,0.002,0.112,0.000,0.615,0.273,0.028
K413A,1.899,7.859,-0.502,-7.619,-0.007,2.351,0.010,0.464,-0.059,0.254,0.000,-2.173,0.164,0.026
H119S,-1.858,12.160,-0.777,-6.002,-0.043,-1.884,0.000,0.020,-3.012,0.486,0.000,-3.382,0.804,-0.004
F415A,4.803,13.852,-2.130,-3.177,-0.035,0.090,0.015,-0.023,-0.825,-0.078,0.000,-2.969,-0.064,-0.007
F415D,9.578,9.595,-2.041,5.598,-0.025,-0.433,-0.037,0.017,-0.527,-0.138,0.000,0.032,-0.221,0.007
H119D,2.446,6.862,0.051,2.267,-0.024,-3.229,-0.015,-0.098,-1.159,0.368,0.000,-1.368,0.788,0.021
H101R,0.859,3.138,-0.423,-0.518,0.008,0.260,0.013,0.001,-0.108,-0.172,0.000,-0.389,-0.238,0.000
F405A,11.698,18.334,-1.006,-4.144,-0.026,0.107,0.002,0.045,0.000,0.147,0.000,-2.316,0.412,-0.010
F248K,14.283,5.172,-0.879,8.452,-0.014,0.846,-0.001,-0.001,0.111,0.005,0.000,1.404,0.171,-0.005
G355A,1.015,-3.960,3.148,0.006,0.001,-0.023,0.005,0.049,-0.742,0.872,0.000,-0.175,1.255,-0.021
H315A,0.990,4.012,-0.025,-2.347,-0.002,0.280,0.000,-0.007,0.011,0.192,0.000,-2.004,0.492,0.002
E164D,0.997,1.624,-0.927,0.311,-0.001,-0.233,-0.019,-0.004,1.704,-0.183,0.000,-1.572,-0.037,0.002
H315D,1.622,2.457,-0.029,0.900,0.014,1.002,0.014,-0.025,-0.011,-0.210,0.000,-0.256,-0.244,0.029
E426S,-0.320,1.165,-0.005,-0.716,-0.003,-0.114,0.000,-0.002,-0.310,-0.051,0.000,-2.176,-0.235,0.001
H119A,-1.233,12.776,-0.667,-8.461,-0.040,-1.409,0.018,0.020,-0.706,0.390,0.000,-4.313,0.777,-0.003
E177N,-1.289,-0.135,-0.027,-0.561,0.000,-0.118,0.027,-0.006,0.012,0.060,0.000,-1.307,0.000,-0.004
H119E,6.151,2.360,2.193,6.071,-0.034,-4.075,0.008,-0.217,-3.351,0.339,0.000,4.306,0.909,-0.008
E177K,-1.531,0.076,-0.014,-1.393,0.000,0.118,0.020,0.001,0.004,-0.002,0.000,-1.973,0.033,-0.005
E222H,-4.214,-4.012,0.090,-2.487,-0.012,0.994,-0.017,-0.526,1.872,-0.099,0.000,-2.186,-0.171,-0.009
E222K,-0.690,0.362,0.106,-2.249,-0.010,1.097,-0.021,-0.002,0.965,-0.026,0.000,-2.498,-0.016,-0.001
E222A,-1.694,5.270,-0.041,-8.178,-0.013,0.965,-0.030,-0.001,0.961,0.158,0.000,-3.620,0.094,0.006
E177D,-1.561,-0.128,0.093,1.307,-0.003,-1.555,-0.013,-0.004,-0.718,-0.008,0.000,-0.728,-0.132,-0.002
E177A,-1.221,2.276,-0.049,-3.563,-0.004,-0.090,0.013,-0.003,0.014,0.084,0.000,-2.811,0.178,-0.002
H119N,-0.139,6.272,0.104,-1.046,-0.034,-1.565,-0.003,0.013,-1.220,0.107,0.000,-1.480,0.295,-0.002
E177S,-2.402,1.046,0.149,-0.630,-0.003,-1.306,-0.042,0.000,-1.245,0.021,0.000,-2.468,-0.051,0.000
E164G,-0.226,11.358,-2.167,-11.248,-0.008,1.619,0.021,-0.004,2.095,0.079,0.000,-4.179,0.074,-0.001
E406Q,-2.452,1.715,-0.434,-6.226,0.010,0.830,-0.009,0.057,1.291,-0.096,0.000,0.110,-0.148,0.004
E353F,21.787,-8.074,10.869,-4.226,0.031,3.992,-0.001,-0.036,6.332,-0.093,0.000,10.452,0.000,-0.039
N220R,2.028,-2.197,-0.375,4.879,0.006,-2.012,-0.011,-0.011,-0.036,0.058,0.000,0.888,-0.029,0.003
E177L,-2.451,-0.221,0.044,-2.315,0.004,0.162,0.005,-0.003,0.008,0.050,0.000,-2.817,-0.089,-0.002
N220S,1.756,4.417,-0.179,-3.264,-0.007,-0.118,-0.016,-0.006,0.710,0.184,0.000,-1.649,0.328,0.000
E154D,0.054,-0.343,0.006,1.183,-0.002,-0.308,0.007,-0.001,-0.002,-0.162,0.000,-0.223,-0.436,0.002
E164A,-0.732,8.306,-1.813,-10.413,-0.005,1.542,-0.018,-0.001,2.149,0.176,0.000,-4.121,0.730,0.003
N220W,-4.398,-12.094,1.183,4.230,0.024,-1.742,-0.043,-0.012,-0.395,0.001,0.000,2.077,-0.056,0.004
D403A,2.018,8.586,-0.565,-13.699,-0.004,5.398,-0.028,0.807,1.792,-0.155,0.000,-2.347,-0.175,0.002
E164R,1.606,-6.202,1.754,5.456,-0.028,-0.164,0.022,0.063,-0.111,-0.179,0.000,-0.593,-0.046,-0.003
G12N,135.984,-14.242,112.535,9.982,1.261,0.841,-0.010,-0.021,0.041,0.031,0.000,26.597,0.304,0.029
A249E,8.162,-8.884,3.243,11.798,0.009,-0.705,-0.026,0.002,-0.008,-0.110,0.000,5.786,-0.207,-0.001
I244N,0.728,-1.807,0.257,6.241,-0.009,-3.087,-0.012,-0.782,-2.647,0.207,0.000,4.280,0.320,0.038
C167A,-0.296,1.739,0.050,-1.993,0.001,0.230,-0.019,-0.006,0.015,-0.116,0.000,-0.104,-0.423,-0.001
D121F,12.276,-12.796,19.913,-3.818,0.040,1.099,0.022,0.179,-0.577,0.045,0.000,5.784,0.136,-0.003
E406V,-3.331,4.121,-0.339,-9.983,0.032,0.994,0.008,0.055,1.278,0.405,0.000,-3.295,0.447,0.005
A227W,-0.644,-4.744,0.221,0.734,0.047,0.015,0.034,0.505,-0.616,0.046,0.000,2.419,0.234,0.000
E406D,1.445,3.807,-0.349,-2.164,0.001,0.419,-0.014,0.048,1.293,-0.197,0.000,-1.291,-0.443,0.003
D322A,-2.086,4.755,-0.269,-6.235,0.000,2.189,0.028,-0.026,0.392,-0.052,0.000,-5.323,0.052,0.000
N220Y,-4.899,-7.619,1.228,1.619,0.022,-1.509,-0.023,-0.014,-0.517,0.006,0.000,0.589,-0.100,0.066
A356A,0.000,0.000,0.000,0.000,0.000,0.000,0.000,0.000,0.000,0.000,0.000,0.000,0.000,0.000
C167F,1.348,-10.621,5.549,2.036,0.041,0.351,0.012,-0.004,-0.326,0.010,0.000,4.191,-0.066,0.001
C167Q,5.867,-7.740,5.841,5.528,0.013,-0.398,0.025,0.007,-0.526,-0.073,0.000,5.557,-0.402,-0.004
A357A,0.000,0.000,0.000,0.000,0.000,0.000,0.000,0.000,0.000,0.000,0.000,0.000,0.000,0.000
I300N,-4.082,0.945,-4.222,6.659,-0.045,-0.894,0.005,-0.002,-1.156,0.178,0.000,-3.742,0.464,0.000
C167S,-0.510,0.823,-0.092,0.626,0.001,-2.020,-0.004,-0.010,-0.356,-0.054,0.000,0.995,-0.123,-0.018
A192S,0.531,-1.609,0.072,4.246,0.000,-1.665,0.006,0.006,-1.419,0.106,0.000,1.010,0.363,0.022
A236E,63.194,-4.966,35.739,7.884,0.894,1.709,0.004,0.654,-0.123,-0.076,0.000,24.127,0.075,0.009
N220K,1.902,-0.257,0.264,1.846,-0.003,-0.484,-0.037,-0.006,0.532,0.058,0.000,-0.849,0.003,0.001
N293A,-2.470,8.562,-2.821,-9.935,-0.006,1.714,-0.019,-0.003,1.245,0.055,0.000,-3.054,-0.168,-0.005
N293C,-2.016,5.851,-1.996,-6.878,-0.006,1.537,0.033,-0.004,1.318,-0.191,0.000,-2.801,-0.508,-0.007
N293K,3.766,-1.720,1.094,1.871,0.002,-0.006,0.001,0.008,1.181,-0.229,0.000,1.028,-0.263,-0.034
N293S,-2.096,7.589,-2.393,-6.732,-0.004,0.503,0.028,-0.002,-0.150,-0.039,0.000,-2.102,-0.135,-0.016
N293D,4.374,0.495,-1.429,3.312,-0.003,1.562,0.000,0.001,0.919,0.148,0.000,-0.237,0.044,0.000
N293Q,4.437,-1.766,0.177,-0.785,0.002,3.135,0.005,0.005,1.720,-0.197,0.000,2.725,-0.281,0.025
N354A,3.306,6.762,0.367,-6.846,-0.004,1.431,0.011,0.654,1.275,0.129,0.000,-2.916,0.498,-0.019
N293T,0.537,4.905,-1.071,-4.878,0.003,1.141,0.008,0.000,1.330,-0.147,0.000,-1.765,-0.365,-0.017
N404Q,0.701,-3.029,0.530,1.341,-0.003,0.319,-0.021,0.713,-0.844,0.254,0.000,1.037,0.734,-0.004
N404C,0.799,5.686,-0.018,-5.821,-0.008,0.425,-0.002,1.056,0.023,-0.085,0.000,-2.160,0.068,0.001
N220Q,0.438,-0.637,-0.071,0.090,-0.002,-0.138,-0.030,-0.013,0.351,0.114,0.000,1.043,0.053,0.006
N220G,2.642,7.396,-0.700,-5.684,-0.007,0.019,-0.038,-0.009,0.321,0.776,0.000,-1.605,0.809,0.001
Q19A,0.485,11.744,-2.018,-9.157,-0.011,0.992,-0.047,-0.008,-0.005,-0.063,0.000,-3.215,-0.024,0.006
N404E,3.977,-2.465,0.093,5.229,-0.003,-0.787,-0.023,1.060,-1.318,0.376,0.000,1.829,0.761,-0.007
N404A,1.419,8.212,-0.106,-8.482,-0.009,0.256,0.002,1.055,0.158,0.290,0.000,-2.405,0.484,0.000
Q19P,7.700,6.879,6.235,-8.813,-0.009,0.531,3.214,0.018,0.187,0.153,0.000,-2.340,0.377,0.001
Q19N,1.782,3.031,0.489,-1.272,-0.001,0.653,0.007,-0.038,0.000,0.181,0.000,-1.832,0.237,0.002
P329N,5.551,-0.928,-0.662,4.141,0.008,-0.539,-0.083,-0.132,0.032,0.210,0.000,3.701,0.776,-0.031
N220H,-2.024,-4.201,-0.246,0.443,-0.004,-0.098,-0.019,-0.005,-0.268,0.058,0.000,0.812,-0.076,0.000
Q19C,1.459,9.018,-0.951,-6.507,-0.010,0.846,-0.045,-0.016,-0.017,0.066,0.000,-3.250,0.359,0.005
N404S,2.001,7.368,-0.230,-5.514,-0.006,-0.004,-0.005,1.079,0.109,-0.002,0.000,-2.188,0.047,-0.010
Q284R,1.306,-1.355,0.081,2.051,0.004,-0.512,0.024,0.036,-0.007,-0.001,0.000,-0.806,0.597,0.002
Y166E,9.868,6.334,-1.311,4.844,-0.020,-0.227,-0.026,0.000,0.039,-0.188,0.000,2.449,0.096,0.003
Q313R,1.615,-1.249,0.093,2.730,0.006,-0.702,-0.022,-0.034,-0.688,0.053,0.000,0.215,0.034,-0.016
Y294F,-0.852,2.064,-0.407,-4.002,0.000,0.652,-0.024,-0.002,0.144,0.079,0.000,0.144,0.226,-0.184
R240E,3.590,3.214,-0.197,-2.057,-0.008,2.429,0.008,-0.020,1.896,-0.063,0.000,0.013,0.015,-0.003
Q313E,1.625,0.345,0.033,2.058,0.001,-0.229,0.011,-0.004,0.006,0.056,0.000,-0.182,-0.025,-0.002
Q124H,1.749,0.018,0.040,-1.825,-0.005,1.025,-0.019,-0.020,0.894,0.087,0.000,-0.606,0.278,-0.022
W409Y,0.631,3.923,-0.200,-1.446,0.002,0.019,-0.010,0.000,0.002,-0.085,0.000,-0.462,-0.062,0.021
Q19S,1.397,10.839,-1.909,-6.020,-0.006,-0.307,-0.022,-0.279,-0.739,-0.019,0.000,-1.981,0.197,-0.038
R240A,0.657,9.367,-0.289,-10.655,-0.016,2.621,-0.014,-0.019,1.880,-0.002,0.000,-3.246,-0.068,-0.001
R240D,7.543,4.546,-0.061,-0.984,-0.015,3.490,-0.009,-0.019,1.938,0.066,0.000,-0.293,0.190,-0.001
R240K,1.771,3.222,-0.212,-4.349,-0.009,2.140,0.012,-0.021,1.887,-0.043,0.000,-0.898,0.077,-0.002
R359E,0.159,0.984,-0.116,-1.082,-0.003,0.812,0.011,0.006,0.397,-0.006,0.000,0.829,-0.035,-0.001
S14A,1.425,1.443,0.027,-4.521,-0.003,1.189,-0.045,1.167,1.707,0.169,0.000,-0.425,0.052,0.057
S16N,2.058,-7.787,2.202,5.705,-0.021,-0.214,-0.019,-0.272,-1.345,0.232,0.000,4.263,0.639,0.031
S298E,-2.242,-7.599,0.717,8.115,0.003,-1.841,-0.013,0.001,-2.449,-0.038,0.000,2.976,-0.002,0.015
T296E,7.126,-4.138,0.283,5.007,-0.004,0.750,0.021,0.807,-0.270,0.127,0.000,6.536,0.163,0.006
R76Q,-3.520,5.698,-0.092,-9.923,-0.004,-0.005,-0.017,-0.041,1.888,-0.075,0.000,0.290,-0.037,-0.009
R76A,-2.616,13.893,-0.548,-17.623,-0.011,0.662,-0.056,-0.043,2.586,0.108,0.000,-2.755,0.080,-0.008
T15A,1.782,3.657,-0.752,-3.820,-0.004,0.239,0.007,-0.075,0.779,0.530,0.000,-0.162,0.816,-0.005
S400A,0.142,1.306,-0.065,-4.328,-0.003,0.622,-0.046,0.025,0.000,-0.155,0.000,-0.719,2.896,0.000
S16T,6.120,-3.082,2.789,1.958,-0.014,1.567,0.034,-0.092,1.039,0.072,0.000,1.571,0.231,0.011
S17A,-1.872,1.390,-0.249,-3.993,0.000,-0.245,0.050,0.050,1.461,-0.337,0.000,-0.708,0.080,0.021
S331A,-1.712,0.591,0.022,-3.636,0.003,0.406,0.001,-0.006,-0.094,-0.003,0.000,0.563,0.028,-0.195
S16Q,2.441,-11.704,4.746,7.423,0.006,-0.163,0.017,-1.961,1.039,0.028,0.000,4.495,0.180,0.018
T175R,0.672,-1.446,0.165,0.771,0.008,-0.298,-0.004,0.001,-0.219,0.063,0.000,2.053,0.096,0.006
T296C,1.133,1.356,-0.166,-2.292,-0.008,0.609,-0.014,1.065,-0.017,-0.012,0.000,0.229,0.133,0.008
Y294L,6.109,10.129,2.091,-6.986,0.018,0.782,-0.015,0.001,-0.539,0.196,0.000,-0.478,0.509,-0.199
T218A,0.241,4.076,-1.701,-6.064,-0.014,1.110,0.015,0.004,1.862,0.265,0.000,-0.384,0.511,-0.010
V147S,2.297,1.714,-0.249,1.578,-0.014,-0.274,-0.016,0.003,-0.007,-0.055,0.000,0.192,0.242,-0.003
S17E,33.284,-10.373,15.817,10.632,0.045,1.192,-0.005,-0.043,3.067,-0.531,0.000,15.216,0.180,0.212
W120A,4.928,21.903,-3.118,-9.971,-0.086,-0.547,-0.027,0.726,-1.242,0.352,0.000,-2.637,0.055,-0.018
W325L,1.470,8.584,-1.192,-2.233,-0.022,-0.941,-0.024,-0.023,-0.012,0.016,0.000,-2.103,-0.111,0.004
T296A,0.901,3.011,-0.168,-4.081,-0.013,0.849,0.005,1.062,-0.021,0.029,0.000,-0.153,-0.194,0.002
V320Q,1.041,-3.650,0.022,4.270,-0.011,-0.163,0.005,0.000,-0.007,0.135,0.000,2.616,0.322,-0.001
W325A,4.637,12.856,-1.282,-3.013,-0.030,-1.012,-0.023,-0.012,-0.010,0.183,0.000,-2.922,0.357,0.005
S32L,181.712,-9.158,98.498,0.004,0.784,1.850,59.082,1.447,1.405,0.103,0.000,26.813,0.266,0.022
W325Y,1.741,4.439,-1.177,-0.463,0.013,-0.996,0.021,0.027,-0.012,-0.007,0.000,1.022,-0.059,0.004
V52G,-1.080,3.966,-0.998,-2.526,-0.013,0.232,-0.030,-0.041,0.026,-0.360,0.000,-0.176,-0.349,-0.005
T352A,0.141,3.625,-0.242,-4.860,-0.005,0.545,-0.002,0.000,0.238,0.041,0.000,0.030,0.195,0.004
W399A,7.488,21.415,-1.454,-12.286,-0.040,1.522,-0.006,-0.022,0.858,0.093,0.000,-2.364,0.202,0.030
W120F,5.401,7.001,3.503,-5.577,-0.005,-0.017,0.016,0.736,-1.354,0.195,0.000,1.376,0.148,-0.007
W325G,7.031,15.098,-1.354,-3.348,-0.031,-1.061,-0.040,0.023,-0.023,0.797,0.000,-2.923,0.948,0.007
W325K,6.327,7.403,-1.138,2.811,-0.027,0.459,-0.004,-0.004,-0.006,0.024,0.000,-1.688,0.091,-0.001
W325E,5.752,7.730,-1.288,3.943,-0.025,-1.689,-0.025,-0.009,-0.016,0.044,0.000,0.202,0.077,0.004
W325H,3.512,6.204,-1.248,0.452,-0.024,-1.210,-0.016,-0.003,-0.006,0.025,0.000,0.168,0.012,0.004
W34A,12.529,24.384,-2.656,-6.181,-0.029,0.253,0.052,-0.024,-0.025,-0.042,0.000,-2.695,-0.073,0.025
W325R,5.786,5.985,-1.275,3.891,-0.018,-0.554,-0.009,-0.002,-0.024,0.053,0.000,-0.738,0.030,0.006
W120H,3.277,10.083,-2.660,-3.486,-0.058,-0.047,0.015,0.729,-1.325,0.116,0.000,-0.362,1.131,-0.014
W407K,14.237,13.141,-0.851,3.162,-0.024,1.009,0.011,-0.013,0.020,0.213,0.000,-0.966,0.123,0.004
S16A,-1.864,1.147,0.192,-3.298,0.021,-0.322,0.001,-0.298,0.193,0.095,0.000,-0.226,0.025,-0.002
W325C,4.571,11.735,-1.285,-1.687,-0.029,-0.978,-0.010,-0.004,-0.018,-0.052,0.000,-2.320,0.005,0.006
W399R,11.098,9.384,-0.964,4.252,-0.012,-0.684,-0.022,-0.032,-1.014,0.082,0.000,1.539,0.098,0.028
Y294H,1.295,5.597,-1.846,-1.190,-0.040,0.462,-0.032,-1.486,0.619,-0.227,0.000,-0.492,-0.099,-0.196
W407R,11.436,6.704,-1.762,8.638,-0.033,0.367,-0.049,0.022,0.010,0.539,0.000,-0.915,-0.530,0.005
W399G,7.469,24.982,-1.259,-14.508,-0.040,1.428,-0.018,-0.001,-0.706,0.626,0.000,-2.659,0.684,0.001
W407G,8.573,26.308,-4.102,-8.235,-0.049,0.622,-0.008,0.025,0.014,-0.396,0.000,-3.277,-1.273,0.003
W399C,7.430,19.894,-1.486,-10.272,-0.039,1.439,-0.015,-0.016,0.846,-0.033,0.000,-2.087,-0.038,0.029
W407A,8.811,23.460,-3.212,-7.991,-0.048,0.751,0.012,0.119,0.024,0.037,0.000,-3.392,-0.487,-0.002
W409A,4.259,10.487,-0.690,-3.154,-0.028,0.046,0.014,0.001,0.011,0.154,0.000,-2.534,0.415,-0.001
W399S,7.362,20.598,-1.242,-9.648,-0.039,0.847,0.009,0.007,-0.443,0.168,0.000,-2.052,0.213,0.011
W34R,13.474,7.190,-0.547,10.162,-0.028,-0.831,0.016,0.037,-1.866,-0.020,0.000,0.996,-0.096,0.020
W399H,5.204,11.269,-0.692,-4.578,-0.036,0.181,0.011,0.017,0.102,0.023,0.000,-0.308,0.043,0.019
W407Q,9.100,14.080,-2.430,-1.106,-0.022,0.974,0.016,0.049,0.023,0.068,0.000,0.223,-0.028,0.004
W407Y,5.767,6.898,-0.105,-0.475,0.001,0.096,0.000,-0.025,-0.116,0.368,0.000,0.555,-0.482,0.122
Y294A,6.163,18.140,-1.260,-8.682,-0.044,0.736,-0.042,0.004,-0.405,-0.033,0.000,-2.688,0.021,-0.196
Y166F,-0.631,0.929,0.181,-2.036,-0.001,0.138,0.033,0.002,-0.010,-0.053,0.000,-0.281,0.008,0.004
V311A,-7.665,5.564,-6.176,-1.321,-0.043,-0.049,-0.010,-0.001,0.021,0.419,0.000,-6.535,0.681,-0.009
Y18A,6.559,15.620,-1.948,-7.798,-0.034,0.888,0.013,1.343,-0.005,-0.105,0.000,-1.791,-0.216,-0.019
Y166P,8.762,8.356,6.384,-5.202,-0.036,-1.309,1.910,0.022,-0.130,0.222,0.000,-1.837,0.816,-0.022
Y295A,5.366,15.037,-2.035,-7.358,-0.027,-0.511,-0.040,-0.001,0.031,0.540,0.000,-1.797,0.925,-0.009
Y295G,7.544,17.211,-2.398,-7.453,-0.027,-0.598,-0.046,-0.009,-0.007,0.722,0.000,-1.846,1.996,-0.015
V311D,-3.481,-2.852,-5.337,11.980,-0.039,-1.742,0.006,0.185,-0.559,0.483,0.000,-3.960,0.973,-0.008
W409E,6.331,7.681,-0.234,1.424,-0.021,-0.037,0.003,-0.010,0.000,0.077,0.000,0.526,0.118,-0.001
