well,rate,mutant,protein_yield,dilution,note
A1,1.75E-01,W409Y,2.01,0.01,
B1,1.58E-01,W409Y,2.01,0.01,
C1,1.04E-01,W409Y,2.01,0.01,
D1,4.61E-02,W409Y,2.01,0.01,
E1,1.70E-02,W409Y,2.01,0.01,
F1,5.85E-03,W409Y,2.01,0.01,
G1,1.48E-03,W409Y,2.01,0.01,
H1,-4.21E-06,W409Y,2.01,0.01,
A2,1.78E-01,W409Y,2.01,0.01,
B2,1.60E-01,W409Y,2.01,0.01,
C2,1.14E-01,W409Y,2.01,0.01,
D2,5.47E-02,W409Y,2.01,0.01,
E2,2.13E-02,W409Y,2.01,0.01,
F2,7.29E-03,W409Y,2.01,0.01,
G2,1.88E-03,W409Y,2.01,0.01,
H2,8.72E-06,W409Y,2.01,0.01,
A3,1.68E-01,W409Y,2.01,0.01,
B3,1.59E-01,W409Y,2.01,0.01,
C3,1.29E-01,W409Y,2.01,0.01,
D3,6.51E-02,W409Y,2.01,0.01,
E3,2.67E-02,W409Y,2.01,0.01,
F3,9.52E-03,W409Y,2.01,0.01,
G3,2.65E-03,W409Y,2.01,0.01,
H3,6.99E-06,W409Y,2.01,0.01,
A4,1.62E-02,N293C,1.87,0.1,
B4,1.09E-02,N293C,1.87,0.1,
C4,4.87E-03,N293C,1.87,0.1,
D4,1.51E-03,N293C,1.87,0.1,
E4,4.89E-04,N293C,1.87,0.1,
F4,1.64E-04,N293C,1.87,0.1,
G4,4.08E-05,N293C,1.87,0.1,
H4,-8.80E-06,N293C,1.87,0.1,
A5,2.01E-02,N293C,1.87,0.1,
B5,1.08E-02,N293C,1.87,0.1,
C5,4.14E-03,N293C,1.87,0.1,
D5,1.50E-03,N293C,1.87,0.1,
E5,4.76E-04,N293C,1.87,0.1,
F5,2.53E-04,N293C,1.87,0.1,
G5,3.84E-05,N293C,1.87,0.1,
H5,-2.29E-05,N293C,1.87,0.1,
A6,1.82E-02,N293C,1.87,0.1,
B6,1.10E-02,N293C,1.87,0.1,
C6,4.78E-03,N293C,1.87,0.1,
D6,1.59E-03,N293C,1.87,0.1,
E6,5.06E-04,N293C,1.87,0.1,
F6,1.62E-04,N293C,1.87,0.1,
G6,1.08E-04,N293C,1.87,0.1,
H6,-2.66E-05,N293C,1.87,0.1,
A7,4.08E-02,T15A,0.63,0.01,
B7,3.34E-02,T15A,0.63,0.01,
C7,2.16E-02,T15A,0.63,0.01,
D7,1.04E-02,T15A,0.63,0.01,
E7,4.46E-03,T15A,0.63,0.01,
F7,1.78E-03,T15A,0.63,0.01,
G7,5.18E-04,T15A,0.63,0.01,
H7,-1.94E-05,T15A,0.63,0.01,
A8,4.26E-02,T15A,0.63,0.01,
B8,3.15E-02,T15A,0.63,0.01,
C8,1.93E-02,T15A,0.63,0.01,
D8,9.12E-03,T15A,0.63,0.01,
E8,3.94E-03,T15A,0.63,0.01,
F8,1.50E-03,T15A,0.63,0.01,
G8,4.49E-04,T15A,0.63,0.01,
H8,-1.43E-05,T15A,0.63,0.01,
A9,3.96E-02,T15A,0.63,0.01,
B9,3.07E-02,T15A,0.63,0.01,
C9,1.89E-02,T15A,0.63,0.01,
D9,8.09E-03,T15A,0.63,0.01,
E9,5.86E-05,T15A,0.63,0.01,
F9,1.08E-03,T15A,0.63,0.01,
G9,2.91E-04,T15A,0.63,0.01,
H9,-1.96E-05,T15A,0.63,0.01,
A10,2.41E-02,N220R,1.86,0.1,
B10,1.76E-02,N220R,1.86,0.1,
C10,7.93E-03,N220R,1.86,0.1,
D10,2.61E-03,N220R,1.86,0.1,
E10,8.86E-04,N220R,1.86,0.1,
F10,2.78E-04,N220R,1.86,0.1,
G10,7.30E-05,N220R,1.86,0.1,
H10,-1.09E-05,N220R,1.86,0.1,
A11,2.46E-02,N220R,1.86,0.1,
B11,1.82E-02,N220R,1.86,0.1,
C11,8.53E-03,N220R,1.86,0.1,
D11,3.08E-03,N220R,1.86,0.1,
E11,9.26E-04,N220R,1.86,0.1,
F11,2.89E-04,N220R,1.86,0.1,
G11,8.32E-05,N220R,1.86,0.1,
H11,-2.50E-05,N220R,1.86,0.1,
A12,3.00E-02,N220R,1.86,0.1,
B12,1.97E-02,N220R,1.86,0.1,
C12,8.02E-03,N220R,1.86,0.1,
D12,3.01E-03,N220R,1.86,0.1,
E12,9.92E-04,N220R,1.86,0.1,
F12,2.96E-04,N220R,1.86,0.1,
G12,8.24E-05,N220R,1.86,0.1,
H12,-2.01E-05,N220R,1.86,0.1,
A1,1.91E-01,L362M,1.99,0.01,
B1,1.56E-01,L362M,1.99,0.01,
C1,9.68E-02,L362M,1.99,0.01,
D1,4.25E-02,L362M,1.99,0.01,
E1,1.22E-02,L362M,1.99,0.01,
F1,3.65E-03,L362M,1.99,0.01,
G1,1.20E-03,L362M,1.99,0.01,
H1,-8.57E-06,L362M,1.99,0.01,
A2,1.89E-01,L362M,1.99,0.01,
B2,1.53E-01,L362M,1.99,0.01,
C2,9.40E-02,L362M,1.99,0.01,
D2,4.03E-02,L362M,1.99,0.01,
E2,1.22E-02,L362M,1.99,0.01,
F2,3.86E-03,L362M,1.99,0.01,
G2,1.22E-03,L362M,1.99,0.01,
H2,-1.34E-05,L362M,1.99,0.01,
A3,1.95E-01,L362M,1.99,0.01,
B3,1.51E-01,L362M,1.99,0.01,
C3,9.32E-02,L362M,1.99,0.01,
D3,4.22E-02,L362M,1.99,0.01,
E3,1.26E-02,L362M,1.99,0.01,
F3,4.06E-03,L362M,1.99,0.01,
G3,1.34E-03,L362M,1.99,0.01,
H3,-1.86E-05,L362M,1.99,0.01,
A4,3.58E-04,W325R,0.169,0.1,
B4,4.78E-05,W325R,0.169,0.1,
C4,4.24E-05,W325R,0.169,0.1,
D4,2.35E-05,W325R,0.169,0.1,
E4,3.26E-05,W325R,0.169,0.1,
F4,2.36E-05,W325R,0.169,0.1,
G4,1.45E-05,W325R,0.169,0.1,
H4,1.81E-05,W325R,0.169,0.1,
A5,2.37E-04,W325R,0.169,0.1,
B5,4.20E-05,W325R,0.169,0.1,
C5,4.23E-05,W325R,0.169,0.1,
D5,4.61E-05,W325R,0.169,0.1,
E5,2.11E-05,W325R,0.169,0.1,
F5,1.57E-05,W325R,0.169,0.1,
G5,1.77E-05,W325R,0.169,0.1,
H5,-3.02E-05,W325R,0.169,0.1,
A6,3.59E-04,W325R,0.169,0.1,
B6,5.05E-05,W325R,0.169,0.1,
C6,3.73E-05,W325R,0.169,0.1,
D6,3.29E-05,W325R,0.169,0.1,
E6,2.88E-05,W325R,0.169,0.1,
F6,1.79E-05,W325R,0.169,0.1,
G6,1.58E-05,W325R,0.169,0.1,
H6,3.13E-05,W325R,0.169,0.1,
A7,1.29E-01,N220Y,1.84,0.01,
B7,1.25E-01,N220Y,1.84,0.01,
C7,1.13E-01,N220Y,1.84,0.01,
D7,1.03E-01,N220Y,1.84,0.01,
E7,5.93E-02,N220Y,1.84,0.01,
F7,2.19E-02,N220Y,1.84,0.01,
G7,6.70E-03,N220Y,1.84,0.01,
H7,-3.60E-05,N220Y,1.84,0.01,
A8,1.27E-01,N220Y,1.84,0.01,
B8,1.24E-01,N220Y,1.84,0.01,
C8,1.17E-01,N220Y,1.84,0.01,
D8,1.01E-01,N220Y,1.84,0.01,
E8,5.87E-02,N220Y,1.84,0.01,
F8,2.07E-02,N220Y,1.84,0.01,
G8,5.83E-03,N220Y,1.84,0.01,
H8,-2.77E-05,N220Y,1.84,0.01,
A9,1.28E-01,N220Y,1.84,0.01,
B9,1.25E-01,N220Y,1.84,0.01,
C9,1.18E-01,N220Y,1.84,0.01,
D9,9.81E-02,N220Y,1.84,0.01,
E9,5.31E-02,N220Y,1.84,0.01,
F9,1.61E-02,N220Y,1.84,0.01,
G9,4.63E-03,N220Y,1.84,0.01,
H9,-3.31E-05,N220Y,1.84,0.01,
A10,3.36E-02,N220G,2.18,0.01,
B10,1.88E-02,N220G,2.18,0.01,
C10,5.42E-03,N220G,2.18,0.01,
D10,1.56E-03,N220G,2.18,0.01,
E10,3.52E-04,N220G,2.18,0.01,
F10,1.08E-04,N220G,2.18,0.01,
G10,7.99E-05,N220G,2.18,0.01,
H10,-7.66E-05,N220G,2.18,0.01,
A11,3.72E-02,N220G,2.18,0.01,
B11,1.86E-02,N220G,2.18,0.01,
C11,5.33E-03,N220G,2.18,0.01,
D11,1.53E-03,N220G,2.18,0.01,
E11,3.55E-04,N220G,2.18,0.01,
F11,1.10E-04,N220G,2.18,0.01,
G11,4.66E-05,N220G,2.18,0.01,
H11,-4.11E-05,N220G,2.18,0.01,
A12,3.38E-02,N220G,2.18,0.01,
B12,1.85E-02,N220G,2.18,0.01,
C12,5.59E-03,N220G,2.18,0.01,
D12,1.57E-03,N220G,2.18,0.01,
E12,3.77E-04,N220G,2.18,0.01,
F12,1.18E-04,N220G,2.18,0.01,
G12,5.47E-05,N220G,2.18,0.01,
H12,-2.53E-05,N220G,2.18,0.01,
A1,1.32E-02,N404C,1.64,0.01,
B1,7.59E-03,N404C,1.64,0.01,
C1,4.74E-03,N404C,1.64,0.01,
D1,1.63E-03,N404C,1.64,0.01,
E1,5.53E-04,N404C,1.64,0.01,
F1,1.82E-04,N404C,1.64,0.01,
G1,6.57E-05,N404C,1.64,0.01,
H1,3.43E-04,N404C,1.64,0.01,
A2,1.34E-02,N404C,1.64,0.01,
B2,8.18E-03,N404C,1.64,0.01,
C2,4.92E-03,N404C,1.64,0.01,
D2,1.63E-03,N404C,1.64,0.01,
E2,5.70E-04,N404C,1.64,0.01,
F2,1.91E-04,N404C,1.64,0.01,
G2,6.49E-05,N404C,1.64,0.01,
H2,-7.74E-06,N404C,1.64,0.01,
A3,1.36E-02,N404C,1.64,0.01,
B3,7.20E-03,N404C,1.64,0.01,
C3,4.63E-03,N404C,1.64,0.01,
D3,1.70E-03,N404C,1.64,0.01,
E3,5.60E-04,N404C,1.64,0.01,
F3,1.87E-04,N404C,1.64,0.01,
G3,6.83E-05,N404C,1.64,0.01,
H3,-9.02E-06,N404C,1.64,0.01,
A10,1.92E-01,WT,2.03,0.01,
B10,1.61E-01,WT,2.03,0.01,
C10,9.77E-02,WT,2.03,0.01,
D10,3.78E-02,WT,2.03,0.01,
E10,1.05E-02,WT,2.03,0.01,
F10,2.77E-03,WT,2.03,0.01,
G10,7.34E-04,WT,2.03,0.01,
H10,-1.16E-05,WT,2.03,0.01,
A11,1.97E-01,WT,2.03,0.01,
B11,1.57E-01,WT,2.03,0.01,
C11,9.57E-02,WT,2.03,0.01,
D11,3.72E-02,WT,2.03,0.01,
E11,1.08E-02,WT,2.03,0.01,
F11,2.93E-03,WT,2.03,0.01,
G11,7.66E-04,WT,2.03,0.01,
H11,-7.52E-06,WT,2.03,0.01,
A12,1.94E-01,WT,2.03,0.01,
B12,1.56E-01,WT,2.03,0.01,
C12,1.04E-01,WT,2.03,0.01,
D12,3.88E-02,WT,2.03,0.01,
E12,1.08E-02,WT,2.03,0.01,
F12,2.87E-03,WT,2.03,0.01,
G12,7.51E-04,WT,2.03,0.01,
H12,-8.05E-06,WT,2.03,0.01,
A7,5.12E-04,W399R,2.13,0.1,
B7,4.02E-04,W399R,2.13,0.1,
C7,2.65E-04,W399R,2.13,0.1,
D7,1.30E-04,W399R,2.13,0.1,
E7,5.83E-05,W399R,2.13,0.1,
F7,2.93E-05,W399R,2.13,0.1,
G7,-1.40E-05,W399R,2.13,0.1,
H7,-5.34E-06,W399R,2.13,0.1,
A8,5.62E-04,W399R,2.13,0.1,
B8,3.91E-04,W399R,2.13,0.1,
C8,2.40E-04,W399R,2.13,0.1,
D8,1.28E-04,W399R,2.13,0.1,
E8,5.68E-05,W399R,2.13,0.1,
F8,2.17E-05,W399R,2.13,0.1,
G8,1.55E-05,W399R,2.13,0.1,
H8,-9.17E-06,W399R,2.13,0.1,
A9,3.07E-04,W399R,2.13,0.1,
B9,4.02E-04,W399R,2.13,0.1,
C9,2.47E-04,W399R,2.13,0.1,
D9,1.47E-04,W399R,2.13,0.1,
E9,1.37E-04,W399R,2.13,0.1,
F9,2.88E-05,W399R,2.13,0.1,
G9,1.93E-05,W399R,2.13,0.1,
H9,-9.25E-06,W399R,2.13,0.1,
A10,5.77E-04,F415N,0.75,0.1,
B10,3.27E-04,F415N,0.75,0.1,
C10,1.34E-04,F415N,0.75,0.1,
D10,7.42E-05,F415N,0.75,0.1,
E10,1.78E-05,F415N,0.75,0.1,
F10,1.16E-05,F415N,0.75,0.1,
G10,-1.78E-05,F415N,0.75,0.1,
H10,1.60E-05,F415N,0.75,0.1,
A11,5.50E-04,F415N,0.75,0.1,
B11,3.19E-04,F415N,0.75,0.1,
C11,1.36E-04,F415N,0.75,0.1,
D11,5.07E-05,F415N,0.75,0.1,
E11,2.71E-05,F415N,0.75,0.1,
F11,1.17E-05,F415N,0.75,0.1,
G11,7.52E-06,F415N,0.75,0.1,
H11,-8.27E-06,F415N,0.75,0.1,
A12,5.82E-04,F415N,0.75,0.1,
B12,3.04E-04,F415N,0.75,0.1,
C12,1.39E-04,F415N,0.75,0.1,
D12,4.95E-05,F415N,0.75,0.1,
E12,2.41E-05,F415N,0.75,0.1,
F12,1.11E-05,F415N,0.75,0.1,
G12,1.03E-05,F415N,0.75,0.1,
H12,-5.11E-06,F415N,0.75,0.1,