,well,rate,mutant,protein_yield,dilution,note,kobs
0,A1,0.175,W409Y,2.01,0.01,,789.1542288557214
1,B1,0.158,W409Y,2.01,0.01,,712.4935323383086
2,C1,0.10400000000000001,W409Y,2.01,0.01,,468.98308457711454
3,D1,0.0461,W409Y,2.01,0.01,,207.88577114427866
4,E1,0.017,W409Y,2.01,0.01,,76.66069651741294
5,F1,0.00585,W409Y,2.01,0.01,,26.38029850746269
6,G1,0.00148,W409Y,2.01,0.01,,6.673990049751244
7,H1,-4.21e-06,W409Y,2.01,0.01,,-0.0189847960199005
8,A2,0.17800000000000002,W409Y,2.01,0.01,,802.6825870646768
9,B2,0.16,W409Y,2.01,0.01,,721.5124378109455
10,C2,0.114,W409Y,2.01,0.01,,514.0776119402985
11,D2,0.0547,W409Y,2.01,0.01,,246.66706467661695
12,E2,0.0213,W409Y,2.01,0.01,,96.0513432835821
13,F2,0.0072900000000000005,W409Y,2.01,0.01,,32.8739104477612
14,G2,0.0018800000000000002,W409Y,2.01,0.01,,8.477771144278607
15,H2,8.72e-06,W409Y,2.01,0.01,,0.03932242786069652
16,A3,0.168,W409Y,2.01,0.01,,757.5880597014926
17,B3,0.159,W409Y,2.01,0.01,,717.002985074627
18,C3,0.129,W409Y,2.01,0.01,,581.7194029850747
19,D3,0.0651,W409Y,2.01,0.01,,293.5653731343284
20,E3,0.0267,W409Y,2.01,0.01,,120.40238805970151
21,F3,0.00952,W409Y,2.01,0.01,,42.929990049751254
22,G3,0.00265,W409Y,2.01,0.01,,11.950049751243782
23,H3,6.99e-06,W409Y,2.01,0.01,,0.031521074626865674
24,A4,0.0162,N293C,1.87,0.1,,7.852235294117646
25,B4,0.0109,N293C,1.87,0.1,,5.283294117647059
26,C4,0.00487,N293C,1.87,0.1,,2.3605176470588236
27,D4,0.00151,N293C,1.87,0.1,,0.7319058823529412
28,E4,0.000489,N293C,1.87,0.1,,0.2370211764705882
29,F4,0.000164,N293C,1.87,0.1,,0.07949176470588235
30,G4,4.0799999999999996e-05,N293C,1.87,0.1,,0.019776
31,H4,-8.8e-06,N293C,1.87,0.1,,-0.004265411764705882
32,A5,0.0201,N293C,1.87,0.1,,9.742588235294118
33,B5,0.0108,N293C,1.87,0.1,,5.234823529411764
34,C5,0.00414,N293C,1.87,0.1,,2.006682352941176
35,D5,0.0015,N293C,1.87,0.1,,0.7270588235294118
36,E5,0.00047599999999999997,N293C,1.87,0.1,,0.23071999999999995
37,F5,0.00025299999999999997,N293C,1.87,0.1,,0.12263058823529409
38,G5,3.84e-05,N293C,1.87,0.1,,0.018612705882352937
39,H5,-2.2899999999999998e-05,N293C,1.87,0.1,,-0.01109976470588235
40,A6,0.0182,N293C,1.87,0.1,,8.82164705882353
41,B6,0.011,N293C,1.87,0.1,,5.331764705882352
42,C6,0.0047799999999999995,N293C,1.87,0.1,,2.3168941176470588
43,D6,0.00159,N293C,1.87,0.1,,0.7706823529411764
44,E6,0.0005059999999999999,N293C,1.87,0.1,,0.24526117647058818
45,F6,0.000162,N293C,1.87,0.1,,0.07852235294117647
46,G6,0.00010800000000000001,N293C,1.87,0.1,,0.05234823529411765
47,H6,-2.6600000000000003e-05,N293C,1.87,0.1,,-0.012893176470588236
48,A7,0.0408,T15A,0.63,0.01,,587.0019047619049
49,B7,0.0334,T15A,0.63,0.01,,480.53587301587305
50,C7,0.0216,T15A,0.63,0.01,,310.7657142857143
51,D7,0.0104,T15A,0.63,0.01,,149.6279365079365
52,E7,0.00446,T15A,0.63,0.01,,64.16736507936508
53,F7,0.0017800000000000001,T15A,0.63,0.01,,25.609396825396832
54,G7,0.000518,T15A,0.63,0.01,,7.452622222222223
55,H7,-1.9399999999999997e-05,T15A,0.63,0.01,,-0.2791136507936508
56,A8,0.0426,T15A,0.63,0.01,,612.8990476190476
57,B8,0.0315,T15A,0.63,0.01,,453.20000000000005
58,C8,0.0193,T15A,0.63,0.01,,277.6749206349207
59,D8,0.00912,T15A,0.63,0.01,,131.21219047619047
60,E8,0.00394,T15A,0.63,0.01,,56.685968253968255
61,F8,0.0015,T15A,0.63,0.01,,21.580952380952386
62,G8,0.000449,T15A,0.63,0.01,,6.459898412698413
63,H8,-1.4300000000000002e-05,T15A,0.63,0.01,,-0.20573841269841273
64,A9,0.0396,T15A,0.63,0.01,,569.7371428571429
65,B9,0.0307,T15A,0.63,0.01,,441.69015873015877
66,C9,0.0189,T15A,0.63,0.01,,271.92
67,D9,0.00809,T15A,0.63,0.01,,116.39326984126984
68,E9,5.8599999999999995e-05,T15A,0.63,0.01,,0.8430958730158731
69,F9,0.00108,T15A,0.63,0.01,,15.538285714285715
70,G9,0.000291,T15A,0.63,0.01,,4.186704761904762
71,H9,-1.9600000000000002e-05,T15A,0.63,0.01,,-0.28199111111111114
72,A10,0.0241,N220R,1.86,0.1,,11.74421505376344
73,B10,0.0176,N220R,1.86,0.1,,8.57668817204301
74,C10,0.00793,N220R,1.86,0.1,,3.864382795698924
75,D10,0.0026100000000000003,N220R,1.86,0.1,,1.2718838709677418
76,E10,0.000886,N220R,1.86,0.1,,0.4317582795698924
77,F10,0.000278,N220R,1.86,0.1,,0.135472688172043
78,G10,7.3e-05,N220R,1.86,0.1,,0.03557376344086021
79,H10,-1.09e-05,N220R,1.86,0.1,,-0.005311698924731182
80,A11,0.0246,N220R,1.86,0.1,,11.987870967741934
81,B11,0.0182,N220R,1.86,0.1,,8.869075268817204
82,C11,0.00853,N220R,1.86,0.1,,4.156769892473117
83,D11,0.0030800000000000003,N220R,1.86,0.1,,1.500920430107527
84,E11,0.000926,N220R,1.86,0.1,,0.45125075268817194
85,F11,0.00028900000000000003,N220R,1.86,0.1,,0.1408331182795699
86,G11,8.32e-05,N220R,1.86,0.1,,0.040544344086021505
87,H11,-2.5e-05,N220R,1.86,0.1,,-0.012182795698924729
88,A12,0.03,N220R,1.86,0.1,,14.619354838709675
89,B12,0.0197,N220R,1.86,0.1,,9.600043010752685
90,C12,0.008020000000000001,N220R,1.86,0.1,,3.9082408602150536
91,D12,0.00301,N220R,1.86,0.1,,1.4668086021505373
92,E12,0.000992,N220R,1.86,0.1,,0.4834133333333333
93,F12,0.000296,N220R,1.86,0.1,,0.14424430107526878
94,G12,8.240000000000001e-05,N220R,1.86,0.1,,0.04015449462365591
95,H12,-2.01e-05,N220R,1.86,0.1,,-0.009794967741935483
96,A1,0.191,L362M,1.99,0.01,,869.9618090452261
97,B1,0.156,L362M,1.99,0.01,,710.5447236180904
98,C1,0.0968,L362M,1.99,0.01,,440.9021105527638
99,D1,0.0425,L362M,1.99,0.01,,193.57788944723623
100,E1,0.0122,L362M,1.99,0.01,,55.56824120603016
101,F1,0.00365,L362M,1.99,0.01,,16.62492462311558
102,G1,0.0012,L362M,1.99,0.01,,5.46572864321608
103,H1,-8.57e-06,L362M,1.99,0.01,,-0.039034412060301504
104,A2,0.18899999999999997,L362M,1.99,0.01,,860.8522613065326
105,B2,0.153,L362M,1.99,0.01,,696.8804020100503
106,C2,0.094,L362M,1.99,0.01,,428.1487437185929
107,D2,0.0403,L362M,1.99,0.01,,183.5573869346734
108,E2,0.0122,L362M,1.99,0.01,,55.56824120603016
109,F2,0.00386,L362M,1.99,0.01,,17.581427135678393
110,G2,0.00122,L362M,1.99,0.01,,5.556824120603015
111,H2,-1.34e-05,L362M,1.99,0.01,,-0.061033969849246236
112,A3,0.195,L362M,1.99,0.01,,888.1809045226132
113,B3,0.151,L362M,1.99,0.01,,687.7708542713567
114,C3,0.0932,L362M,1.99,0.01,,424.5049246231156
115,D3,0.0422,L362M,1.99,0.01,,192.21145728643216
116,E3,0.0126,L362M,1.99,0.01,,57.39015075376884
117,F3,0.00406,L362M,1.99,0.01,,18.492381909547742
118,G3,0.00134,L362M,1.99,0.01,,6.103396984924624
119,H3,-1.86e-05,L362M,1.99,0.01,,-0.08471879396984926
120,A4,0.00035800000000000003,W325R,0.16899999999999998,0.1,,1.9200662721893496
121,B4,4.7799999999999996e-05,W325R,0.16899999999999998,0.1,,0.2563663905325444
122,C4,4.24e-05,W325R,0.16899999999999998,0.1,,0.22740449704142018
123,D4,2.35e-05,W325R,0.16899999999999998,0.1,,0.12603786982248522
124,E4,3.26e-05,W325R,0.16899999999999998,0.1,,0.17484402366863908
125,F4,2.36e-05,W325R,0.16899999999999998,0.1,,0.126574201183432
126,G4,1.4499999999999998e-05,W325R,0.16899999999999998,0.1,,0.07776804733727812
127,H4,1.8100000000000003e-05,W325R,0.16899999999999998,0.1,,0.09707597633136099
128,A5,0.00023700000000000001,W325R,0.16899999999999998,0.1,,1.2711053254437874
129,B5,4.2e-05,W325R,0.16899999999999998,0.1,,0.22525917159763315
130,C5,4.23e-05,W325R,0.16899999999999998,0.1,,0.22686816568047338
131,D5,4.61e-05,W325R,0.16899999999999998,0.1,,0.24724875739644978
132,E5,2.11e-05,W325R,0.16899999999999998,0.1,,0.11316591715976336
133,F5,1.57e-05,W325R,0.16899999999999998,0.1,,0.08420402366863906
134,G5,1.77e-05,W325R,0.16899999999999998,0.1,,0.09493065088757399
135,H5,-3.02e-05,W325R,0.16899999999999998,0.1,,-0.16197207100591718
136,A6,0.000359,W325R,0.16899999999999998,0.1,,1.925429585798817
137,B6,5.05e-05,W325R,0.16899999999999998,0.1,,0.2708473372781066
138,C6,3.73e-05,W325R,0.16899999999999998,0.1,,0.20005159763313615
139,D6,3.289999999999999e-05,W325R,0.16899999999999998,0.1,,0.1764530177514793
140,E6,2.8800000000000002e-05,W325R,0.16899999999999998,0.1,,0.15446343195266277
141,F6,1.7899999999999998e-05,W325R,0.16899999999999998,0.1,,0.09600331360946747
142,G6,1.58e-05,W325R,0.16899999999999998,0.1,,0.08474035502958582
143,H6,3.13e-05,W325R,0.16899999999999998,0.1,,0.1678717159763314
144,A7,0.129,N220Y,1.84,0.01,,635.4652173913045
145,B7,0.125,N220Y,1.84,0.01,,615.7608695652175
146,C7,0.113,N220Y,1.84,0.01,,556.6478260869566
147,D7,0.10300000000000001,N220Y,1.84,0.01,,507.38695652173925
148,E7,0.0593,N220Y,1.84,0.01,,292.11695652173916
149,F7,0.0219,N220Y,1.84,0.01,,107.8813043478261
150,G7,0.0067,N220Y,1.84,0.01,,33.004782608695656
151,H7,-3.6e-05,N220Y,1.84,0.01,,-0.17733913043478264
152,A8,0.127,N220Y,1.84,0.01,,625.6130434782609
153,B8,0.124,N220Y,1.84,0.01,,610.8347826086957
154,C8,0.11699999999999999,N220Y,1.84,0.01,,576.3521739130435
155,D8,0.10099999999999999,N220Y,1.84,0.01,,497.5347826086957
156,E8,0.0587,N220Y,1.84,0.01,,289.16130434782616
157,F8,0.0207,N220Y,1.84,0.01,,101.97000000000001
158,G8,0.00583,N220Y,1.84,0.01,,28.719086956521746
159,H8,-2.7699999999999996e-05,N220Y,1.84,0.01,,-0.13645260869565218
160,A9,0.128,N220Y,1.84,0.01,,630.5391304347827
161,B9,0.125,N220Y,1.84,0.01,,615.7608695652175
162,C9,0.11800000000000001,N220Y,1.84,0.01,,581.2782608695653
163,D9,0.0981,N220Y,1.84,0.01,,483.24913043478267
164,E9,0.0531,N220Y,1.84,0.01,,261.57521739130436
165,F9,0.0161,N220Y,1.84,0.01,,79.31
166,G9,0.00463,N220Y,1.84,0.01,,22.807782608695653
167,H9,-3.3100000000000005e-05,N220Y,1.84,0.01,,-0.1630534782608696
168,A10,0.0336,N220G,2.18,0.01,,139.70201834862385
169,B10,0.0188,N220G,2.18,0.01,,78.16660550458715
170,C10,0.00542,N220G,2.18,0.01,,22.535266055045874
171,D10,0.00156,N220G,2.18,0.01,,6.4861651376146785
172,E10,0.000352,N220G,2.18,0.01,,1.4635449541284402
173,F10,0.00010800000000000001,N220G,2.18,0.01,,0.4490422018348624
174,G10,7.99e-05,N220G,2.18,0.01,,0.33220807339449543
175,H10,-7.659999999999999e-05,N220G,2.18,0.01,,-0.3184873394495412
176,A11,0.0372,N220G,2.18,0.01,,154.67009174311926
177,B11,0.0186,N220G,2.18,0.01,,77.33504587155963
178,C11,0.00533,N220G,2.18,0.01,,22.161064220183484
179,D11,0.0015300000000000001,N220G,2.18,0.01,,6.36143119266055
180,E11,0.00035499999999999996,N220G,2.18,0.01,,1.4760183486238532
181,F11,0.00011,N220G,2.18,0.01,,0.4573577981651376
182,G11,4.66e-05,N220G,2.18,0.01,,0.19375339449541282
183,H11,-4.11e-05,N220G,2.18,0.01,,-0.17088550458715596
184,A12,0.0338,N220G,2.18,0.01,,140.53357798165135
185,B12,0.0185,N220G,2.18,0.01,,76.91926605504587
186,C12,0.0055899999999999995,N220G,2.18,0.01,,23.242091743119264
187,D12,0.00157,N220G,2.18,0.01,,6.527743119266055
188,E12,0.000377,N220G,2.18,0.01,,1.5674899082568805
189,F12,0.000118,N220G,2.18,0.01,,0.4906201834862385
190,G12,5.47e-05,N220G,2.18,0.01,,0.22743155963302752
191,H12,-2.5300000000000002e-05,N220G,2.18,0.01,,-0.10519229357798165
192,A1,0.0132,N404C,1.64,0.01,,72.95414634146343
193,B1,0.00759,N404C,1.64,0.01,,41.948634146341476
194,C1,0.00474,N404C,1.64,0.01,,26.197170731707324
195,D1,0.0016300000000000002,N404C,1.64,0.01,,9.008731707317075
196,E1,0.000553,N404C,1.64,0.01,,3.0563365853658544
197,F1,0.000182,N404C,1.64,0.01,,1.0058829268292686
198,G1,6.57e-05,N404C,1.64,0.01,,0.36311268292682936
199,H1,0.000343,N404C,1.64,0.01,,1.8957024390243906
200,A2,0.0134,N404C,1.64,0.01,,74.05951219512197
201,B2,0.00818,N404C,1.64,0.01,,45.20946341463416
202,C2,0.00492,N404C,1.64,0.01,,27.192000000000004
203,D2,0.0016300000000000002,N404C,1.64,0.01,,9.008731707317075
204,E2,0.00057,N404C,1.64,0.01,,3.1502926829268296
205,F2,0.00019099999999999998,N404C,1.64,0.01,,1.0556243902439026
206,G2,6.49e-05,N404C,1.64,0.01,,0.35869121951219524
207,H2,-7.74e-06,N404C,1.64,0.01,,-0.042777658536585376
208,A3,0.0136,N404C,1.64,0.01,,75.1648780487805
209,B3,0.0072,N404C,1.64,0.01,,39.79317073170732
210,C3,0.00463,N404C,1.64,0.01,,25.589219512195125
211,D3,0.0017,N404C,1.64,0.01,,9.395609756097562
212,E3,0.00056,N404C,1.64,0.01,,3.095024390243903
213,F3,0.00018700000000000002,N404C,1.64,0.01,,1.033517073170732
214,G3,6.829999999999999e-05,N404C,1.64,0.01,,0.37748243902439027
215,H3,-9.02e-06,N404C,1.64,0.01,,-0.049852000000000014
216,A4,9.570000000000001e-05,S16N,0.16,0.1,,0.5421405
217,B4,3.5100000000000006e-05,S16N,0.16,0.1,,0.19884150000000006
218,C4,2.15e-05,S16N,0.16,0.1,,0.12179750000000002
219,D4,3.81e-05,S16N,0.16,0.1,,0.2158365
220,E4,1.3500000000000001e-05,S16N,0.16,0.1,,0.0764775
221,F4,1.3800000000000002e-05,S16N,0.16,0.1,,0.07817700000000001
222,G4,-4.81e-06,S16N,0.16,0.1,,-0.02724865
223,H4,6.09e-06,S16N,0.16,0.1,,0.034499850000000006
224,A5,0.000109,S16N,0.16,0.1,,0.6174850000000001
225,B5,2.95e-05,S16N,0.16,0.1,,0.1671175
226,C5,2.2899999999999998e-05,S16N,0.16,0.1,,0.1297285
227,D5,1.6800000000000002e-05,S16N,0.16,0.1,,0.095172
228,E5,-8.5e-06,S16N,0.16,0.1,,-0.0481525
229,F5,7.67e-06,S16N,0.16,0.1,,0.04345055
230,G5,-1.29e-05,S16N,0.16,0.1,,-0.0730785
231,H5,-6.77e-06,S16N,0.16,0.1,,-0.03835205
232,A6,0.00011399999999999999,S16N,0.16,0.1,,0.64581
233,B6,3.54e-05,S16N,0.16,0.1,,0.200541
234,C6,2.57e-05,S16N,0.16,0.1,,0.1455905
235,D6,1.89e-05,S16N,0.16,0.1,,0.1070685
236,E6,8.35e-06,S16N,0.16,0.1,,0.04730275
237,F6,-8.87e-06,S16N,0.16,0.1,,-0.05024855
238,G6,-2.2899999999999998e-05,S16N,0.16,0.1,,-0.1297285
239,H6,-6.09e-06,S16N,0.16,0.1,,-0.034499850000000006
240,A7,9.9e-05,E164G,0.21,0.1,,0.4273028571428571
241,B7,2.27e-05,E164G,0.21,0.1,,0.0979775238095238
242,C7,1.56e-05,E164G,0.21,0.1,,0.06733257142857142
243,D7,-3.8900000000000004e-05,E164G,0.21,0.1,,-0.16789980952380953
244,E7,-8.65e-06,E164G,0.21,0.1,,-0.037335047619047615
245,F7,9.77e-06,E164G,0.21,0.1,,0.04216918095238095
246,G7,-1.77e-05,E164G,0.21,0.1,,-0.07639657142857142
247,H7,-5.71e-06,E164G,0.21,0.1,,-0.024645447619047623
248,A8,9.76e-05,E164G,0.21,0.1,,0.4212601904761905
249,B8,2.09e-05,E164G,0.21,0.1,,0.09020838095238094
250,C8,2.01e-05,E164G,0.21,0.1,,0.08675542857142858
251,D8,1.31e-05,E164G,0.21,0.1,,0.05654209523809524
252,E8,1.92e-05,E164G,0.21,0.1,,0.08287085714285714
253,F8,6.17e-06,E164G,0.21,0.1,,0.02663089523809524
254,G8,8.46e-05,E164G,0.21,0.1,,0.36514971428571424
255,H8,-1.6100000000000002e-05,E164G,0.21,0.1,,-0.06949066666666667
256,A9,0.000103,E164G,0.21,0.1,,0.444567619047619
257,B9,3.41e-05,E164G,0.21,0.1,,0.14718209523809525
258,C9,1.75e-05,E164G,0.21,0.1,,0.07553333333333333
259,D9,1.4599999999999999e-05,E164G,0.21,0.1,,0.06301638095238095
260,E9,1.2e-05,E164G,0.21,0.1,,0.05179428571428571
261,F9,-1.55e-05,E164G,0.21,0.1,,-0.06690095238095238
262,G9,-2.65e-05,E164G,0.21,0.1,,-0.11437904761904762
263,H9,9.7e-06,E164G,0.21,0.1,,0.04186704761904762
264,A10,9.25e-05,E164R,0.16,0.1,,0.5240125
265,B10,2.24e-05,E164R,0.16,0.1,,0.126896
266,C10,1.3300000000000001e-05,E164R,0.16,0.1,,0.07534450000000001
267,D10,1.28e-05,E164R,0.16,0.1,,0.072512
268,E10,-1.22e-05,E164R,0.16,0.1,,-0.06911300000000001
269,F10,-1.0199999999999999e-05,E164R,0.16,0.1,,-0.057783
270,G10,1.18e-05,E164R,0.16,0.1,,0.066847
271,H10,-5.71e-06,E164R,0.16,0.1,,-0.032347150000000005
272,A11,8.85e-05,E164R,0.16,0.1,,0.5013525
273,B11,2.6600000000000003e-05,E164R,0.16,0.1,,0.15068900000000002
274,C11,1.4800000000000002e-05,E164R,0.16,0.1,,0.08384200000000001
275,D11,-7.97e-06,E164R,0.16,0.1,,-0.045150050000000004
276,E11,9.1e-06,E164R,0.16,0.1,,0.0515515
277,F11,1.15e-05,E164R,0.16,0.1,,0.0651475
278,G11,-1.2e-05,E164R,0.16,0.1,,-0.06798
279,H11,-6.32e-06,E164R,0.16,0.1,,-0.035802799999999996
280,A12,8.190000000000001e-05,E164R,0.16,0.1,,0.46396350000000003
281,B12,2.3800000000000003e-05,E164R,0.16,0.1,,0.13482700000000003
282,C12,1.11e-05,E164R,0.16,0.1,,0.0628815
283,D12,-9.62e-06,E164R,0.16,0.1,,-0.0544973
284,E12,-9.7e-06,E164R,0.16,0.1,,-0.054950500000000006
285,F12,-1.92e-05,E164R,0.16,0.1,,-0.108768
286,G12,-1.6800000000000002e-05,E164R,0.16,0.1,,-0.095172
287,H12,5.64e-06,E164R,0.16,0.1,,0.0319506
288,A1,0.000285,H178R,0.32,0.1,,0.8072625
289,B1,7.859999999999999e-05,H178R,0.32,0.1,,0.22263449999999996
290,C1,3.6e-05,H178R,0.32,0.1,,0.10197
291,D1,1.6100000000000002e-05,H178R,0.32,0.1,,0.045603250000000005
292,E1,2.9199999999999998e-05,H178R,0.32,0.1,,0.08270899999999999
293,F1,-2.94e-05,H178R,0.32,0.1,,-0.0832755
294,G1,8.8e-06,H178R,0.32,0.1,,0.024926
295,H1,-1.2e-05,H178R,0.32,0.1,,-0.03399
296,A2,0.000269,H178R,0.32,0.1,,0.7619425
297,B2,7.170000000000001e-05,H178R,0.32,0.1,,0.20309025000000003
298,C2,3.18e-05,H178R,0.32,0.1,,0.0900735
299,D2,2.14e-05,H178R,0.32,0.1,,0.0606155
300,E2,-6.37e-05,H178R,0.32,0.1,,-0.18043025000000001
301,F2,4.4e-05,H178R,0.32,0.1,,0.12462999999999999
302,G2,-2.26e-05,H178R,0.32,0.1,,-0.0640145
303,H2,-1.05e-05,H178R,0.32,0.1,,-0.029741249999999997
304,A3,0.000268,H178R,0.32,0.1,,0.7591100000000001
305,B3,7.44e-05,H178R,0.32,0.1,,0.210738
306,C3,2.0300000000000002e-05,H178R,0.32,0.1,,0.05749975000000001
307,D3,1.1400000000000001e-05,H178R,0.32,0.1,,0.03229050000000001
308,E3,-1.59e-05,H178R,0.32,0.1,,-0.04503675
309,F3,-2.65e-05,H178R,0.32,0.1,,-0.07506125000000001
310,G3,-2.08e-05,H178R,0.32,0.1,,-0.05891600000000001
311,H3,8.8e-06,H178R,0.32,0.1,,0.024926
312,A4,0.00023999999999999998,R240E,0.11,0.1,,1.9775999999999996
313,B4,5.5799999999999994e-05,R240E,0.11,0.1,,0.45979199999999987
314,C4,2.57e-05,R240E,0.11,0.1,,0.211768
315,D4,8.72e-06,R240E,0.11,0.1,,0.07185279999999998
316,E4,4.6500000000000005e-05,R240E,0.11,0.1,,0.38316000000000006
317,F4,-3.9899999999999994e-05,R240E,0.11,0.1,,-0.3287759999999999
318,G4,-2.36e-05,R240E,0.11,0.1,,-0.19446399999999997
319,H4,-6.62e-06,R240E,0.11,0.1,,-0.0545488
320,A5,0.000199,R240E,0.11,0.1,,1.6397599999999999
321,B5,5.660000000000001e-05,R240E,0.11,0.1,,0.46638399999999997
322,C5,2.05e-05,R240E,0.11,0.1,,0.16892
323,D5,-1.49e-05,R240E,0.11,0.1,,-0.12277599999999998
324,E5,-3.8799999999999994e-05,R240E,0.11,0.1,,-0.31971199999999994
325,F5,-5.5100000000000004e-05,R240E,0.11,0.1,,-0.45402400000000004
326,G5,-3.28e-05,R240E,0.11,0.1,,-0.27027199999999996
327,H5,-2.33e-05,R240E,0.11,0.1,,-0.19199199999999997
328,A6,0.000176,R240E,0.11,0.1,,1.4502399999999998
329,B6,0.000183,R240E,0.11,0.1,,1.50792
330,C6,2.23e-05,R240E,0.11,0.1,,0.18375199999999997
331,D6,-1.3000000000000001e-05,R240E,0.11,0.1,,-0.10711999999999999
332,E6,-2.8600000000000004e-05,R240E,0.11,0.1,,-0.235664
333,F6,-5.8299999999999994e-05,R240E,0.11,0.1,,-0.48039199999999993
334,G6,-3.6200000000000006e-05,R240E,0.11,0.1,,-0.298288
335,H6,-7.82e-06,R240E,0.11,0.1,,-0.06443679999999999
336,A7,0.000366,N293D,0.17,0.1,,1.9514258823529411
337,B7,9.02e-05,N293D,0.17,0.1,,0.4809251764705882
338,C7,2.8899999999999998e-05,N293D,0.17,0.1,,0.15408799999999997
339,D7,1.47e-05,N293D,0.17,0.1,,0.07837694117647058
340,E7,2.62e-05,N293D,0.17,0.1,,0.13969223529411764
341,F7,-4.3e-05,N293D,0.17,0.1,,-0.22926588235294118
342,G7,-1.1400000000000001e-05,N293D,0.17,0.1,,-0.06078211764705883
343,H7,-1.11e-05,N293D,0.17,0.1,,-0.05918258823529411
344,A8,0.00033,N293D,0.17,0.1,,1.7594823529411765
345,B8,0.000101,N293D,0.17,0.1,,0.5385082352941176
346,C8,3.289999999999999e-05,N293D,0.17,0.1,,0.17541505882352937
347,D8,1.24e-05,N293D,0.17,0.1,,0.06611388235294118
348,E8,1.62e-05,N293D,0.17,0.1,,0.08637458823529412
349,F8,-2.25e-05,N293D,0.17,0.1,,-0.11996470588235295
350,G8,-2.22e-05,N293D,0.17,0.1,,-0.11836517647058822
351,H8,1.31e-05,N293D,0.17,0.1,,0.06984611764705882
352,A9,0.00038199999999999996,N293D,0.17,0.1,,2.0367341176470584
353,B9,8.8e-05,N293D,0.17,0.1,,0.469195294117647
354,C9,3.0799999999999996e-05,N293D,0.17,0.1,,0.16421835294117643
355,D9,1.27e-05,N293D,0.17,0.1,,0.06771341176470588
356,E9,1.1400000000000001e-05,N293D,0.17,0.1,,0.06078211764705883
357,F9,-1.74e-05,N293D,0.17,0.1,,-0.09277270588235292
358,G9,-1.92e-05,N293D,0.17,0.1,,-0.10236988235294116
359,H9,-8.8e-06,N293D,0.17,0.1,,-0.0469195294117647
360,A10,0.192,WT,2.03,0.01,,857.2847290640397
361,B10,0.161,WT,2.03,0.01,,718.8689655172416
362,C10,0.0977,WT,2.03,0.01,,436.23290640394094
363,D10,0.0378,WT,2.03,0.01,,168.7779310344828
364,E10,0.0105,WT,2.03,0.01,,46.882758620689664
365,F10,0.00277,WT,2.03,0.01,,12.368118226600988
366,G10,0.000734,WT,2.03,0.01,,3.2773280788177344
367,H10,-1.1599999999999999e-05,WT,2.03,0.01,,-0.051794285714285716
368,A11,0.19699999999999998,WT,2.03,0.01,,879.6098522167488
369,B11,0.157,WT,2.03,0.01,,701.0088669950741
370,C11,0.0957,WT,2.03,0.01,,427.3028571428572
371,D11,0.0372,WT,2.03,0.01,,166.09891625615765
372,E11,0.0108,WT,2.03,0.01,,48.22226600985223
373,F11,0.00293,WT,2.03,0.01,,13.082522167487687
374,G11,0.000766,WT,2.03,0.01,,3.420208866995074
375,H11,-7.52e-06,WT,2.03,0.01,,-0.033576985221674883
376,A12,0.19399999999999998,WT,2.03,0.01,,866.2147783251231
377,B12,0.156,WT,2.03,0.01,,696.5438423645321
378,C12,0.10400000000000001,WT,2.03,0.01,,464.36256157635484
379,D12,0.0388,WT,2.03,0.01,,173.24295566502465
380,E12,0.0108,WT,2.03,0.01,,48.22226600985223
381,F12,0.0028699999999999997,WT,2.03,0.01,,12.814620689655172
382,G12,0.0007509999999999999,WT,2.03,0.01,,3.3532334975369458
383,H12,-8.05e-06,WT,2.03,0.01,,-0.03594344827586207
384,A1,8.44e-05,W325G,0.13,0.1,,0.5884627692307692
385,B1,5.720000000000001e-05,W325G,0.13,0.1,,0.398816
386,C1,3.68e-05,W325G,0.13,0.1,,0.25658092307692304
387,D1,1.73e-05,W325G,0.13,0.1,,0.12062092307692307
388,E1,9.17e-06,W325G,0.13,0.1,,0.06393606153846153
389,F1,-6.69e-06,W325G,0.13,0.1,,-0.04664473846153846
390,G1,-8.8e-06,W325G,0.13,0.1,,-0.06135630769230769
391,H1,-6.24e-06,W325G,0.13,0.1,,-0.0435072
392,A2,0.000128,W325G,0.13,0.1,,0.8924553846153845
393,B2,5.520000000000001e-05,W325G,0.13,0.1,,0.3848713846153846
394,C2,3.14e-05,W325G,0.13,0.1,,0.21893046153846152
395,D2,2.33e-05,W325G,0.13,0.1,,0.1624547692307692
396,E2,8.95e-06,W325G,0.13,0.1,,0.06240215384615385
397,F2,1.87e-05,W325G,0.13,0.1,,0.13038215384615384
398,G2,-1.42e-05,W325G,0.13,0.1,,-0.09900676923076922
399,H2,-1.3500000000000001e-05,W325G,0.13,0.1,,-0.09412615384615385
400,A3,0.000121,W325G,0.13,0.1,,0.8436492307692307
401,B3,6.4e-05,W325G,0.13,0.1,,0.44622769230769227
402,C3,2.95e-05,W325G,0.13,0.1,,0.20568307692307689
403,D3,1.76e-05,W325G,0.13,0.1,,0.12271261538461538
404,E3,-1.55e-05,W325G,0.13,0.1,,-0.10807076923076923
405,F3,-1.0800000000000002e-05,W325G,0.13,0.1,,-0.07530092307692308
406,G3,-1.29e-05,W325G,0.13,0.1,,-0.08994276923076923
407,H3,-9.4e-06,W325G,0.13,0.1,,-0.0655396923076923
408,A4,0.0013,H379T,0.27,0.1,,4.364148148148148
409,B4,0.0012699999999999999,H379T,0.27,0.1,,4.263437037037036
410,C4,0.000603,H379T,0.27,0.1,,2.0242933333333335
411,D4,0.00023999999999999998,H379T,0.27,0.1,,0.8056888888888888
412,E4,8.170000000000001e-05,H379T,0.27,0.1,,0.274269925925926
413,F4,3.1e-05,H379T,0.27,0.1,,0.10406814814814816
414,G4,1.65e-05,H379T,0.27,0.1,,0.05539111111111112
415,H4,9.7e-06,H379T,0.27,0.1,,0.032563259259259264
416,A5,0.0013599999999999999,H379T,0.27,0.1,,4.56557037037037
417,B5,0.00124,H379T,0.27,0.1,,4.162725925925925
418,C5,0.000696,H379T,0.27,0.1,,2.336497777777778
419,D5,0.00022799999999999999,H379T,0.27,0.1,,0.7654044444444443
420,E5,8.88e-05,H379T,0.27,0.1,,0.2981048888888889
421,F5,3.8299999999999996e-05,H379T,0.27,0.1,,0.12857451851851848
422,G5,2.23e-05,H379T,0.27,0.1,,0.07486192592592592
423,H5,-6.32e-06,H379T,0.27,0.1,,-0.021216474074074072
424,A6,0.00149,H379T,0.27,0.1,,5.001985185185185
425,B6,0.0012699999999999999,H379T,0.27,0.1,,4.263437037037036
426,C6,0.000655,H379T,0.27,0.1,,2.198859259259259
427,D6,0.00024900000000000004,H379T,0.27,0.1,,0.8359022222222223
428,E6,8.06e-05,H379T,0.27,0.1,,0.27057718518518514
429,F6,3.5600000000000005e-05,H379T,0.27,0.1,,0.11951051851851853
430,G6,2.09e-05,H379T,0.27,0.1,,0.07016207407407407
431,H6,-9.47e-06,H379T,0.27,0.1,,-0.03179114074074074
432,A7,0.000512,W399R,2.13,0.1,,0.21787643192488265
433,B7,0.00040199999999999996,W399R,2.13,0.1,,0.17106704225352112
434,C7,0.000265,W399R,2.13,0.1,,0.1127680751173709
435,D7,0.00013000000000000002,W399R,2.13,0.1,,0.05532018779342724
436,E7,5.8299999999999994e-05,W399R,2.13,0.1,,0.024808976525821598
437,F7,2.9299999999999997e-05,W399R,2.13,0.1,,0.012468319248826291
438,G7,-1.4000000000000001e-05,W399R,2.13,0.1,,-0.005957558685446011
439,H7,-5.34e-06,W399R,2.13,0.1,,-0.0022723830985915496
440,A8,0.000562,W399R,2.13,0.1,,0.23915342723004696
441,B8,0.000391,W399R,2.13,0.1,,0.166386103286385
442,C8,0.00023999999999999998,W399R,2.13,0.1,,0.10212957746478873
443,D8,0.000128,W399R,2.13,0.1,,0.05446910798122066
444,E8,5.68e-05,W399R,2.13,0.1,,0.02417066666666667
445,F8,2.17e-05,W399R,2.13,0.1,,0.009234215962441316
446,G8,1.55e-05,W399R,2.13,0.1,,0.00659586854460094
447,H8,-9.17e-06,W399R,2.13,0.1,,-0.0039022009389671364
448,A9,0.000307,W399R,2.13,0.1,,0.1306407511737089
449,B9,0.00040199999999999996,W399R,2.13,0.1,,0.17106704225352112
450,C9,0.00024700000000000004,W399R,2.13,0.1,,0.10510835680751177
451,D9,0.000147,W399R,2.13,0.1,,0.0625543661971831
452,E9,0.00013700000000000002,W399R,2.13,0.1,,0.05829896713615025
453,F9,2.8800000000000002e-05,W399R,2.13,0.1,,0.01225554929577465
454,G9,1.93e-05,W399R,2.13,0.1,,0.008212920187793429
455,H9,-9.25e-06,W399R,2.13,0.1,,-0.0039362441314554
456,A10,0.0005769999999999999,F415N,0.75,0.1,,0.6973237333333332
457,B10,0.000327,F415N,0.75,0.1,,0.3951904
458,C10,0.000134,F415N,0.75,0.1,,0.16194346666666665
459,D10,7.42e-05,F415N,0.75,0.1,,0.08967317333333333
460,E10,1.7800000000000002e-05,F415N,0.75,0.1,,0.021511893333333334
461,F10,1.1599999999999999e-05,F415N,0.75,0.1,,0.014018986666666663
462,G10,-1.7800000000000002e-05,F415N,0.75,0.1,,-0.021511893333333334
463,H10,1.6e-05,F415N,0.75,0.1,,0.019336533333333333
464,A11,0.00055,F415N,0.75,0.1,,0.6646933333333332
465,B11,0.000319,F415N,0.75,0.1,,0.3855221333333333
466,C11,0.000136,F415N,0.75,0.1,,0.16436053333333334
467,D11,5.07e-05,F415N,0.75,0.1,,0.061272639999999996
468,E11,2.71e-05,F415N,0.75,0.1,,0.032751253333333334
469,F11,1.17e-05,F415N,0.75,0.1,,0.014139839999999999
470,G11,7.52e-06,F415N,0.75,0.1,,0.009088170666666666
471,H11,-8.27e-06,F415N,0.75,0.1,,-0.009994570666666666
472,A12,0.000582,F415N,0.75,0.1,,0.7033664
473,B12,0.000304,F415N,0.75,0.1,,0.3673941333333333
474,C12,0.000139,F415N,0.75,0.1,,0.16798613333333332
475,D12,4.95e-05,F415N,0.75,0.1,,0.05982239999999999
476,E12,2.4100000000000003e-05,F415N,0.75,0.1,,0.029125653333333338
477,F12,1.11e-05,F415N,0.75,0.1,,0.01341472
478,G12,1.0300000000000001e-05,F415N,0.75,0.1,,0.012447893333333335
479,H12,-5.11e-06,F415N,0.75,0.1,,-0.006175605333333333
480,A1,0.0004,Y166P_2,0.242,0.1,,1.4981818181818183
481,B1,0.000118,Y166P_2,0.242,0.1,,0.44196363636363634
482,C1,5.91e-05,Y166P_2,0.242,0.1,,0.22135636363636366
483,D1,2.8999999999999997e-05,Y166P_2,0.242,0.1,,0.10861818181818181
484,E1,-1.22e-05,Y166P_2,0.242,0.1,,-0.04569454545454546
485,F1,1.1599999999999999e-05,Y166P_2,0.242,0.1,,0.04344727272727272
486,G1,-1.36e-05,Y166P_2,0.242,0.1,,-0.05093818181818182
487,H1,1.3300000000000001e-05,Y166P_2,0.242,0.1,,0.04981454545454546
488,A2,0.000315,Y166P_2,0.242,0.1,,1.1798181818181819
489,B2,0.000102,Y166P_2,0.242,0.1,,0.3820363636363636
490,C2,7.979999999999999e-05,Y166P_2,0.242,0.1,,0.2988872727272727
491,D2,2.78e-05,Y166P_2,0.242,0.1,,0.10412363636363638
492,E2,1.23e-05,Y166P_2,0.242,0.1,,0.046069090909090914
493,F2,1.05e-05,Y166P_2,0.242,0.1,,0.039327272727272725
494,G2,1.12e-05,Y166P_2,0.242,0.1,,0.04194909090909091
495,H2,-0.00023999999999999998,Y166P_2,0.242,0.1,,-0.8989090909090909
496,A3,0.00034500000000000004,Y166P_2,0.242,0.1,,1.2921818181818183
497,B3,0.000126,Y166P_2,0.242,0.1,,0.47192727272727275
498,C3,6.0299999999999995e-05,Y166P_2,0.242,0.1,,0.2258509090909091
499,D3,2.8699999999999996e-05,Y166P_2,0.242,0.1,,0.10749454545454544
500,E3,1.12e-05,Y166P_2,0.242,0.1,,0.04194909090909091
501,F3,2.44e-05,Y166P_2,0.242,0.1,,0.09138909090909092
502,G3,2.8999999999999997e-05,Y166P_2,0.242,0.1,,0.10861818181818181
503,H3,1.22e-05,Y166P_2,0.242,0.1,,0.04569454545454546
504,A4,0.000582,M221A_2,0.153,0.1,,3.4478745098039214
505,B4,0.00021899999999999998,M221A_2,0.153,0.1,,1.2973960784313725
506,C4,0.000136,M221A_2,0.153,0.1,,0.8056888888888889
507,D4,7.31e-05,M221A_2,0.153,0.1,,0.43305777777777776
508,E4,0.000102,M221A_2,0.153,0.1,,0.6042666666666666
509,F4,1.4999999999999999e-05,M221A_2,0.153,0.1,,0.08886274509803921
510,G4,1.59e-05,M221A_2,0.153,0.1,,0.09419450980392156
511,H4,1.53e-05,M221A_2,0.153,0.1,,0.09064
512,A5,0.000413,M221A_2,0.153,0.1,,2.4466875816993463
513,B5,0.0006190000000000001,M221A_2,0.153,0.1,,3.6670692810457513
514,C5,0.00011499999999999999,M221A_2,0.153,0.1,,0.6812810457516338
515,D5,4.3200000000000007e-05,M221A_2,0.153,0.1,,0.25592470588235294
516,E5,2.9199999999999998e-05,M221A_2,0.153,0.1,,0.17298614379084964
517,F5,4.5e-05,M221A_2,0.153,0.1,,0.2665882352941176
518,G5,-6.39e-06,M221A_2,0.153,0.1,,-0.0378555294117647
519,H5,1.12e-05,M221A_2,0.153,0.1,,0.06635084967320261
520,A6,0.0005480000000000001,M221A_2,0.153,0.1,,3.2464522875817
521,B6,0.000207,M221A_2,0.153,0.1,,1.226305882352941
522,C6,0.00010800000000000001,M221A_2,0.153,0.1,,0.6398117647058823
523,D6,4.8200000000000006e-05,M221A_2,0.153,0.1,,0.2855456209150327
524,E6,1.9399999999999997e-05,M221A_2,0.153,0.1,,0.11492915032679736
525,F6,1.9699999999999998e-05,M221A_2,0.153,0.1,,0.11670640522875815
526,G6,1.83e-05,M221A_2,0.153,0.1,,0.10841254901960784
527,H6,1.3800000000000002e-05,M221A_2,0.153,0.1,,0.08175372549019608
528,A7,0.000245,T296A_2,0.21,0.1,,1.0574666666666666
529,B7,1.17e-05,T296A_2,0.21,0.1,,0.05049942857142857
530,C7,2.34e-05,T296A_2,0.21,0.1,,0.10099885714285714
531,D7,1.77e-05,T296A_2,0.21,0.1,,0.07639657142857142
532,E7,2.0600000000000003e-05,T296A_2,0.21,0.1,,0.08891352380952382
533,F7,1.6899999999999997e-05,T296A_2,0.21,0.1,,0.07294361904761903
534,G7,1.04e-05,T296A_2,0.21,0.1,,0.04488838095238096
535,H7,2.08e-05,T296A_2,0.21,0.1,,0.08977676190476191
536,A8,0.00018600000000000002,T296A_2,0.21,0.1,,0.8028114285714287
537,B8,-9.379999999999999e-05,T296A_2,0.21,0.1,,-0.4048586666666666
538,C8,2.24e-05,T296A_2,0.21,0.1,,0.09668266666666667
539,D8,1.62e-05,T296A_2,0.21,0.1,,0.06992228571428571
540,E8,1.36e-05,T296A_2,0.21,0.1,,0.058700190476190475
541,F8,2.9199999999999998e-05,T296A_2,0.21,0.1,,0.1260327619047619
542,G8,8.8e-06,T296A_2,0.21,0.1,,0.03798247619047619
543,H8,-3.53e-05,T296A_2,0.21,0.1,,-0.1523615238095238
544,A9,8.170000000000001e-05,T296A_2,0.21,0.1,,0.35263276190476195
545,B9,2.47e-05,T296A_2,0.21,0.1,,0.10660990476190477
546,C9,2.12e-05,T296A_2,0.21,0.1,,0.0915032380952381
547,D9,7.29e-06,T296A_2,0.21,0.1,,0.03146502857142857
548,E9,1.29e-05,T296A_2,0.21,0.1,,0.05567885714285714
549,F9,1.24e-05,T296A_2,0.21,0.1,,0.053520761904761904
550,G9,1.2e-05,T296A_2,0.21,0.1,,0.05179428571428571
551,H9,-0.000145,T296A_2,0.21,0.1,,-0.625847619047619
552,A10,0.00018,W325H_2,0.128,0.1,,1.2746250000000001
553,B10,8.28e-05,W325H_2,0.128,0.1,,0.5863275
554,C10,7.72e-05,W325H_2,0.128,0.1,,0.5466725
555,D10,3.26e-05,W325H_2,0.128,0.1,,0.23084874999999996
556,E10,1.57e-05,W325H_2,0.128,0.1,,0.11117562499999999
557,F10,5.3400000000000004e-05,W325H_2,0.128,0.1,,0.37813875
558,G10,1.52e-05,W325H_2,0.128,0.1,,0.107635
559,H10,1.42e-05,W325H_2,0.128,0.1,,0.10055375
560,A11,0.000155,W325H_2,0.128,0.1,,1.09759375
561,B11,6.91e-05,W325H_2,0.128,0.1,,0.48931437499999997
562,C11,4.3799999999999994e-05,W325H_2,0.128,0.1,,0.3101587499999999
563,D11,2.95e-05,W325H_2,0.128,0.1,,0.20889687499999998
564,E11,1.36e-05,W325H_2,0.128,0.1,,0.09630499999999999
565,F11,1.11e-05,W325H_2,0.128,0.1,,0.078601875
566,G11,1.31e-05,W325H_2,0.128,0.1,,0.092764375
567,H11,1.32e-05,W325H_2,0.128,0.1,,0.0934725
568,A12,0.000118,W325H_2,0.128,0.1,,0.8355874999999999
569,B12,5.94e-05,W325H_2,0.128,0.1,,0.42062625
570,C12,3.37e-05,W325H_2,0.128,0.1,,0.23863812499999998
571,D12,2.05e-05,W325H_2,0.128,0.1,,0.145165625
572,E12,9.55e-06,W325H_2,0.128,0.1,,0.0676259375
573,F12,1.28e-05,W325H_2,0.128,0.1,,0.09063999999999998
574,G12,7.22e-06,W325H_2,0.128,0.1,,0.051126625
575,H12,1.25e-05,W325H_2,0.128,0.1,,0.08851562499999999
576,A1,0.0013800000000000002,H178A_2,0.11900000000000001,0.1,,10.511193277310925
577,B1,0.0010199999999999999,H178A_2,0.11900000000000001,0.1,,7.769142857142855
578,C1,0.000481,H178A_2,0.11900000000000001,0.1,,3.663684033613445
579,D1,0.000162,H178A_2,0.11900000000000001,0.1,,1.2339226890756303
580,E1,6.709999999999999e-05,H178A_2,0.11900000000000001,0.1,,0.5110877310924369
581,F1,3.09e-05,H178A_2,0.11900000000000001,0.1,,0.2353593277310924
582,G1,2.9600000000000005e-05,H178A_2,0.11900000000000001,0.1,,0.22545747899159665
583,H1,2.59e-05,H178A_2,0.11900000000000001,0.1,,0.19727529411764702
584,A2,0.0014,H178A_2,0.11900000000000001,0.1,,10.663529411764705
585,B2,0.00103,H178A_2,0.11900000000000001,0.1,,7.845310924369747
586,C2,0.00046100000000000004,H178A_2,0.11900000000000001,0.1,,3.5113478991596643
587,D2,0.00016299999999999998,H178A_2,0.11900000000000001,0.1,,1.241539495798319
588,E2,5.79e-05,H178A_2,0.11900000000000001,0.1,,0.4410131092436974
589,F2,3.79e-05,H178A_2,0.11900000000000001,0.1,,0.28867697478991594
590,G2,1.77e-05,H178A_2,0.11900000000000001,0.1,,0.13481747899159663
591,H2,3.27e-05,H178A_2,0.11900000000000001,0.1,,0.24906957983193279
592,A3,0.00143,H178A_2,0.11900000000000001,0.1,,10.892033613445378
593,B3,0.0009369999999999999,H178A_2,0.11900000000000001,0.1,,7.136947899159662
594,C3,0.000481,H178A_2,0.11900000000000001,0.1,,3.663684033613445
595,D3,0.000155,H178A_2,0.11900000000000001,0.1,,1.1806050420168066
596,E3,0.000167,H178A_2,0.11900000000000001,0.1,,1.2720067226890754
597,F3,4.7e-05,H178A_2,0.11900000000000001,0.1,,0.3579899159663865
598,G3,2.4299999999999998e-05,H178A_2,0.11900000000000001,0.1,,0.18508840336134452
599,H3,1.55e-05,H178A_2,0.11900000000000001,0.1,,0.11806050420168067
600,A4,0.000356,E222R_2,0.43,0.1,,0.7504148837209302
601,B4,6.809999999999999e-05,E222R_2,0.43,0.1,,0.14354846511627906
602,C4,4.2499999999999996e-05,E222R_2,0.43,0.1,,0.08958604651162791
603,D4,3.11e-05,E222R_2,0.43,0.1,,0.06555590697674418
604,E4,1.9399999999999997e-05,E222R_2,0.43,0.1,,0.04089339534883721
605,F4,1.77e-05,E222R_2,0.43,0.1,,0.03730995348837209
606,G4,3.17e-05,E222R_2,0.43,0.1,,0.06682065116279069
607,H4,2.1e-05,E222R_2,0.43,0.1,,0.0442660465116279
608,A5,0.000314,E222R_2,0.43,0.1,,0.6618827906976744
609,B5,4.31e-05,E222R_2,0.43,0.1,,0.09085079069767442
610,C5,0.000936,E222R_2,0.43,0.1,,1.9730009302325582
611,D5,2.14e-05,E222R_2,0.43,0.1,,0.04510920930232558
612,E5,1.99e-05,E222R_2,0.43,0.1,,0.0419473488372093
613,F5,2.33e-05,E222R_2,0.43,0.1,,0.049114232558139535
614,G5,1.99e-05,E222R_2,0.43,0.1,,0.0419473488372093
615,H5,7.07e-06,E222R_2,0.43,0.1,,0.014902902325581396
616,A6,0.000413,E222R_2,0.43,0.1,,0.8705655813953489
617,B6,7.509999999999998e-05,E222R_2,0.43,0.1,,0.15830381395348836
618,C6,3.06e-05,E222R_2,0.43,0.1,,0.0645019534883721
619,D6,1.89e-05,E222R_2,0.43,0.1,,0.03983944186046511
620,E6,3.3600000000000004e-05,E222R_2,0.43,0.1,,0.07082567441860466
621,F6,2.24e-05,E222R_2,0.43,0.1,,0.04721711627906977
622,G6,2.05e-05,E222R_2,0.43,0.1,,0.043212093023255814
623,H6,1.52e-05,E222R_2,0.43,0.1,,0.032040186046511626
624,A7,0.000398,E222K_2,0.01,0.1,,36.074720000000006
625,B7,8.13e-05,E222K_2,0.01,0.1,,7.369032000000001
626,C7,3.4e-05,E222K_2,0.01,0.1,,3.08176
627,D7,2.8100000000000002e-05,E222K_2,0.01,0.1,,2.5469840000000006
628,E7,2.05e-05,E222K_2,0.01,0.1,,1.8581200000000002
629,F7,1.74e-05,E222K_2,0.01,0.1,,1.5771359999999999
630,G7,2.12e-05,E222K_2,0.01,0.1,,1.9215680000000002
631,H7,1.23e-05,E222K_2,0.01,0.1,,1.114872
632,A8,0.000401,E222K_2,0.01,0.1,,36.34664
633,B8,7.53e-05,E222K_2,0.01,0.1,,6.825192
634,C8,3.3100000000000005e-05,E222K_2,0.01,0.1,,3.000184000000001
635,D8,2.37e-05,E222K_2,0.01,0.1,,2.148168
636,E8,1.7899999999999998e-05,E222K_2,0.01,0.1,,1.622456
637,F8,1.92e-05,E222K_2,0.01,0.1,,1.740288
638,G8,1.51e-05,E222K_2,0.01,0.1,,1.3686639999999999
639,H8,1.11e-05,E222K_2,0.01,0.1,,1.006104
640,A9,0.00038199999999999996,E222K_2,0.01,0.1,,34.62448
641,B9,5.8899999999999995e-05,E222K_2,0.01,0.1,,5.338696
642,C9,3.41e-05,E222K_2,0.01,0.1,,3.0908240000000005
643,D9,2.4299999999999998e-05,E222K_2,0.01,0.1,,2.202552
644,E9,2.25e-05,E222K_2,0.01,0.1,,2.0394
645,F9,2.47e-05,E222K_2,0.01,0.1,,2.238808
646,G9,2.2899999999999998e-05,E222K_2,0.01,0.1,,2.075656
647,H9,1.18e-05,E222K_2,0.01,0.1,,1.069552
648,A10,0.000556,E222Y_2,0.20199999999999999,0.1,,2.494843564356436
649,B10,0.000109,E222Y_2,0.20199999999999999,0.1,,0.4890970297029704
650,C10,7.69e-05,E222Y_2,0.20199999999999999,0.1,,0.345060198019802
651,D10,2.8000000000000003e-05,E222Y_2,0.20199999999999999,0.1,,0.12563960396039606
652,E10,3.0299999999999998e-05,E222Y_2,0.20199999999999999,0.1,,0.13596000000000003
653,F10,5.94e-05,E222Y_2,0.20199999999999999,0.1,,0.2665354455445545
654,G10,2.7899999999999997e-05,E222Y_2,0.20199999999999999,0.1,,0.1251908910891089
655,H10,2.01e-05,E222Y_2,0.20199999999999999,0.1,,0.0901912871287129
656,A11,0.000411,E222Y_2,0.20199999999999999,0.1,,1.8442099009900994
657,B11,0.000136,E222Y_2,0.20199999999999999,0.1,,0.6102495049504951
658,C11,5.5e-05,E222Y_2,0.20199999999999999,0.1,,0.24679207920792084
659,D11,2.7300000000000003e-05,E222Y_2,0.20199999999999999,0.1,,0.12249861386138616
660,E11,2.56e-05,E222Y_2,0.20199999999999999,0.1,,0.11487049504950496
661,F11,2.23e-05,E222Y_2,0.20199999999999999,0.1,,0.10006297029702971
662,G11,2.11e-05,E222Y_2,0.20199999999999999,0.1,,0.09467841584158418
663,H11,2.3800000000000003e-05,E222Y_2,0.20199999999999999,0.1,,0.10679366336633667
664,A12,0.000539,E222Y_2,0.20199999999999999,0.1,,2.418562376237624
665,B12,9.23e-05,E222Y_2,0.20199999999999999,0.1,,0.41416198019801986
666,C12,3.6200000000000006e-05,E222Y_2,0.20199999999999999,0.1,,0.16243405940594063
667,D12,2.6700000000000002e-05,E222Y_2,0.20199999999999999,0.1,,0.1198063366336634
668,E12,2.49e-05,E222Y_2,0.20199999999999999,0.1,,0.11172950495049505
669,F12,3.2e-05,E222Y_2,0.20199999999999999,0.1,,0.14358811881188122
670,G12,1.6100000000000002e-05,E222Y_2,0.20199999999999999,0.1,,0.07224277227722774
671,H12,1.83e-05,E222Y_2,0.20199999999999999,0.1,,0.08211445544554456
672,A1,0.00462,I244N_2,0.006,0.1,,697.928
673,B1,0.00394,I244N_2,0.006,0.1,,595.2026666666666
674,C1,0.00253,I244N_2,0.006,0.1,,382.1986666666666
675,D1,0.000953,I244N_2,0.006,0.1,,143.96653333333333
676,E1,0.000278,I244N_2,0.006,0.1,,41.99653333333333
677,F1,7.26e-05,I244N_2,0.006,0.1,,10.96744
678,G1,5.429999999999999e-05,I244N_2,0.006,0.1,,8.202919999999999
679,H1,7.22e-06,I244N_2,0.006,0.1,,1.0907013333333333
680,A2,0.00466,I244N_2,0.006,0.1,,703.9706666666666
681,B2,0.00399,I244N_2,0.006,0.1,,602.7559999999999
682,C2,0.0024,I244N_2,0.006,0.1,,362.55999999999995
683,D2,0.000839,I244N_2,0.006,0.1,,126.74493333333332
684,E2,0.000242,I244N_2,0.006,0.1,,36.55813333333333
685,F2,6.86e-05,I244N_2,0.006,0.1,,10.363173333333334
686,G2,2.27e-05,I244N_2,0.006,0.1,,3.4292133333333332
687,H2,1.05e-05,I244N_2,0.006,0.1,,1.5861999999999996
688,A3,0.0043,I244N_2,0.006,0.1,,649.5866666666666
689,B3,0.0036899999999999997,I244N_2,0.006,0.1,,557.4359999999999
690,C3,0.0022600000000000003,I244N_2,0.006,0.1,,341.4106666666667
691,D3,0.0008460000000000001,I244N_2,0.006,0.1,,127.8024
692,E3,0.00025499999999999996,I244N_2,0.006,0.1,,38.52199999999999
693,F3,8.32e-05,I244N_2,0.006,0.1,,12.568746666666668
694,G3,2.97e-05,I244N_2,0.006,0.1,,4.48668
695,H3,1.1599999999999999e-05,I244N_2,0.006,0.1,,1.7523733333333331
696,A4,0.000383,N354A_2,0.264,0.1,,1.3149666666666664
697,B4,2.99e-05,N354A_2,0.264,0.1,,0.10265666666666665
698,C4,1.83e-05,N354A_2,0.264,0.1,,0.06283
699,D4,2.0300000000000002e-05,N354A_2,0.264,0.1,,0.06969666666666667
700,E4,1.3000000000000001e-05,N354A_2,0.264,0.1,,0.04463333333333333
701,F4,9.109999999999999e-05,N354A_2,0.264,0.1,,0.31277666666666665
702,G4,1.23e-05,N354A_2,0.264,0.1,,0.04223
703,H4,1.11e-05,N354A_2,0.264,0.1,,0.03811
704,A5,0.00034700000000000003,N354A_2,0.264,0.1,,1.1913666666666667
705,B5,3.34e-05,N354A_2,0.264,0.1,,0.11467333333333332
706,C5,1.3800000000000002e-05,N354A_2,0.264,0.1,,0.04738
707,D5,1.32e-05,N354A_2,0.264,0.1,,0.04532
708,E5,1.23e-05,N354A_2,0.264,0.1,,0.04223
709,F5,7.82e-06,N354A_2,0.264,0.1,,0.026848666666666663
710,G5,3.76e-05,N354A_2,0.264,0.1,,0.12909333333333334
711,H5,8.87e-06,N354A_2,0.264,0.1,,0.030453666666666664
712,A6,0.00010800000000000001,N354A_2,0.264,0.1,,0.37079999999999996
713,B6,4.33e-05,N354A_2,0.264,0.1,,0.14866333333333334
714,C6,1.64e-05,N354A_2,0.264,0.1,,0.05630666666666666
715,D6,9.1e-06,N354A_2,0.264,0.1,,0.031243333333333328
716,E6,1.49e-05,N354A_2,0.264,0.1,,0.05115666666666666
717,F6,-8.8e-06,N354A_2,0.264,0.1,,-0.03021333333333333
718,G6,1.13e-05,N354A_2,0.264,0.1,,0.03879666666666666
719,H6,7.59e-06,N354A_2,0.264,0.1,,0.026059
720,A7,0.0008699999999999999,N293A_2,0.257,0.1,,3.0683579766536964
721,B7,0.0005690000000000001,N293A_2,0.257,0.1,,2.006776653696498
722,C7,0.000252,N293A_2,0.257,0.1,,0.8887657587548637
723,D7,7.979999999999999e-05,N293A_2,0.257,0.1,,0.2814424902723735
724,E7,2.6300000000000002e-05,N293A_2,0.257,0.1,,0.09275610894941634
725,F7,1.49e-05,N293A_2,0.257,0.1,,0.05255003891050583
726,G7,5.99e-05,N293A_2,0.257,0.1,,0.21125821011673152
727,H7,9.47e-06,N293A_2,0.257,0.1,,0.03339925291828794
728,A8,0.0007599999999999999,N293A_2,0.257,0.1,,2.6804046692607
729,B8,0.000523,N293A_2,0.257,0.1,,1.8445416342412453
730,C8,0.00022400000000000002,N293A_2,0.257,0.1,,0.7900140077821012
731,D8,7.209999999999999e-05,N293A_2,0.257,0.1,,0.2542857587548638
732,E8,2.8100000000000002e-05,N293A_2,0.257,0.1,,0.09910443579766538
733,F8,1.4099999999999999e-05,N293A_2,0.257,0.1,,0.04972856031128404
734,G8,3.19e-05,N293A_2,0.257,0.1,,0.11250645914396888
735,H8,1.74e-05,N293A_2,0.257,0.1,,0.06136715953307392
736,A9,0.00116,N293A_2,0.257,0.1,,4.091143968871595
737,B9,0.000532,N293A_2,0.257,0.1,,1.8762832684824904
738,C9,0.00022400000000000002,N293A_2,0.257,0.1,,0.7900140077821012
739,D9,7.74e-05,N293A_2,0.257,0.1,,0.27297805447470813
740,E9,3.9200000000000004e-05,N293A_2,0.257,0.1,,0.1382524513618677
741,F9,1.88e-05,N293A_2,0.257,0.1,,0.06630474708171206
742,G9,1.4099999999999999e-05,N293A_2,0.257,0.1,,0.04972856031128404
743,H9,1.32e-05,N293A_2,0.257,0.1,,0.04655439688715954
