,well,rate,mutant,protein_yield,dilution,note,kobs,s
0,A1,0.175,W409Y,2.01,0.01,,789.1542288557214,0.75
1,B1,0.158,W409Y,2.01,0.01,,712.4935323383086,0.1875
2,C1,0.10400000000000001,W409Y,2.01,0.01,,468.98308457711454,0.046875
3,D1,0.0461,W409Y,2.01,0.01,,207.88577114427866,0.01171875
4,E1,0.017,W409Y,2.01,0.01,,76.66069651741294,0.002929688
5,F1,0.00585,W409Y,2.01,0.01,,26.38029850746269,0.000732422
6,G1,0.00148,W409Y,2.01,0.01,,6.673990049751244,0.000183105
7,H1,-4.21e-06,W409Y,2.01,0.01,,-0.0189847960199005,0.0
8,A2,0.17800000000000002,W409Y,2.01,0.01,,802.6825870646768,0.75
9,B2,0.16,W409Y,2.01,0.01,,721.5124378109455,0.1875
10,C2,0.114,W409Y,2.01,0.01,,514.0776119402985,0.046875
11,D2,0.0547,W409Y,2.01,0.01,,246.66706467661695,0.01171875
12,E2,0.0213,W409Y,2.01,0.01,,96.0513432835821,0.002929688
13,F2,0.0072900000000000005,W409Y,2.01,0.01,,32.8739104477612,0.000732422
14,G2,0.0018800000000000002,W409Y,2.01,0.01,,8.477771144278607,0.000183105
15,H2,8.72e-06,W409Y,2.01,0.01,,0.03932242786069652,0.0
16,A3,0.168,W409Y,2.01,0.01,,757.5880597014926,0.75
17,B3,0.159,W409Y,2.01,0.01,,717.002985074627,0.1875
18,C3,0.129,W409Y,2.01,0.01,,581.7194029850747,0.046875
19,D3,0.0651,W409Y,2.01,0.01,,293.5653731343284,0.01171875
20,E3,0.0267,W409Y,2.01,0.01,,120.40238805970151,0.002929688
21,F3,0.00952,W409Y,2.01,0.01,,42.929990049751254,0.000732422
22,G3,0.00265,W409Y,2.01,0.01,,11.950049751243782,0.000183105
23,H3,6.99e-06,W409Y,2.01,0.01,,0.031521074626865674,0.0
24,A4,0.0162,N293C,1.87,0.1,,7.852235294117646,0.75
25,B4,0.0109,N293C,1.87,0.1,,5.283294117647059,0.1875
26,C4,0.00487,N293C,1.87,0.1,,2.3605176470588236,0.046875
27,D4,0.00151,N293C,1.87,0.1,,0.7319058823529412,0.01171875
28,E4,0.000489,N293C,1.87,0.1,,0.2370211764705882,0.002929688
29,F4,0.000164,N293C,1.87,0.1,,0.07949176470588235,0.000732422
30,G4,4.0799999999999996e-05,N293C,1.87,0.1,,0.019776,0.000183105
31,H4,-8.8e-06,N293C,1.87,0.1,,-0.004265411764705882,0.0
32,A5,0.0201,N293C,1.87,0.1,,9.742588235294118,0.75
33,B5,0.0108,N293C,1.87,0.1,,5.234823529411764,0.1875
34,C5,0.00414,N293C,1.87,0.1,,2.006682352941176,0.046875
35,D5,0.0015,N293C,1.87,0.1,,0.7270588235294118,0.01171875
36,E5,0.00047599999999999997,N293C,1.87,0.1,,0.23071999999999995,0.002929688
37,F5,0.00025299999999999997,N293C,1.87,0.1,,0.12263058823529409,0.000732422
38,G5,3.84e-05,N293C,1.87,0.1,,0.018612705882352937,0.000183105
39,H5,-2.2899999999999998e-05,N293C,1.87,0.1,,-0.01109976470588235,0.0
40,A6,0.0182,N293C,1.87,0.1,,8.82164705882353,0.75
41,B6,0.011,N293C,1.87,0.1,,5.331764705882352,0.1875
42,C6,0.0047799999999999995,N293C,1.87,0.1,,2.3168941176470588,0.046875
43,D6,0.00159,N293C,1.87,0.1,,0.7706823529411764,0.01171875
44,E6,0.0005059999999999999,N293C,1.87,0.1,,0.24526117647058818,0.002929688
45,F6,0.000162,N293C,1.87,0.1,,0.07852235294117647,0.000732422
46,G6,0.00010800000000000001,N293C,1.87,0.1,,0.05234823529411765,0.000183105
47,H6,-2.6600000000000003e-05,N293C,1.87,0.1,,-0.012893176470588236,0.0
48,A7,0.0408,T15A,0.63,0.01,,587.0019047619049,0.75
49,B7,0.0334,T15A,0.63,0.01,,480.53587301587305,0.1875
50,C7,0.0216,T15A,0.63,0.01,,310.7657142857143,0.046875
51,D7,0.0104,T15A,0.63,0.01,,149.6279365079365,0.01171875
52,E7,0.00446,T15A,0.63,0.01,,64.16736507936508,0.002929688
53,F7,0.0017800000000000001,T15A,0.63,0.01,,25.609396825396832,0.000732422
54,G7,0.000518,T15A,0.63,0.01,,7.452622222222223,0.000183105
55,H7,-1.9399999999999997e-05,T15A,0.63,0.01,,-0.2791136507936508,0.0
56,A8,0.0426,T15A,0.63,0.01,,612.8990476190476,0.75
57,B8,0.0315,T15A,0.63,0.01,,453.20000000000005,0.1875
58,C8,0.0193,T15A,0.63,0.01,,277.6749206349207,0.046875
59,D8,0.00912,T15A,0.63,0.01,,131.21219047619047,0.01171875
60,E8,0.00394,T15A,0.63,0.01,,56.685968253968255,0.002929688
61,F8,0.0015,T15A,0.63,0.01,,21.580952380952386,0.000732422
62,G8,0.000449,T15A,0.63,0.01,,6.459898412698413,0.000183105
63,H8,-1.4300000000000002e-05,T15A,0.63,0.01,,-0.20573841269841273,0.0
64,A9,0.0396,T15A,0.63,0.01,,569.7371428571429,0.75
65,B9,0.0307,T15A,0.63,0.01,,441.69015873015877,0.1875
66,C9,0.0189,T15A,0.63,0.01,,271.92,0.046875
67,D9,0.00809,T15A,0.63,0.01,,116.39326984126984,0.01171875
68,E9,5.8599999999999995e-05,T15A,0.63,0.01,,0.8430958730158731,0.002929688
69,F9,0.00108,T15A,0.63,0.01,,15.538285714285715,0.000732422
70,G9,0.000291,T15A,0.63,0.01,,4.186704761904762,0.000183105
71,H9,-1.9600000000000002e-05,T15A,0.63,0.01,,-0.28199111111111114,0.0
72,A10,0.0241,N220R,1.86,0.1,,11.74421505376344,0.75
73,B10,0.0176,N220R,1.86,0.1,,8.57668817204301,0.1875
74,C10,0.00793,N220R,1.86,0.1,,3.864382795698924,0.046875
75,D10,0.0026100000000000003,N220R,1.86,0.1,,1.2718838709677418,0.01171875
76,E10,0.000886,N220R,1.86,0.1,,0.4317582795698924,0.002929688
77,F10,0.000278,N220R,1.86,0.1,,0.135472688172043,0.000732422
78,G10,7.3e-05,N220R,1.86,0.1,,0.03557376344086021,0.000183105
79,H10,-1.09e-05,N220R,1.86,0.1,,-0.005311698924731182,0.0
80,A11,0.0246,N220R,1.86,0.1,,11.987870967741934,0.75
81,B11,0.0182,N220R,1.86,0.1,,8.869075268817204,0.1875
82,C11,0.00853,N220R,1.86,0.1,,4.156769892473117,0.046875
83,D11,0.0030800000000000003,N220R,1.86,0.1,,1.500920430107527,0.01171875
84,E11,0.000926,N220R,1.86,0.1,,0.45125075268817194,0.002929688
85,F11,0.00028900000000000003,N220R,1.86,0.1,,0.1408331182795699,0.000732422
86,G11,8.32e-05,N220R,1.86,0.1,,0.040544344086021505,0.000183105
87,H11,-2.5e-05,N220R,1.86,0.1,,-0.012182795698924729,0.0
88,A12,0.03,N220R,1.86,0.1,,14.619354838709675,0.75
89,B12,0.0197,N220R,1.86,0.1,,9.600043010752685,0.1875
90,C12,0.008020000000000001,N220R,1.86,0.1,,3.9082408602150536,0.046875
91,D12,0.00301,N220R,1.86,0.1,,1.4668086021505373,0.01171875
92,E12,0.000992,N220R,1.86,0.1,,0.4834133333333333,0.002929688
93,F12,0.000296,N220R,1.86,0.1,,0.14424430107526878,0.000732422
94,G12,8.240000000000001e-05,N220R,1.86,0.1,,0.04015449462365591,0.000183105
95,H12,-2.01e-05,N220R,1.86,0.1,,-0.009794967741935483,0.0
96,A1,0.191,L362M,1.99,0.01,,869.9618090452261,0.75
97,B1,0.156,L362M,1.99,0.01,,710.5447236180904,0.1875
98,C1,0.0968,L362M,1.99,0.01,,440.9021105527638,0.046875
99,D1,0.0425,L362M,1.99,0.01,,193.57788944723623,0.01171875
100,E1,0.0122,L362M,1.99,0.01,,55.56824120603016,0.002929688
101,F1,0.00365,L362M,1.99,0.01,,16.62492462311558,0.000732422
102,G1,0.0012,L362M,1.99,0.01,,5.46572864321608,0.000183105
103,H1,-8.57e-06,L362M,1.99,0.01,,-0.039034412060301504,0.0
104,A2,0.18899999999999997,L362M,1.99,0.01,,860.8522613065326,0.75
105,B2,0.153,L362M,1.99,0.01,,696.8804020100503,0.1875
106,C2,0.094,L362M,1.99,0.01,,428.1487437185929,0.046875
107,D2,0.0403,L362M,1.99,0.01,,183.5573869346734,0.01171875
108,E2,0.0122,L362M,1.99,0.01,,55.56824120603016,0.002929688
109,F2,0.00386,L362M,1.99,0.01,,17.581427135678393,0.000732422
110,G2,0.00122,L362M,1.99,0.01,,5.556824120603015,0.000183105
111,H2,-1.34e-05,L362M,1.99,0.01,,-0.061033969849246236,0.0
112,A3,0.195,L362M,1.99,0.01,,888.1809045226132,0.75
113,B3,0.151,L362M,1.99,0.01,,687.7708542713567,0.1875
114,C3,0.0932,L362M,1.99,0.01,,424.5049246231156,0.046875
115,D3,0.0422,L362M,1.99,0.01,,192.21145728643216,0.01171875
116,E3,0.0126,L362M,1.99,0.01,,57.39015075376884,0.002929688
117,F3,0.00406,L362M,1.99,0.01,,18.492381909547742,0.000732422
118,G3,0.00134,L362M,1.99,0.01,,6.103396984924624,0.000183105
119,H3,-1.86e-05,L362M,1.99,0.01,,-0.08471879396984926,0.0
120,A4,0.00035800000000000003,W325R,0.16899999999999998,0.1,,1.9200662721893496,0.75
121,B4,4.7799999999999996e-05,W325R,0.16899999999999998,0.1,,0.2563663905325444,0.1875
122,C4,4.24e-05,W325R,0.16899999999999998,0.1,,0.22740449704142018,0.046875
123,D4,2.35e-05,W325R,0.16899999999999998,0.1,,0.12603786982248522,0.01171875
124,E4,3.26e-05,W325R,0.16899999999999998,0.1,,0.17484402366863908,0.002929688
125,F4,2.36e-05,W325R,0.16899999999999998,0.1,,0.126574201183432,0.000732422
126,G4,1.4499999999999998e-05,W325R,0.16899999999999998,0.1,,0.07776804733727812,0.000183105
127,H4,1.8100000000000003e-05,W325R,0.16899999999999998,0.1,,0.09707597633136099,0.0
128,A5,0.00023700000000000001,W325R,0.16899999999999998,0.1,,1.2711053254437874,0.75
129,B5,4.2e-05,W325R,0.16899999999999998,0.1,,0.22525917159763315,0.1875
130,C5,4.23e-05,W325R,0.16899999999999998,0.1,,0.22686816568047338,0.046875
131,D5,4.61e-05,W325R,0.16899999999999998,0.1,,0.24724875739644978,0.01171875
132,E5,2.11e-05,W325R,0.16899999999999998,0.1,,0.11316591715976336,0.002929688
133,F5,1.57e-05,W325R,0.16899999999999998,0.1,,0.08420402366863906,0.000732422
134,G5,1.77e-05,W325R,0.16899999999999998,0.1,,0.09493065088757399,0.000183105
135,H5,-3.02e-05,W325R,0.16899999999999998,0.1,,-0.16197207100591718,0.0
136,A6,0.000359,W325R,0.16899999999999998,0.1,,1.925429585798817,0.75
137,B6,5.05e-05,W325R,0.16899999999999998,0.1,,0.2708473372781066,0.1875
138,C6,3.73e-05,W325R,0.16899999999999998,0.1,,0.20005159763313615,0.046875
139,D6,3.289999999999999e-05,W325R,0.16899999999999998,0.1,,0.1764530177514793,0.01171875
140,E6,2.8800000000000002e-05,W325R,0.16899999999999998,0.1,,0.15446343195266277,0.002929688
141,F6,1.7899999999999998e-05,W325R,0.16899999999999998,0.1,,0.09600331360946747,0.000732422
142,G6,1.58e-05,W325R,0.16899999999999998,0.1,,0.08474035502958582,0.000183105
143,H6,3.13e-05,W325R,0.16899999999999998,0.1,,0.1678717159763314,0.0
144,A7,0.129,N220Y,1.84,0.01,,635.4652173913045,0.75
145,B7,0.125,N220Y,1.84,0.01,,615.7608695652175,0.1875
146,C7,0.113,N220Y,1.84,0.01,,556.6478260869566,0.046875
147,D7,0.10300000000000001,N220Y,1.84,0.01,,507.38695652173925,0.01171875
148,E7,0.0593,N220Y,1.84,0.01,,292.11695652173916,0.002929688
149,F7,0.0219,N220Y,1.84,0.01,,107.8813043478261,0.000732422
150,G7,0.0067,N220Y,1.84,0.01,,33.004782608695656,0.000183105
151,H7,-3.6e-05,N220Y,1.84,0.01,,-0.17733913043478264,0.0
152,A8,0.127,N220Y,1.84,0.01,,625.6130434782609,0.75
153,B8,0.124,N220Y,1.84,0.01,,610.8347826086957,0.1875
154,C8,0.11699999999999999,N220Y,1.84,0.01,,576.3521739130435,0.046875
155,D8,0.10099999999999999,N220Y,1.84,0.01,,497.5347826086957,0.01171875
156,E8,0.0587,N220Y,1.84,0.01,,289.16130434782616,0.002929688
157,F8,0.0207,N220Y,1.84,0.01,,101.97000000000001,0.000732422
158,G8,0.00583,N220Y,1.84,0.01,,28.719086956521746,0.000183105
159,H8,-2.7699999999999996e-05,N220Y,1.84,0.01,,-0.13645260869565218,0.0
160,A9,0.128,N220Y,1.84,0.01,,630.5391304347827,0.75
161,B9,0.125,N220Y,1.84,0.01,,615.7608695652175,0.1875
162,C9,0.11800000000000001,N220Y,1.84,0.01,,581.2782608695653,0.046875
163,D9,0.0981,N220Y,1.84,0.01,,483.24913043478267,0.01171875
164,E9,0.0531,N220Y,1.84,0.01,,261.57521739130436,0.002929688
165,F9,0.0161,N220Y,1.84,0.01,,79.31,0.000732422
166,G9,0.00463,N220Y,1.84,0.01,,22.807782608695653,0.000183105
167,H9,-3.3100000000000005e-05,N220Y,1.84,0.01,,-0.1630534782608696,0.0
168,A10,0.0336,N220G,2.18,0.01,,139.70201834862385,0.75
169,B10,0.0188,N220G,2.18,0.01,,78.16660550458715,0.1875
170,C10,0.00542,N220G,2.18,0.01,,22.535266055045874,0.046875
171,D10,0.00156,N220G,2.18,0.01,,6.4861651376146785,0.01171875
172,E10,0.000352,N220G,2.18,0.01,,1.4635449541284402,0.002929688
173,F10,0.00010800000000000001,N220G,2.18,0.01,,0.4490422018348624,0.000732422
174,G10,7.99e-05,N220G,2.18,0.01,,0.33220807339449543,0.000183105
175,H10,-7.659999999999999e-05,N220G,2.18,0.01,,-0.3184873394495412,0.0
176,A11,0.0372,N220G,2.18,0.01,,154.67009174311926,0.75
177,B11,0.0186,N220G,2.18,0.01,,77.33504587155963,0.1875
178,C11,0.00533,N220G,2.18,0.01,,22.161064220183484,0.046875
179,D11,0.0015300000000000001,N220G,2.18,0.01,,6.36143119266055,0.01171875
180,E11,0.00035499999999999996,N220G,2.18,0.01,,1.4760183486238532,0.002929688
181,F11,0.00011,N220G,2.18,0.01,,0.4573577981651376,0.000732422
182,G11,4.66e-05,N220G,2.18,0.01,,0.19375339449541282,0.000183105
183,H11,-4.11e-05,N220G,2.18,0.01,,-0.17088550458715596,0.0
184,A12,0.0338,N220G,2.18,0.01,,140.53357798165135,0.75
185,B12,0.0185,N220G,2.18,0.01,,76.91926605504587,0.1875
186,C12,0.0055899999999999995,N220G,2.18,0.01,,23.242091743119264,0.046875
187,D12,0.00157,N220G,2.18,0.01,,6.527743119266055,0.01171875
188,E12,0.000377,N220G,2.18,0.01,,1.5674899082568805,0.002929688
189,F12,0.000118,N220G,2.18,0.01,,0.4906201834862385,0.000732422
190,G12,5.47e-05,N220G,2.18,0.01,,0.22743155963302752,0.000183105
191,H12,-2.5300000000000002e-05,N220G,2.18,0.01,,-0.10519229357798165,0.0
192,A1,0.0132,N404C,1.64,0.01,,72.95414634146343,0.75
193,B1,0.00759,N404C,1.64,0.01,,41.948634146341476,0.1875
194,C1,0.00474,N404C,1.64,0.01,,26.197170731707324,0.046875
195,D1,0.0016300000000000002,N404C,1.64,0.01,,9.008731707317075,0.01171875
196,E1,0.000553,N404C,1.64,0.01,,3.0563365853658544,0.002929688
197,F1,0.000182,N404C,1.64,0.01,,1.0058829268292686,0.000732422
198,G1,6.57e-05,N404C,1.64,0.01,,0.36311268292682936,0.000183105
199,H1,0.000343,N404C,1.64,0.01,,1.8957024390243906,0.0
200,A2,0.0134,N404C,1.64,0.01,,74.05951219512197,0.75
201,B2,0.00818,N404C,1.64,0.01,,45.20946341463416,0.1875
202,C2,0.00492,N404C,1.64,0.01,,27.192000000000004,0.046875
203,D2,0.0016300000000000002,N404C,1.64,0.01,,9.008731707317075,0.01171875
204,E2,0.00057,N404C,1.64,0.01,,3.1502926829268296,0.002929688
205,F2,0.00019099999999999998,N404C,1.64,0.01,,1.0556243902439026,0.000732422
206,G2,6.49e-05,N404C,1.64,0.01,,0.35869121951219524,0.000183105
207,H2,-7.74e-06,N404C,1.64,0.01,,-0.042777658536585376,0.0
208,A3,0.0136,N404C,1.64,0.01,,75.1648780487805,0.75
209,B3,0.0072,N404C,1.64,0.01,,39.79317073170732,0.1875
210,C3,0.00463,N404C,1.64,0.01,,25.589219512195125,0.046875
211,D3,0.0017,N404C,1.64,0.01,,9.395609756097562,0.01171875
212,E3,0.00056,N404C,1.64,0.01,,3.095024390243903,0.002929688
213,F3,0.00018700000000000002,N404C,1.64,0.01,,1.033517073170732,0.000732422
214,G3,6.829999999999999e-05,N404C,1.64,0.01,,0.37748243902439027,0.000183105
215,H3,-9.02e-06,N404C,1.64,0.01,,-0.049852000000000014,0.0
216,A10,0.192,WT,2.03,0.01,,857.2847290640397,0.75
217,B10,0.161,WT,2.03,0.01,,718.8689655172416,0.1875
218,C10,0.0977,WT,2.03,0.01,,436.23290640394094,0.046875
219,D10,0.0378,WT,2.03,0.01,,168.7779310344828,0.01171875
220,E10,0.0105,WT,2.03,0.01,,46.882758620689664,0.002929688
221,F10,0.00277,WT,2.03,0.01,,12.368118226600988,0.000732422
222,G10,0.000734,WT,2.03,0.01,,3.2773280788177344,0.000183105
223,H10,-1.1599999999999999e-05,WT,2.03,0.01,,-0.051794285714285716,0.0
224,A11,0.19699999999999998,WT,2.03,0.01,,879.6098522167488,0.75
225,B11,0.157,WT,2.03,0.01,,701.0088669950741,0.1875
226,C11,0.0957,WT,2.03,0.01,,427.3028571428572,0.046875
227,D11,0.0372,WT,2.03,0.01,,166.09891625615765,0.01171875
228,E11,0.0108,WT,2.03,0.01,,48.22226600985223,0.002929688
229,F11,0.00293,WT,2.03,0.01,,13.082522167487687,0.000732422
230,G11,0.000766,WT,2.03,0.01,,3.420208866995074,0.000183105
231,H11,-7.52e-06,WT,2.03,0.01,,-0.033576985221674883,0.0
232,A12,0.19399999999999998,WT,2.03,0.01,,866.2147783251231,0.75
233,B12,0.156,WT,2.03,0.01,,696.5438423645321,0.1875
234,C12,0.10400000000000001,WT,2.03,0.01,,464.36256157635484,0.046875
235,D12,0.0388,WT,2.03,0.01,,173.24295566502465,0.01171875
236,E12,0.0108,WT,2.03,0.01,,48.22226600985223,0.002929688
237,F12,0.0028699999999999997,WT,2.03,0.01,,12.814620689655172,0.000732422
238,G12,0.0007509999999999999,WT,2.03,0.01,,3.3532334975369458,0.000183105
239,H12,-8.05e-06,WT,2.03,0.01,,-0.03594344827586207,0.0
240,A7,0.000512,W399R,2.13,0.1,,0.21787643192488265,0.75
241,B7,0.00040199999999999996,W399R,2.13,0.1,,0.17106704225352112,0.1875
242,C7,0.000265,W399R,2.13,0.1,,0.1127680751173709,0.046875
243,D7,0.00013000000000000002,W399R,2.13,0.1,,0.05532018779342724,0.01171875
244,E7,5.8299999999999994e-05,W399R,2.13,0.1,,0.024808976525821598,0.002929688
245,F7,2.9299999999999997e-05,W399R,2.13,0.1,,0.012468319248826291,0.000732422
246,G7,-1.4000000000000001e-05,W399R,2.13,0.1,,-0.005957558685446011,0.000183105
247,H7,-5.34e-06,W399R,2.13,0.1,,-0.0022723830985915496,0.0
248,A8,0.000562,W399R,2.13,0.1,,0.23915342723004696,0.75
249,B8,0.000391,W399R,2.13,0.1,,0.166386103286385,0.1875
250,C8,0.00023999999999999998,W399R,2.13,0.1,,0.10212957746478873,0.046875
251,D8,0.000128,W399R,2.13,0.1,,0.05446910798122066,0.01171875
252,E8,5.68e-05,W399R,2.13,0.1,,0.02417066666666667,0.002929688
253,F8,2.17e-05,W399R,2.13,0.1,,0.009234215962441316,0.000732422
254,G8,1.55e-05,W399R,2.13,0.1,,0.00659586854460094,0.000183105
255,H8,-9.17e-06,W399R,2.13,0.1,,-0.0039022009389671364,0.0
256,A9,0.000307,W399R,2.13,0.1,,0.1306407511737089,0.75
257,B9,0.00040199999999999996,W399R,2.13,0.1,,0.17106704225352112,0.1875
258,C9,0.00024700000000000004,W399R,2.13,0.1,,0.10510835680751177,0.046875
259,D9,0.000147,W399R,2.13,0.1,,0.0625543661971831,0.01171875
260,E9,0.00013700000000000002,W399R,2.13,0.1,,0.05829896713615025,0.002929688
261,F9,2.8800000000000002e-05,W399R,2.13,0.1,,0.01225554929577465,0.000732422
262,G9,1.93e-05,W399R,2.13,0.1,,0.008212920187793429,0.000183105
263,H9,-9.25e-06,W399R,2.13,0.1,,-0.0039362441314554,0.0
264,A10,0.0005769999999999999,F415N,0.75,0.1,,0.6973237333333332,0.75
265,B10,0.000327,F415N,0.75,0.1,,0.3951904,0.1875
266,C10,0.000134,F415N,0.75,0.1,,0.16194346666666665,0.046875
267,D10,7.42e-05,F415N,0.75,0.1,,0.08967317333333333,0.01171875
268,E10,1.7800000000000002e-05,F415N,0.75,0.1,,0.021511893333333334,0.002929688
269,F10,1.1599999999999999e-05,F415N,0.75,0.1,,0.014018986666666663,0.000732422
270,G10,-1.7800000000000002e-05,F415N,0.75,0.1,,-0.021511893333333334,0.000183105
271,H10,1.6e-05,F415N,0.75,0.1,,0.019336533333333333,0.0
272,A11,0.00055,F415N,0.75,0.1,,0.6646933333333332,0.75
273,B11,0.000319,F415N,0.75,0.1,,0.3855221333333333,0.1875
274,C11,0.000136,F415N,0.75,0.1,,0.16436053333333334,0.046875
275,D11,5.07e-05,F415N,0.75,0.1,,0.061272639999999996,0.01171875
276,E11,2.71e-05,F415N,0.75,0.1,,0.032751253333333334,0.002929688
277,F11,1.17e-05,F415N,0.75,0.1,,0.014139839999999999,0.000732422
278,G11,7.52e-06,F415N,0.75,0.1,,0.009088170666666666,0.000183105
279,H11,-8.27e-06,F415N,0.75,0.1,,-0.009994570666666666,0.0
280,A12,0.000582,F415N,0.75,0.1,,0.7033664,0.75
281,B12,0.000304,F415N,0.75,0.1,,0.3673941333333333,0.1875
282,C12,0.000139,F415N,0.75,0.1,,0.16798613333333332,0.046875
283,D12,4.95e-05,F415N,0.75,0.1,,0.05982239999999999,0.01171875
284,E12,2.4100000000000003e-05,F415N,0.75,0.1,,0.029125653333333338,0.002929688
285,F12,1.11e-05,F415N,0.75,0.1,,0.01341472,0.000732422
286,G12,1.0300000000000001e-05,F415N,0.75,0.1,,0.012447893333333335,0.000183105
287,H12,-5.11e-06,F415N,0.75,0.1,,-0.006175605333333333,0.0
