mutant,sequence_pos,expression,gel_number,kcat,km,err_kcat,err_km,kcatkm,err_kcatkm,tm,k,err_tm,err_k
G12N,12.0,0,16.0,,,,,,,,,,
S14A,14.0,1,9.0,,,,,,,40.01787101252781,-1.565045745449689,0.3142022138414518,0.34482840287213407
T15A,15.0,1,2.0,614.8092472010788,0.005249787218641056,14.70209850681629,0.000478392599766962,117111.26977070633,2800.5215237410534,38.696974001167355,-0.45705846237457876,0.3027074755778734,0.05621524308752967
S16A,16.0,1,5.0,,,,,,,39.4107986869555,-0.832833433085515,0.2676654713868283,0.15885303527152236
S16N,16.0,0,8.0,,,,,,,,,,
S17A,17.0,1,9.0,,,,,,,41.64903951784716,-1.2655218591324287,0.15101442240180962,0.40628254976660283
S17E,17.0,1,15.0,,,,,,,39.42991181516474,-0.7563931060305236,0.16106748285836414,0.08145336863686017
Y18A,18.0,1,2.0,,,,,,,37.17289419770939,-0.34646230699171565,0.2990522998390664,0.03267554051120178
Q19S,19.0,1,14.0,,,,,,,36.47097238292239,-0.5020008594899539,0.215951809548423,0.0485451314825529
Q19A,19.0,1,13.0,,,,,,,,,,
Q19C,19.0,1,3.0,,,,,,,,,,
Q19P,19.0,0,17.0,,,,,,,,,,
S32L,32.0,0,1.0,,,,,,,,,,
W34A,34.0,0,6.0,,,,,,,,,,
V52G,52.0,1,12.0,,,,,,,39.20629876313778,-1.005693595405374,0.1449119036582714,0.13787900087534538
F72A,72.0,1,7.0,,,,,,,38.6060704638279,-0.4159993062594617,0.42704695247235896,0.06547706906577755
R76A,76.0,0,18.0,,,,,,,,,,
I91E,91.0,1,10.0,,,,,,,39.19952553994355,-0.44390152640507813,0.4171552875745347,0.0727916660763311
H101R,101.0,1,12.0,,,,,,,40.021711325725754,-0.9108533111964706,0.12339173086996141,0.07492007508902239
H119N,119.0,1,21.0,,,,,,,40.307736969978535,-0.26455337899201503,0.613840080581171,0.04012498074459397
H119A,119.0,1,9.0,,,,,,,40.15804320073314,-1.0289179448345096,0.18711914601579213,0.1332851497708744
H119E,119.0,0,18.0,,,,,,,,,,
W120H,120.0,1,3.0,,,,,,,39.88839810090677,-0.5742056498885184,0.19262122243247193,0.055605724376462835
W120F,120.0,1,15.0,,,,,,,41.510525259181605,-0.46299693211170456,0.3902139324516088,0.07394339339430518
W120A,120.0,0,9.0,,,,,,,,,,
D121F,121.0,0,1.0,,,,,,,,,,
E154D,154.0,1,14.0,,,,,,,38.69911863814963,-0.6887051214538238,0.37885547177941575,0.16738444719197387
N163A,163.0,1,9.0,,,,,,,40.801927708507016,-0.3774479286756468,0.34028248829668223,0.044449586952990554
N163D,163.0,1,3.0,,,,,,,39.405197187042724,-1.2013197913604399,0.12631362825853673,0.14426069942227465
N163C,163.0,1,4.0,,,,,,,37.69861577060323,-0.3384126363612904,0.3099991199047269,0.032152822394891575
N163E,163.0,0,17.0,,,,,,,,,,
N163K,163.0,0,1.0,,,,,,,,,,
E164A,164.0,1,10.0,,,,,,,45.9944075190741,-0.37460035574468803,0.13261677656116022,0.017975520567716848
E164G,164.0,0,2.0,,,,,,,,,,
E164R,164.0,0,18.0,,,,,,,,,,
Y166P,166.0,0,18.0,,,,,,,,,,
C167A,167.0,1,11.0,,,,,,,39.73560400099889,-1.3884489927249044,0.5528907469129507,0.5923860777412844
C167Q,167.0,1,15.0,,,,,,,38.471592259922346,-0.5293625330763709,0.1921374093535136,0.04793752940760115
L171A,171.0,1,11.0,,,,,,,38.28872069726109,-0.48093823316517914,0.6749352813465147,0.13896611250948726
L171R,171.0,1,14.0,,,,,,,38.69911863814963,-0.6887051214538238,0.37885547177941575,0.16738444719197387
T175R,175.0,1,7.0,,,,,,,37.82698255145619,-0.48797256650024223,0.1253699653271558,0.026412993674667977
E177L,177.0,1,7.0,,,,,,,39.22397897949274,-0.5204157473838774,0.5075743226439045,0.12124427707553186
E177K,177.0,1,10.0,,,,,,,36.649702738758954,-0.6667595130076828,0.2782176226523748,0.10765135319999007
E177A,177.0,1,14.0,,,,,,,37.307655319281196,-0.4869275330692235,0.2687255363689409,0.0564058612448406
H178A,178.0,1,16.0,,,,,,,39.64067342900229,-0.41258032236870007,0.3982909130751069,0.05995219229828837
H178R,178.0,0,8.0,,,,,,,,,,
A192S,192.0,1,14.0,,,,,,,39.08287150205792,-0.906736998225002,0.34189061284121663,0.2737134816164057
T218A,218.0,1,2.0,,,,,,,40.045653372058474,-1.1225312245385273,0.0986530056446509,0.07671171543904277
N220R,220.0,1,8.0,14.914215048877265,0.01241947848179781,0.5286948619113753,0.0013891080510606347,1200.872892588508,42.582322054381045,39.42249578875169,-0.6794104346567245,0.3457309516558187,0.13924537323371897
N220G,220.0,1,13.0,210.35999251275928,0.033504689982498045,6.201594343979515,0.002337345954318342,6278.523771527082,185.10117253953388,41.8736090189556,-1.494784633284393,0.21939621969940595,0.6425037290321236
N220H,220.0,1,10.0,,,,,,,39.45833642103411,-0.7404527526496893,0.4829162041228388,0.2338987883828564
N220A,220.0,1,5.0,,,,,,,38.63113521171115,-0.6562627769078198,0.2478875471685771,0.09738572922186452
N220Y,220.0,1,8.0,628.5405505303448,0.0003593101316788939,4.773313643112944,1.5009577283965854e-05,1749298.1553107307,13284.663718802713,41.63037439176685,-0.3658244118907526,0.16688262753077376,0.0202008483006498
M221A,221.0,1,20.0,,,,,,,40.41733970467773,-0.6795929644220312,0.3519437034955443,0.13972339372402515
E222Y,222.0,1,20.0,,,,,,,37.041203565440355,-0.5933693846312992,0.35108460582365314,0.1153337090397858
E222K,222.0,1,20.0,,,,,,,38.527004541479656,-0.4650025475881646,0.5479895354537122,0.10582975929777995
E222R,222.0,1,20.0,,,,,,,39.08650848559308,-0.7488907992778371,0.16704378161763536,0.08816573915717908
E222H,222.0,1,2.0,,,,,,,34.70831118243879,-0.6362234720943977,0.15279465951331833,0.05388736383092906
E222Q,222.0,1,4.0,,,,,,,39.42174079735655,-0.8155946284710195,0.4247515828203715,0.24168838824766187
E222A,222.0,1,5.0,,,,,,,36.74381434637223,-0.6566272008811295,0.14262518073320846,0.053159621288843474
A236E,236.0,0,1.0,,,,,,,,,,
R240D,240.0,1,10.0,,,,,,,37.17848027211586,-0.812617205988114,0.04332970470315326,0.02252134706920985
R240K,240.0,1,3.0,,,,,,,39.31426852351122,-1.4233998631527474,0.19469686792748583,0.32781079745054154
R240A,240.0,1,13.0,,,,,,,39.876114788553956,-1.0447868520231753,0.13027941778667265,0.09476639660953051
R240E,240.0,0,3.0,,,,,,,,,,
I244E,244.0,1,1.0,,,,,,,37.793128453206606,-0.8720594631585102,0.1049927944253261,0.06790738585753842
I244N,244.0,1,20.0,,,,,,,36.7509839596641,-0.3261017180702049,0.5864735925778859,0.061551769488849044
A249E,249.0,0,1.0,,,,,,,,,,
M261D,261.0,0,12.0,,,,,,,,,,
N293C,293.0,1,8.0,11.067363618436524,0.019674355922346162,0.4122377768754233,0.0020418728731371313,562.5273661876878,20.963821695091895,38.66765354884042,-0.5369082598990833,0.46324838567986976,0.12347559102024878
N293A,293.0,1,10.0,,,,,,,40.76692385861763,-0.42881531827764047,0.23840367518677474,0.038735755241341055
N293Q,293.0,1,8.0,,,,,,,,,,
N293D,293.0,0,18.0,,,,,,,,,,
N293K,293.0,0,16.0,,,,,,,,,,
Y294A,294.0,1,15.0,,,,,,,39.999847124887026,-0.7554682865801441,0.32660895067082396,0.15207129453056073
Y294F,294.0,1,15.0,,,,,,,40.76447007470646,-1.1459733896574673,0.11807982514855257,0.13841704265551336
Y294L,294.0,0,1.0,,,,,,,,,,
Y295A,295.0,1,7.0,,,,,,,,,,
Y295G,295.0,1,3.0,,,,,,,,,,
T296A,296.0,0,13.0,,,,,,,,,,
T296E,296.0,0,16.0,,,,,,,,,,
S298E,298.0,1,3.0,,,,,,,39.56683609145814,-0.9492602658230966,0.16367807822316838,0.1151498118036144
I300N,300.0,1,7.0,,,,,,,37.65345066066392,-0.31697377898766,0.6367944945977745,0.058776093681209035
Q313R,313.0,1,15.0,,,,,,,42.11204842827762,-1.2117926742598786,0.3198353191338738,0.4283398980396442
H315E,315.0,1,13.0,,,,,,,,,,
H315N,315.0,0,15.0,,,,,,,,,,
M323A,323.0,1,11.0,,,,,,,36.85835184999811,-0.70166752106556,0.12332324857690685,0.051475842950441934
M323K,323.0,0,13.0,,,,,,,,,,
W325R,325.0,1,3.0,,,,,,,39.87380347811768,-0.7132646872026146,0.1759886839397547,0.07631802005535074
W325C,325.0,1,12.0,,,,,,,39.18184624224412,-0.8888709539211723,0.22227967855301436,0.16443020569350006
W325H,325.0,1,7.0,,,,,,,37.65536654727478,-0.3869137623082762,0.2929390426914152,0.042085780162158776
W325A,325.0,1,6.0,,,,,,,40.1882126004205,-0.36239080558004183,0.44736580120652136,0.056796419668662855
W325L,325.0,1,15.0,,,,,,,40.40913761137986,-0.6909284959325124,0.5329444676565405,0.21718174753198677
W325G,325.0,0,10.0,,,,,,,,,,
P329N,329.0,0,18.0,,,,,,,,,,
S331A,331.0,1,14.0,,,,,,,38.95965521657073,-0.45415186576097927,0.37841788689529593,0.0689546323786145
K341A,341.0,1,12.0,,,,,,,39.98458904262793,-1.7037720489411226,0.06806669008881154,0.08158675711103403
F343S,343.0,0,16.0,,,,,,,,,,
T352A,352.0,1,2.0,,,,,,,38.02705920148114,-0.7456992259545936,0.3144421116160816,0.1575468023669745
E353A,353.0,1,11.0,,,,,,,,,,
N354A,354.0,1,20.0,,,,,,,40.55780229180755,-0.3358133765307637,0.42586392269555756,0.04440537996414112
G355A,355.0,0,9.0,,,,,,,,,,
M358T,358.0,1,12.0,,,,,,,39.48913000586252,-1.4360115132803637,0.20277821765105167,0.2812916595704703
L362M,362.0,1,8.0,918.08734271618,0.005200843394967383,9.78830701892559,0.00021167777153584174,176526.62712447197,1882.0631368794575,39.84889781200445,-0.6136134333434304,0.19276385601325663,0.06274971032864074
H373R,373.0,1,14.0,,,,,,,39.08287150205792,-0.906736998225002,0.34189061284121663,0.2737134816164057
H379R,379.0,1,14.0,,,,,,,,,,
H379T,379.0,0,12.0,,,,,,,,,,
W399R,399.0,1,8.0,0.20011444077739188,0.003289339956893796,0.012749481317999517,0.0008685912612309996,60.837263219933284,3.9457288845845375,37.925516729849726,-0.2780371631764476,0.7931554479941109,0.05865589495718614
W399C,399.0,1,12.0,,,,,,,41.70016063934474,-0.997872601280577,0.07543753320016561,0.08733084172342254
W399A,399.0,1,21.0,,,,,,,,,,
W399G,399.0,1,3.0,,,,,,,,,,
W399S,399.0,1,3.0,,,,,,,,,,
S400A,400.0,1,18.0,,,,,,,39.8069994188685,-0.6006785882436743,0.3245646879550948,0.10160833531960194
D403A,403.0,0,14.0,,,,,,,,,,
N404A,404.0,1,9.0,,,,,,,42.005790004719195,-0.9658912718938236,0.10699940771448888,0.10453391917688361
N404C,404.0,1,12.0,85.42623161308941,0.014310364431371243,3.736344313541796,0.0019038496623439017,5969.535718169249,261.1112819284299,42.5779611904878,-1.2999027411474255,0.2742147695332158,0.2727403338359023
E406A,406.0,1,16.0,,,,,,,39.93431281689367,-1.5247348375915057,0.690876659872789,0.7472981639285831
E406D,406.0,1,15.0,,,,,,,40.55459954363119,-0.9261654856038906,0.1578544910206334,0.1117656720033659
W407A,407.0,1,2.0,,,,,,,,,,
W407G,407.0,0,18.0,,,,,,,,,,
W407K,407.0,0,17.0,,,,,,,,,,
W407Q,407.0,0,5.0,,,,,,,,,,
W407R,407.0,0,5.0,,,,,,,,,,
W407Y,407.0,0,1.0,,,,,,,,,,
W409Y,409.0,1,8.0,810.7516342804286,0.0025529725343725242,13.267588913266266,0.00018043722386012115,317571.6242006877,5196.922993667966,36.614921246312406,-0.39245339335867857,0.13034937813722794,0.01809355810190619
F415A,415.0,1,9.0,,,,,,,40.53555730192915,-0.45773765028840746,0.2699746375214067,0.05293811507253165
F415N,415.0,1,21.0,0.8932619112135394,0.023069387442159688,0.02830406533353855,0.0019438752795556597,38.720660158539296,1.2340102414509988,,,,
E423S,423.0,1,12.0,,,,,,,39.459239750612625,-1.449484066444015,0.10587268372872972,0.1538493825478858
BglB,,1,,,,,,,,39.85955233677741,-1.1451100664951837,0.10954149721990045,0.08894651064296423
