mutant,tm,k,err_tm,err_k,kcat,km,kcatkm,ki,err_kcat,err_km,err_kcatkm,err_ki,sequence_position
G12N,,,,,,,,,,,,,12
S14A,40.01787101252781,-1.565045745449689,0.3142022138414518,0.3448284028721341,320.4762995689738,0.008254941167472751,38822.36021641904,,11.351359574680018,0.001016071130951142,13689.548844946085,,14
T15A,38.69697400116736,-0.4570584623745788,0.3027074755778734,0.05621524308752967,614.8092472010787,0.005249787218641056,117111.26977070633,,14.70209850681629,0.000478392599766962,2800.521523741053,,15
S16A,39.4107986869555,-0.832833433085515,0.2676654713868283,0.15885303527152236,154.0444168487734,0.0140084315922529,10996.549887423855,,1.4423616654810407,0.00040123820639212566,1863.9165932953024,,16
S16N,,,,,,,,,,,,,16
S17A,41.64903951784716,-1.2655218591324289,0.15101442240180962,0.4062825497666028,848.4583381444902,0.01845413203330669,45976.604947507774,,75.63095190664797,0.003721203678594411,21048.645331256324,,17
S17E,39.42991181516474,-0.7563931060305236,0.16106748285836414,0.08145336863686017,641.1882788134933,0.007319812954805055,87596.26547459635,,9.326055555600348,0.00037967754679671037,19990.649737229287,,17
Y18A,37.17289419770939,-0.34646230699171565,0.2990522998390664,0.03267554051120178,196.5417839623176,0.03154695375270185,6230.13510283809,,9.331388992470877,0.0036141219564502507,2129.3706143235127,,18
Q19S,36.47097238292239,-0.5020008594899539,0.215951809548423,0.0485451314825529,,,5.444055159591967,,,,0.27726602133558786,,19
Q19A,,,,,,,3.2941575182696914,,,,0.2233469331004164,,19
Q19C,,,,,,,8.170924891322237,,,,0.7103153858387441,,19
Q19P,,,,,,,,,,,,,19
S32L,,,,,,,,,,,,,32
W34A,,,,,,,3.54774328049242,,,,0.6946294123245887,,34
V52G,39.20629876313778,-1.005693595405374,0.1449119036582714,0.13787900087534538,687.4950536618187,0.008246264884882172,83370.47903011205,,13.012185184024391,0.0005424892377910059,21441.66267259564,,52
F72A,38.6060704638279,-0.4159993062594617,0.42704695247235896,0.06547706906577755,613.3457891198825,0.005465391479853692,112223.57838057408,,8.381283900085052,0.0002825173242212032,25561.06881471704,,72
R76A,,,,,2.6045559166315004,0.013533997281206526,192.44542927817923,,0.15948986169084622,0.0025581293986025218,84.49314025200098,,76
I91E,39.19952553994355,-0.4439015264050781,0.4171552875745347,0.0727916660763311,846.1391492126868,0.006711607206809678,126071.0174388906,,34.98637758081775,0.0007891365527086461,43542.44718863752,,91
H101R,40.021711325725754,-0.9108533111964706,0.1233917308699614,0.07492007508902239,1059.1151519872383,0.010622165628095764,99708.02462219805,,16.189841522068708,0.0005324641077028206,22375.802353214112,,101
H119N,40.307736969978535,-0.26455337899201503,0.613840080581171,0.04012498074459397,1.896963244804332,0.0232157893255626,81.71004733901553,,0.06760519685567827,0.002196057896178254,25.29891425719274,,119
H119A,40.15804320073314,-1.0289179448345096,0.18711914601579213,0.1332851497708744,143.234606213271,0.01510416785949774,9483.118007272597,,10.61935457676447,0.0033579422197951587,4526.295244892931,,119
H119E,,,,,,,2.6994586457218688,,,,0.07709579053376478,,119
W120H,39.88839810090677,-0.5742056498885184,0.19262122243247196,0.055605724376462835,84.07526357320349,0.0891765922427557,942.7952050952404,,2.4042473568060783,0.004308876342866562,208.98650342354492,,120
W120F,41.51052525918161,-0.4629969321117046,0.3902139324516088,0.07394339339430518,471.7722572768917,0.016082821815023858,29333.923033095038,,20.563806344507395,0.0020666429526696637,10592.754255238138,,120
W120A,,,,,66.00720165565535,0.06668234905336007,989.8751707567401,,1.8801021954642727,0.003546935332551152,230.0321989798061,,120
D121F,,,,,,,,,,,,,121
E154D,38.699118638149635,-0.6887051214538238,0.37885547177941575,0.16738444719197387,878.0774555554582,0.003456938344715525,254004.37265470412,,46.700318362710426,0.0007561084551278037,119557.73266945766,,154
N163A,40.801927708507016,-0.3774479286756468,0.34028248829668223,0.04444958695299056,6.662353933052907,0.011945390640668836,557.7342870956855,,0.1589238541822336,0.0009079440961361114,154.33921347658116,,163
N163D,39.40519718704272,-1.20131979136044,0.12631362825853673,0.14426069942227465,11.983121142782133,0.015192958446343309,788.728619584046,,0.3726797971126708,0.0014146234676115088,241.91954152917702,,163
N163C,37.698615770603226,-0.3384126363612904,0.3099991199047269,0.032152822394891575,25.840534365407013,0.0054222421709549,4765.6547883135745,,0.4026695159649874,0.0003201152396726508,1160.3195559454516,,163
N163E,,,,,,,,,,,,,163
N163K,,,,,,,,,,,,,163
E164A,45.99440751907411,-0.374600355744688,0.13261677656116022,0.017975520567716848,0.19130506320257773,0.0010051626162809245,190.32250115946565,,0.006911149315807098,0.00016968748408285826,78.4999140239018,,164
E164G,,,,,,,,,,,,,164
E164R,,,,,,,,,,,,,164
Y166P,,,,,39.6323181663017,0.005404534302782715,,0.09495142480138724,1.4605571947695235,0.00040991382975940455,,,166
C167A,39.73560400099889,-1.3884489927249044,0.5528907469129507,0.5923860777412844,478.9431807017791,0.014564738407849375,32883.747533952424,,14.377549297961426,0.0012670436998859778,9749.078992784262,,167
C167Q,38.47159225992234,-0.5293625330763709,0.1921374093535136,0.04793752940760115,503.6722109182193,0.004917972752594814,102414.59972556222,,5.540024341583247,0.0001917603386365017,20254.472150070782,,167
L171A,38.2887206972611,-0.4809382331651792,0.6749352813465147,0.13896611250948726,806.7871153365859,0.011094554003304172,72719.20215056045,,9.314389191014211,0.00041563792758551546,14100.125199919969,,171
L171R,38.699118638149635,-0.6887051214538238,0.37885547177941575,0.16738444719197387,403.472130733205,0.003358172449708557,120146.3405395458,,6.717011884409641,0.00023108103208099908,31580.140683732105,,171
T175R,37.82698255145619,-0.4879725665002422,0.1253699653271558,0.026412993674667973,801.2638693012033,0.003592582775988851,223032.8204701302,,8.253359460635446,0.00015118516195317022,45810.68155231146,,175
E177L,39.22397897949274,-0.5204157473838774,0.5075743226439045,0.12124427707553186,669.545892583781,0.007482776807758365,89478.26586108726,,10.055073336108572,0.0003640070513529677,19780.873888096092,,177
E177K,36.64970273875896,-0.6667595130076828,0.2782176226523748,0.10765135319999007,554.9386457041669,0.006192871188536764,89609.26665669699,,7.2770638036392175,0.0002997374013792518,19749.10810341008,,177
E177A,37.3076553192812,-0.4869275330692235,0.2687255363689409,0.0564058612448406,986.18402176901,0.005983979961409867,164804.0314521137,,9.964425481186893,0.0002246929891197897,31978.428812860166,,177
H178A,39.64067342900229,-0.4125803223687001,0.3982909130751069,0.059952192298288375,112.76166238146291,0.007672453634735664,14696.94933977243,,3.328977558115087,0.0007295627218135956,4552.737814295545,,178
H178R,,,,,,,,,,,,,178
A192S,39.08287150205792,-0.9067369982250021,0.34189061284121663,0.2737134816164057,945.8448477700764,0.005089358196796176,185847.56882812837,,9.727656244916892,0.00018424669969292428,35412.6766642846,,192
T218A,40.045653372058474,-1.1225312245385273,0.0986530056446509,0.07671171543904277,464.3623293873703,0.006514794142206251,71278.12778902525,,18.47440491172896,0.0009400693565106736,27224.17994290896,,218
N220R,39.42249578875169,-0.6794104346567245,0.3457309516558187,0.13924537323371894,14.914215048877265,0.01241947848179781,1200.872892588508,,0.5286948619113753,0.0013891080510606347,42.582322054381045,,220
N220G,41.873609018955605,-1.494784633284393,0.21939621969940595,0.6425037290321236,210.35999251275928,0.033504689982498045,6278.523771527082,,6.201594343979515,0.002337345954318342,185.10117253953388,,220
N220H,39.458336421034105,-0.7404527526496893,0.4829162041228388,0.2338987883828564,122.61188704253594,0.005135710240181429,23874.377896795908,,1.3381373594172317,0.00021457060467188133,4886.9183437550455,,220
N220A,38.63113521171115,-0.6562627769078198,0.2478875471685771,0.09738572922186453,404.92468644058937,0.010270657940606286,39425.38917975943,,8.164591947870653,0.0006845892173405438,10209.684771993598,,220
N220Y,41.63037439176685,-0.3658244118907526,0.16688262753077374,0.0202008483006498,628.5405505303447,0.0003593101316788939,1749298.155310731,,4.773313643112943,1.5009577283965854e-05,13284.663718802713,,220
M221A,40.41733970467772,-0.6795929644220312,0.3519437034955443,0.13972339372402515,547.0900004455265,0.006248589359044107,87554.16126900342,,15.463778821164391,0.000595334168133466,27138.10538770794,,221
E222Y,37.04120356544036,-0.5933693846312992,0.35108460582365314,0.1153337090397858,11.726903832283552,0.01843175086348253,636.2338509857575,,0.7720000051316475,0.0031411181265547797,265.96755935178766,,222
E222K,38.527004541479656,-0.4650025475881646,0.5479895354537122,0.10582975929777996,107.9984342166271,0.0072217894487280315,14954.525465381543,,3.1464521294875936,0.0007524512598227242,4846.757004516021,,222
E222R,39.08650848559308,-0.7488907992778371,0.16704378161763536,0.08816573915717907,59.914431676781795,0.004865214649168873,,0.1129835823262379,3.5138893134583964,0.0006123386921571763,,,222
E222H,34.70831118243879,-0.6362234720943977,0.15279465951331833,0.05388736383092906,159.7132314975487,0.008542931021820797,18695.367092348148,,3.14034430876486,0.0005278404697905743,4661.614763298647,,222
E222Q,39.42174079735655,-0.8155946284710195,0.4247515828203715,0.2416883882476619,667.6345070487612,0.012155743202256805,54923.38032649538,,11.270129791426351,0.0006509772419873923,12743.883355237143,,222
E222A,36.743814346372226,-0.6566272008811295,0.14262518073320846,0.053159621288843474,123.47037621759668,0.0012902172262848988,,0.09524077003739152,4.929977360041377,0.00014679851071673565,,,222
A236E,,,,,,,,,,,,,236
R240D,37.17848027211586,-0.812617205988114,0.04332970470315326,0.02252134706920985,282.2701862098092,0.01081800550680606,26092.62733617774,,3.78947983151325,0.0004741675281458185,5473.954438863471,,240
R240K,39.31426852351122,-1.4233998631527474,0.19469686792748586,0.32781079745054154,898.3144799716065,0.01767321082845405,50829.161078376936,,58.70174510012041,0.003317092382100292,22269.936657154518,,240
R240A,39.87611478855396,-1.0447868520231751,0.13027941778667265,0.09476639660953053,11010.59108377517,0.019461498281160675,565762.7652663187,,258.3894830934536,0.0011652748829061575,139074.8278066421,,240
R240E,,,,,,,,,,,,,240
I244E,37.79312845320661,-0.8720594631585102,0.1049927944253261,0.06790738585753843,496.64071217785187,0.0059739630719594,83134.21194533075,,23.22044206810324,0.0010383647724769686,34876.867311114846,,244
I244N,36.750983959664104,-0.3261017180702049,0.5864735925778859,0.06155176948884904,271.4388373123219,0.0021512708564626914,126176.03984960106,,3.686290922546717,0.00012965961588894668,31023.812955103785,,244
A249E,,,,,,,,,,,,,249
M261D,,,,,,,,,,,,,261
N293C,38.66765354884042,-0.5369082598990833,0.4632483856798698,0.12347559102024877,11.067363618436522,0.01967435592234616,562.5273661876878,,0.4122377768754233,0.0020418728731371317,20.96382169509189,,293
N293A,40.76692385861764,-0.4288153182776405,0.23840367518677474,0.038735755241341055,12.703795520693605,0.009673859781629084,1313.2085648810464,,0.18942067576920932,0.00044013943396843615,280.79376311055046,,293
N293Q,,,,,,,,,,,,,293
N293D,,,,,,,,,,,,,293
N293K,,,,,,,,,,,,,293
Y294A,39.99984712488703,-0.7554682865801441,0.326608950670824,0.15207129453056073,165.5505122610136,0.00497745371937736,33260.08067468735,,1.5982605083750294,0.00016992773385951518,6153.80654974334,,294
Y294F,40.76447007470646,-1.145973389657467,0.11807982514855254,0.13841704265551336,734.8905648340652,0.0059868485213163646,122750.81993764569,,10.708842991745557,0.00032417417715118217,28619.65323905201,,294
Y294L,,,,,,,,,,,,,294
Y295A,,,,,0.2478884347584072,0.012952109710273744,19.13884612649471,,0.030375799896966926,0.004954974994593925,12.067749516975613,,295
Y295G,,,,,,,0.9040685369832968,,,,0.9138925273870988,,295
T296A,,,,,109.41503831082035,0.0110477827834322,9903.800649928104,,2.3466373919876307,0.0007696605028429638,2622.665763355843,,296
T296E,,,,,,,,,,,,,296
S298E,39.56683609145814,-0.9492602658230966,0.16367807822316838,0.1151498118036144,809.1674665051354,0.005279568085613579,153263.9514035353,,1.8648209085171223,4.6335050370595786e-05,14362.399884644099,,298
I300N,37.65345066066392,-0.31697377898765994,0.6367944945977745,0.058776093681209035,693.3751829821588,0.004481113743855639,154732.77908486323,,12.737790631755136,0.00032328259238136134,41657.57036767118,,300
Q313R,42.11204842827762,-1.2117926742598786,0.3198353191338738,0.4283398980396442,689.2522567363221,0.003582883386899304,192373.62266842136,,23.931806831891922,0.000508465965033799,72777.48004809425,,313
H315E,,,,,,,,,,,,,315
H315N,,,,,47.69790419358442,0.004970968131856406,9595.294704850914,,0.4326350757889514,0.00017368072774333755,1795.661029889989,,315
M323A,36.85835184999811,-0.7016675210655602,0.12332324857690685,0.051475842950441934,415.57287917943427,0.009343627441421807,44476.61058671204,,10.580919464511949,0.0008039799849177455,13095.629813118565,,323
M323K,,,,,1.1993592452135478,0.01705891776619159,70.30687770771203,,0.162957990520709,0.008331820718945773,50.05510358219226,,323
W325R,39.87380347811768,-0.7132646872026146,0.1759886839397547,0.07631802005535074,,,,,,,,,325
W325C,39.18184624224411,-0.8888709539211723,0.2222796785530144,0.16443020569350006,14.615342610144445,0.00788753170235602,,0.15919510323507205,0.9511432437920178,0.0010205778575844268,,,325
W325H,37.65536654727478,-0.3869137623082762,0.2929390426914152,0.042085780162158776,49.337063361705205,0.006148988821230747,,0.14344801128521345,2.634829213606315,0.0006882177461117456,,,325
W325A,40.1882126004205,-0.3623908055800418,0.44736580120652136,0.05679641966866285,37.929009626535276,0.002843344766738063,,0.17102041207400245,1.04914965907208,0.0002002045235086026,,,325
W325L,40.409137611379855,-0.6909284959325124,0.5329444676565405,0.2171817475319868,108.50530159537786,0.005738376962019703,18908.70925934916,,1.842954119742396,0.00035031829741451583,4682.981945154583,,325
W325G,,,,,,,,,,,,,325
P329N,,,,,,,,,,,,,329
S331A,38.959655216570724,-0.4541518657609793,0.3784178868952959,0.0689546323786145,816.8023992358341,0.0043376391468273375,188305.7514900161,,5.380765622017544,0.00011288828223046775,30403.46578488957,,331
K341A,39.98458904262793,-1.7037720489411226,0.06806669008881154,0.08158675711103403,1045.8940844541507,0.005456217438363495,191688.4904733287,,16.785861242532025,0.00033136476801808046,47339.36229240018,,341
F343S,,,,,,,,,,,,,343
T352A,38.027059201481144,-0.7456992259545936,0.3144421116160816,0.1575468023669745,59.51449530377123,0.014257930416293575,4174.132820550148,,2.4059185138257853,0.0017550271903718849,1474.1577629290148,,352
E353A,,,,,,,1.963564771741812,,,,0.11981356882522247,,353
N354A,40.55780229180755,-0.3358133765307637,0.4258639226955576,0.044405379964141116,2.9467675730966163,0.005384971632144969,547.2206307469154,,0.10487557055622004,0.0006667604908695295,193.53779365920727,,354
G355A,,,,,1.0428066225188666,0.00584311584103145,178.4675592422939,,0.08340623961644418,0.0015555937850207108,93.1839870230944,,355
M358T,39.48913000586252,-1.4360115132803637,0.20277821765105167,0.2812916595704703,436.1495945850293,0.004833186970908727,90240.57981001824,,11.14730534268121,0.00047836629338364104,28483.5306392105,,358
L362M,39.84889781200445,-0.6136134333434304,0.19276385601325666,0.06274971032864074,918.0873427161802,0.005200843394967383,176526.62712447194,,9.78830701892559,0.0002116777715358417,1882.0631368794575,,362
H373R,39.08287150205792,-0.9067369982250021,0.34189061284121663,0.2737134816164057,707.3554861934477,0.0063061503609151606,112169.14372634703,,9.121570868751961,0.00029905300707599005,24469.51921464477,,373
H379R,,,,,2.373839687258516,0.0062401135084346705,380.4161068624524,,0.08664456777999284,0.0008397674258794457,140.24301613966094,,379
H379T,,,,,,,,,,,,,379
W399R,37.925516729849726,-0.2780371631764476,0.7931554479941109,0.058655894957186136,0.20011444077739188,0.003289339956893796,60.837263219933284,,0.012749481317999516,0.0008685912612309997,3.9457288845845375,,399
W399C,41.70016063934474,-0.9978726012805771,0.07543753320016561,0.08733084172342254,2.7146267001933198,0.0703317799445573,38.597440621199496,,0.12609471779523826,0.005886165843048952,11.30905162955977,,399
W399A,,,,,0.2351717079171477,0.01665010884881589,14.124334564567876,,0.012213761703303442,0.002525287859872807,5.549358226213757,,399
W399G,,,,,,,1.2436890596356698,,,,0.17328164742214594,,399
W399S,,,,,,,1.7062054982955224,,,,0.2569350572901455,,399
S400A,39.8069994188685,-0.6006785882436743,0.3245646879550948,0.10160833531960194,530.6812880516277,0.0032202315065173732,164796.00518707756,,8.900117036906114,0.00022481546455789482,43630.41329246496,,400
D403A,,,,,,,9.84356249393998,,,,0.958272104348813,,403
N404A,42.0057900047192,-0.9658912718938236,0.10699940771448888,0.1045339191768836,49.51857530665882,0.011091681131252655,4464.4788035901975,,0.9711297561760596,0.0006419956859115159,1077.6463562334275,,404
N404C,42.5779611904878,-1.2999027411474255,0.2742147695332158,0.2727403338359023,85.42623161308941,0.014310364431371243,5969.535718169249,,3.7363443135417964,0.0019038496623439015,261.1112819284299,,404
E406A,39.93431281689367,-1.5247348375915055,0.6908766598727889,0.7472981639285831,,,4.638230651284197,,,,0.2980629683343817,,406
E406D,40.554599543631184,-0.9261654856038906,0.1578544910206334,0.1117656720033659,39.10268644247718,0.03412862885659741,1145.7444307762814,,1.254064038241088,0.0025744425585638147,316.818681326157,,406
W407A,,,,,11.413115576927009,0.007607705270713224,1500.2047491065632,,0.4890157025077124,0.0011529795486012193,587.5557824818399,,407
W407G,,,,,,,0.9040068909178895,,,,0.08615817051847499,,407
W407K,,,,,,,,,,,,,407
W407Q,,,,,,,5.965141916460563,,,,1.2194272377144226,,407
W407R,,,,,,,3.9919069482308,,,,0.4142909887800091,,407
W407Y,,,,,,,,,,,,,407
W409Y,36.614921246312406,-0.39245339335867857,0.13034937813722794,0.01809355810190619,810.7516342804287,0.002552972534372524,317571.6242006877,,13.267588913266266,0.00018043722386012118,5196.922993667966,,409
F415A,40.53555730192915,-0.4577376502884074,0.2699746375214067,0.05293811507253165,1.3225217276387264,0.016630847138288506,79.52221054295784,,0.10878414521097418,0.003996232372592452,39.526319974373386,,415
F415N,,,,,0.8932619112135394,0.023069387442159688,38.720660158539296,,0.02830406533353855,0.0019438752795556602,1.2340102414509988,,415
E423S,39.45923975061263,-1.449484066444015,0.10587268372872972,0.1538493825478858,645.6374005801023,0.006603147308747445,97777.22204149546,,12.211196033075321,0.00041593559693307993,24609.62039617797,,423
BglB,39.859552336777405,-1.1451100664951837,0.10954149721990043,0.08894651064296423,,,,,,,,,gl
